[INFO] Scanning for projects...
[INFO] 
[INFO] -------------------< com.microservices:auth-service >-------------------
[INFO] Building auth-service 0.0.1-SNAPSHOT
[INFO]   from pom.xml
[INFO] --------------------------------[ jar ]---------------------------------
[INFO] 
[INFO] >>> spring-boot:3.5.13:run (default-cli) > test-compile @ auth-service >>>
[INFO] 
[INFO] --- resources:3.3.1:resources (default-resources) @ auth-service ---
[INFO] Copying 1 resource from src\main\resources to target\classes
[INFO] Copying 0 resource from src\main\resources to target\classes
[INFO] 
[INFO] --- compiler:3.14.1:compile (default-compile) @ auth-service ---
[INFO] Nothing to compile - all classes are up to date.
[INFO] 
[INFO] --- resources:3.3.1:testResources (default-testResources) @ auth-service ---
[INFO] skip non existing resourceDirectory C:\Users\mouha\projet_microservice\auth-service\src\test\resources
[INFO] 
[INFO] --- compiler:3.14.1:testCompile (default-testCompile) @ auth-service ---
[INFO] Nothing to compile - all classes are up to date.
[INFO] 
[INFO] <<< spring-boot:3.5.13:run (default-cli) < test-compile @ auth-service <<<
[INFO] 
[INFO] 
[INFO] --- spring-boot:3.5.13:run (default-cli) @ auth-service ---
[INFO] Attaching agents: []

  .   ____          _            __ _ _
 /\\ / ___'_ __ _ _(_)_ __  __ _ \ \ \ \
( ( )\___ | '_ | '_| | '_ \/ _` | \ \ \ \
 \\/  ___)| |_)| | | | | || (_| |  ) ) ) )
  '  |____| .__|_| |_|_| |_\__, | / / / /
 =========|_|==============|___/=/_/_/_/

 :: Spring Boot ::               (v3.5.13)

2026-04-30T15:19:31.709+01:00  INFO 2932 --- [auth-service] [           main] c.m.auth_service.AuthServiceApplication  : Starting AuthServiceApplication using Java 23.0.2 with PID 2932 (C:\Users\mouha\projet_microservice\auth-service\target\classes started by mouha in C:\Users\mouha\projet_microservice\auth-service)
2026-04-30T15:19:31.712+01:00 DEBUG 2932 --- [auth-service] [           main] c.m.auth_service.AuthServiceApplication  : Running with Spring Boot v3.5.13, Spring v6.2.17
2026-04-30T15:19:31.713+01:00  INFO 2932 --- [auth-service] [           main] c.m.auth_service.AuthServiceApplication  : No active profile set, falling back to 1 default profile: "default"
2026-04-30T15:19:31.714+01:00 DEBUG 2932 --- [auth-service] [           main] o.s.boot.SpringApplication               : Loading source class com.microservices.auth_service.AuthServiceApplication
2026-04-30T15:19:31.804+01:00  INFO 2932 --- [auth-service] [           main] o.s.c.c.c.ConfigServerConfigDataLoader   : Fetching config from server at : http://localhost:8888
2026-04-30T15:19:31.805+01:00  INFO 2932 --- [auth-service] [           main] o.s.c.c.c.ConfigServerConfigDataLoader   : Located environment: name=auth-service, profiles=[default], label=null, version=3d4c59ac665295bf9462d6c1b52b409e36603013, state=
2026-04-30T15:19:31.807+01:00 DEBUG 2932 --- [auth-service] [           main] ConfigServletWebServerApplicationContext : Refreshing org.springframework.boot.web.servlet.context.AnnotationConfigServletWebServerApplicationContext@476ec9d0
2026-04-30T15:19:32.892+01:00  INFO 2932 --- [auth-service] [           main] .s.d.r.c.RepositoryConfigurationDelegate : Bootstrapping Spring Data MongoDB repositories in DEFAULT mode.
2026-04-30T15:19:32.907+01:00 DEBUG 2932 --- [auth-service] [           main] o.s.b.a.AutoConfigurationPackages        : @EnableAutoConfiguration was declared on a class in the package 'com.microservices.auth_service'. Automatic @Repository and @Entity scanning is enabled.
2026-04-30T15:19:33.024+01:00  INFO 2932 --- [auth-service] [           main] .s.d.r.c.RepositoryConfigurationDelegate : Finished Spring Data repository scanning in 125 ms. Found 1 MongoDB repository interface.
2026-04-30T15:19:33.277+01:00  INFO 2932 --- [auth-service] [           main] o.s.cloud.context.scope.GenericScope     : BeanFactory id=e34b0486-a7d1-3e93-9ade-6b819914114f
2026-04-30T15:19:33.603+01:00 DEBUG 2932 --- [auth-service] [           main] .s.b.w.e.t.TomcatServletWebServerFactory : Code archive: C:\Users\mouha\.m2\repository\org\springframework\boot\spring-boot\3.5.13\spring-boot-3.5.13.jar
2026-04-30T15:19:33.606+01:00 DEBUG 2932 --- [auth-service] [           main] .s.b.w.e.t.TomcatServletWebServerFactory : Code archive: C:\Users\mouha\.m2\repository\org\springframework\boot\spring-boot\3.5.13\spring-boot-3.5.13.jar
2026-04-30T15:19:33.606+01:00 DEBUG 2932 --- [auth-service] [           main] .s.b.w.e.t.TomcatServletWebServerFactory : None of the document roots [src/main/webapp, public, static] point to a directory and will be ignored.
2026-04-30T15:19:33.626+01:00  INFO 2932 --- [auth-service] [           main] o.s.b.w.embedded.tomcat.TomcatWebServer  : Tomcat initialized with port 8085 (http)
2026-04-30T15:19:33.638+01:00  INFO 2932 --- [auth-service] [           main] o.apache.catalina.core.StandardService   : Starting service [Tomcat]
2026-04-30T15:19:33.639+01:00  INFO 2932 --- [auth-service] [           main] o.apache.catalina.core.StandardEngine    : Starting Servlet engine: [Apache Tomcat/10.1.53]
2026-04-30T15:19:33.693+01:00  INFO 2932 --- [auth-service] [           main] o.a.c.c.C.[Tomcat].[localhost].[/]       : Initializing Spring embedded WebApplicationContext
2026-04-30T15:19:33.693+01:00 DEBUG 2932 --- [auth-service] [           main] w.s.c.ServletWebServerApplicationContext : Published root WebApplicationContext as ServletContext attribute with name [org.springframework.web.context.WebApplicationContext.ROOT]
2026-04-30T15:19:33.693+01:00  INFO 2932 --- [auth-service] [           main] w.s.c.ServletWebServerApplicationContext : Root WebApplicationContext: initialization completed in 1886 ms
2026-04-30T15:19:34.283+01:00  INFO 2932 --- [auth-service] [           main] org.mongodb.driver.client                : MongoClient with metadata {"application": {"name": "Cluster0"}, "driver": {"name": "mongo-java-driver|sync|spring-boot", "version": "5.5.2"}, "os": {"type": "Windows", "name": "Windows 11", "architecture": "amd64", "version": "10.0"}, "platform": "Java/Oracle Corporation/23.0.2+7-58"} created with settings MongoClientSettings{readPreference=primary, writeConcern=WriteConcern{w=null, wTimeout=null ms, journal=null}, retryWrites=true, retryReads=true, readConcern=ReadConcern{level=null}, credential=MongoCredential{mechanism=null, userName='mouhanedmliki66_db_user', source='admin', password=<hidden>, mechanismProperties=<hidden>}, transportSettings=null, commandListeners=[io.micrometer.core.instrument.binder.mongodb.MongoMetricsCommandListener@504c415c], codecRegistry=ProvidersCodecRegistry{codecProviders=[ValueCodecProvider{}, BsonValueCodecProvider{}, DBRefCodecProvider{}, DBObjectCodecProvider{}, DocumentCodecProvider{}, CollectionCodecProvider{}, IterableCodecProvider{}, MapCodecProvider{}, GeoJsonCodecProvider{}, GridFSFileCodecProvider{}, Jsr310CodecProvider{}, JsonObjectCodecProvider{}, BsonCodecProvider{}, EnumCodecProvider{}, com.mongodb.client.model.mql.ExpressionCodecProvider@6c9e74f3, com.mongodb.Jep395RecordCodecProvider@813ab53, com.mongodb.KotlinCodecProvider@5030997b]}, loggerSettings=LoggerSettings{maxDocumentLength=1000}, clusterSettings={hosts=[127.0.0.1:27017], srvHost=cluster0.s3inqkc.mongodb.net, srvServiceName=mongodb, mode=MULTIPLE, requiredClusterType=REPLICA_SET, requiredReplicaSetName='atlas-xur18c-shard-0', serverSelector='null', clusterListeners='[]', serverSelectionTimeout='30000 ms', localThreshold='15 ms'}, socketSettings=SocketSettings{connectTimeoutMS=10000, readTimeoutMS=0, receiveBufferSize=0, proxySettings=ProxySettings{host=null, port=null, username=null, password=null}}, heartbeatSocketSettings=SocketSettings{connectTimeoutMS=10000, readTimeoutMS=10000, receiveBufferSize=0, proxySettings=ProxySettings{host=null, port=null, username=null, password=null}}, connectionPoolSettings=ConnectionPoolSettings{maxSize=100, minSize=0, maxWaitTimeMS=120000, maxConnectionLifeTimeMS=0, maxConnectionIdleTimeMS=0, maintenanceInitialDelayMS=0, maintenanceFrequencyMS=60000, connectionPoolListeners=[io.micrometer.core.instrument.binder.mongodb.MongoMetricsConnectionPoolListener@62c47480], maxConnecting=2}, serverSettings=ServerSettings{heartbeatFrequencyMS=10000, minHeartbeatFrequencyMS=500, serverMonitoringMode=AUTO, serverListeners='[]', serverMonitorListeners='[]'}, sslSettings=SslSettings{enabled=true, invalidHostNameAllowed=false, context=null}, applicationName='Cluster0', compressorList=[], uuidRepresentation=JAVA_LEGACY, serverApi=null, autoEncryptionSettings=null, dnsClient=null, inetAddressResolver=null, contextProvider=null, timeoutMS=null}
2026-04-30T15:19:34.421+01:00  INFO 2932 --- [auth-service] [qkc.mongodb.net] org.mongodb.driver.cluster               : Adding discovered server ac-vaaajuo-shard-00-01.s3inqkc.mongodb.net:27017 to client view of cluster
2026-04-30T15:19:34.456+01:00  INFO 2932 --- [auth-service] [qkc.mongodb.net] org.mongodb.driver.cluster               : Adding discovered server ac-vaaajuo-shard-00-02.s3inqkc.mongodb.net:27017 to client view of cluster
2026-04-30T15:19:34.458+01:00  INFO 2932 --- [auth-service] [qkc.mongodb.net] org.mongodb.driver.cluster               : Adding discovered server ac-vaaajuo-shard-00-00.s3inqkc.mongodb.net:27017 to client view of cluster
2026-04-30T15:19:34.617+01:00  INFO 2932 --- [auth-service] [           main] org.mongodb.driver.cluster               : Waiting for server to become available for operation with ID 5. Remaining time: 29990 ms. Selector: WritableServerSelector, topology description: {type=REPLICA_SET, servers=[{address=ac-vaaajuo-shard-00-00.s3inqkc.mongodb.net:27017, type=UNKNOWN, state=CONNECTING}, {address=ac-vaaajuo-shard-00-01.s3inqkc.mongodb.net:27017, type=UNKNOWN, state=CONNECTING}, {address=ac-vaaajuo-shard-00-02.s3inqkc.mongodb.net:27017, type=UNKNOWN, state=CONNECTING}].
2026-04-30T15:19:35.343+01:00  INFO 2932 --- [auth-service] [ngodb.net:27017] org.mongodb.driver.cluster               : Monitor thread successfully connected to server with description ServerDescription{address=ac-vaaajuo-shard-00-02.s3inqkc.mongodb.net:27017, type=REPLICA_SET_SECONDARY, cryptd=false, state=CONNECTED, ok=true, minWireVersion=0, maxWireVersion=25, maxDocumentSize=16777216, logicalSessionTimeoutMinutes=30, roundTripTimeNanos=403991200, minRoundTripTimeNanos=0, setName='atlas-xur18c-shard-0', canonicalAddress=ac-vaaajuo-shard-00-02.s3inqkc.mongodb.net:27017, hosts=[ac-vaaajuo-shard-00-00.s3inqkc.mongodb.net:27017, ac-vaaajuo-shard-00-01.s3inqkc.mongodb.net:27017, ac-vaaajuo-shard-00-02.s3inqkc.mongodb.net:27017], passives=[], arbiters=[], primary='ac-vaaajuo-shard-00-01.s3inqkc.mongodb.net:27017', tagSet=TagSet{[Tag{name='availabilityZone', value='euw3-az3'}, Tag{name='cacheState', value='READY'}, Tag{name='diskState', value='READY'}, Tag{name='nodeType', value='ELECTABLE'}, Tag{name='provider', value='AWS'}, Tag{name='region', value='EU_WEST_3'}, Tag{name='workloadType', value='OPERATIONAL'}]}, electionId=null, setVersion=8, topologyVersion=TopologyVersion{processId=69eb786a1ec8a006d28c0a59, counter=3}, lastWriteDate=Thu Apr 30 15:19:34 CET 2026, lastUpdateTimeNanos=4462673178900}
2026-04-30T15:19:35.343+01:00  INFO 2932 --- [auth-service] [ngodb.net:27017] org.mongodb.driver.cluster               : Monitor thread successfully connected to server with description ServerDescription{address=ac-vaaajuo-shard-00-01.s3inqkc.mongodb.net:27017, type=REPLICA_SET_PRIMARY, cryptd=false, state=CONNECTED, ok=true, minWireVersion=0, maxWireVersion=25, maxDocumentSize=16777216, logicalSessionTimeoutMinutes=30, roundTripTimeNanos=403990400, minRoundTripTimeNanos=0, setName='atlas-xur18c-shard-0', canonicalAddress=ac-vaaajuo-shard-00-01.s3inqkc.mongodb.net:27017, hosts=[ac-vaaajuo-shard-00-00.s3inqkc.mongodb.net:27017, ac-vaaajuo-shard-00-01.s3inqkc.mongodb.net:27017, ac-vaaajuo-shard-00-02.s3inqkc.mongodb.net:27017], passives=[], arbiters=[], primary='ac-vaaajuo-shard-00-01.s3inqkc.mongodb.net:27017', tagSet=TagSet{[Tag{name='availabilityZone', value='euw3-az2'}, Tag{name='cacheState', value='READY'}, Tag{name='diskState', value='READY'}, Tag{name='nodeType', value='ELECTABLE'}, Tag{name='provider', value='AWS'}, Tag{name='region', value='EU_WEST_3'}, Tag{name='workloadType', value='OPERATIONAL'}]}, electionId=7fffffff0000000000000035, setVersion=8, topologyVersion=TopologyVersion{processId=69eb783a86006a5673fdc1e7, counter=6}, lastWriteDate=Thu Apr 30 15:19:34 CET 2026, lastUpdateTimeNanos=4462673178800}
2026-04-30T15:19:35.343+01:00  INFO 2932 --- [auth-service] [ngodb.net:27017] org.mongodb.driver.cluster               : Monitor thread successfully connected to server with description ServerDescription{address=ac-vaaajuo-shard-00-00.s3inqkc.mongodb.net:27017, type=REPLICA_SET_SECONDARY, cryptd=false, state=CONNECTED, ok=true, minWireVersion=0, maxWireVersion=25, maxDocumentSize=16777216, logicalSessionTimeoutMinutes=30, roundTripTimeNanos=403991300, minRoundTripTimeNanos=0, setName='atlas-xur18c-shard-0', canonicalAddress=ac-vaaajuo-shard-00-00.s3inqkc.mongodb.net:27017, hosts=[ac-vaaajuo-shard-00-00.s3inqkc.mongodb.net:27017, ac-vaaajuo-shard-00-01.s3inqkc.mongodb.net:27017, ac-vaaajuo-shard-00-02.s3inqkc.mongodb.net:27017], passives=[], arbiters=[], primary='ac-vaaajuo-shard-00-01.s3inqkc.mongodb.net:27017', tagSet=TagSet{[Tag{name='availabilityZone', value='euw3-az1'}, Tag{name='cacheState', value='READY'}, Tag{name='diskState', value='READY'}, Tag{name='nodeType', value='ELECTABLE'}, Tag{name='provider', value='AWS'}, Tag{name='region', value='EU_WEST_3'}, Tag{name='workloadType', value='OPERATIONAL'}]}, electionId=null, setVersion=8, topologyVersion=TopologyVersion{processId=69eb780a773edd001bc2ec07, counter=4}, lastWriteDate=Thu Apr 30 15:19:34 CET 2026, lastUpdateTimeNanos=4462673178800}
2026-04-30T15:19:35.346+01:00  INFO 2932 --- [auth-service] [ngodb.net:27017] org.mongodb.driver.cluster               : Discovered replica set primary ac-vaaajuo-shard-00-01.s3inqkc.mongodb.net:27017 with max election id 7fffffff0000000000000035 and max set version 8
2026-04-30T15:19:36.222+01:00 DEBUG 2932 --- [auth-service] [           main] o.s.b.w.s.ServletContextInitializerBeans : Mapping filters: webMvcObservationFilter urls=[/*] order=-2147483647, springSecurityFilterChain urls=[/*] order=-100, characterEncodingFilter urls=[/*] order=-2147483648, formContentFilter urls=[/*] order=-9900, requestContextFilter urls=[/*] order=-105, jwtAuthenticationFilter urls=[/*] order=2147483647
2026-04-30T15:19:36.224+01:00 DEBUG 2932 --- [auth-service] [           main] o.s.b.w.s.ServletContextInitializerBeans : Mapping servlets: dispatcherServlet urls=[/]
2026-04-30T15:19:36.238+01:00 DEBUG 2932 --- [auth-service] [           main] o.s.b.w.s.f.OrderedRequestContextFilter  : Filter 'requestContextFilter' configured for use
2026-04-30T15:19:36.244+01:00 DEBUG 2932 --- [auth-service] [           main] c.m.a.security.JwtAuthenticationFilter   : Filter 'jwtAuthenticationFilter' configured for use
2026-04-30T15:19:36.244+01:00 DEBUG 2932 --- [auth-service] [           main] o.s.w.f.ServerHttpObservationFilter      : Filter 'webMvcObservationFilter' configured for use
2026-04-30T15:19:36.244+01:00 DEBUG 2932 --- [auth-service] [           main] s.b.w.s.f.OrderedCharacterEncodingFilter : Filter 'characterEncodingFilter' configured for use
2026-04-30T15:19:36.244+01:00 DEBUG 2932 --- [auth-service] [           main] .DelegatingFilterProxyRegistrationBean$1 : Filter 'springSecurityFilterChain' configured for use
2026-04-30T15:19:36.244+01:00 DEBUG 2932 --- [auth-service] [           main] o.s.b.w.s.f.OrderedFormContentFilter     : Filter 'formContentFilter' configured for use
2026-04-30T15:19:37.287+01:00  INFO 2932 --- [auth-service] [           main] o.s.cloud.commons.util.InetUtils         : Cannot determine local hostname
2026-04-30T15:19:37.363+01:00  INFO 2932 --- [auth-service] [           main] eAuthenticationProviderManagerConfigurer : Global AuthenticationManager configured with AuthenticationProvider bean with name authenticationProvider
2026-04-30T15:19:37.363+01:00  WARN 2932 --- [auth-service] [           main] r$InitializeUserDetailsManagerConfigurer : Global AuthenticationManager configured with an AuthenticationProvider bean. UserDetailsService beans will not be used by Spring Security for automatically configuring username/password login. Consider removing the AuthenticationProvider bean. Alternatively, consider using the UserDetailsService in a manually instantiated DaoAuthenticationProvider. If the current configuration is intentional, to turn off this warning, increase the logging level of 'org.springframework.security.config.annotation.authentication.configuration.InitializeUserDetailsBeanManagerConfigurer' to ERROR
2026-04-30T15:19:37.542+01:00 DEBUG 2932 --- [auth-service] [           main] s.w.s.m.m.a.RequestMappingHandlerMapping : 12 mappings in 'requestMappingHandlerMapping'
2026-04-30T15:19:37.628+01:00 DEBUG 2932 --- [auth-service] [           main] o.s.w.s.handler.SimpleUrlHandlerMapping  : Patterns [/webjars/**, /**, /swagger-ui*/*swagger-initializer.js, /swagger-ui*/**] in 'resourceHandlerMapping'
2026-04-30T15:19:37.742+01:00  INFO 2932 --- [auth-service] [           main] o.s.b.a.e.web.EndpointLinksResolver      : Exposing 2 endpoints beneath base path '/actuator'
2026-04-30T15:19:37.876+01:00 DEBUG 2932 --- [auth-service] [           main] o.s.s.web.DefaultSecurityFilterChain     : Will secure any request with filters: DisableEncodeUrlFilter, WebAsyncManagerIntegrationFilter, SecurityContextHolderFilter, HeaderWriterFilter, CorsFilter, LogoutFilter, JwtAuthenticationFilter, RequestCacheAwareFilter, SecurityContextHolderAwareRequestFilter, AnonymousAuthenticationFilter, SessionManagementFilter, ExceptionTranslationFilter, AuthorizationFilter
2026-04-30T15:19:37.992+01:00 DEBUG 2932 --- [auth-service] [           main] s.w.s.m.m.a.RequestMappingHandlerAdapter : ControllerAdvice beans: 0 @ModelAttribute, 0 @InitBinder, 1 RequestBodyAdvice, 1 ResponseBodyAdvice
2026-04-30T15:19:38.042+01:00 DEBUG 2932 --- [auth-service] [           main] .m.m.a.ExceptionHandlerExceptionResolver : ControllerAdvice beans: 2 @ExceptionHandler, 1 ResponseBodyAdvice
2026-04-30T15:19:39.270+01:00  INFO 2932 --- [auth-service] [           main] o.s.cloud.commons.util.InetUtils         : Cannot determine local hostname
2026-04-30T15:19:39.295+01:00  INFO 2932 --- [auth-service] [           main] DiscoveryClientOptionalArgsConfiguration : Eureka HTTP Client uses RestTemplate.
2026-04-30T15:19:39.367+01:00  WARN 2932 --- [auth-service] [           main] iguration$LoadBalancerCaffeineWarnLogger : Spring Cloud LoadBalancer is currently working with the default cache. While this cache implementation is useful for development and tests, it's recommended to use Caffeine cache in production.You can switch to using Caffeine cache, by adding it and org.springframework.cache.caffeine.CaffeineCacheManager to the classpath.
2026-04-30T15:19:39.441+01:00  INFO 2932 --- [auth-service] [           main] o.s.c.n.eureka.InstanceInfoFactory       : Setting initial instance status as: STARTING
2026-04-30T15:19:39.465+01:00  INFO 2932 --- [auth-service] [           main] com.netflix.discovery.DiscoveryClient    : Initializing Eureka in region us-east-1
2026-04-30T15:19:39.470+01:00  INFO 2932 --- [auth-service] [           main] c.n.d.s.r.aws.ConfigClusterResolver      : Resolving eureka endpoints via configuration
2026-04-30T15:19:39.476+01:00  INFO 2932 --- [auth-service] [           main] com.netflix.discovery.DiscoveryClient    : Disable delta property : false
2026-04-30T15:19:39.477+01:00  INFO 2932 --- [auth-service] [           main] com.netflix.discovery.DiscoveryClient    : Single vip registry refresh property : null
2026-04-30T15:19:39.477+01:00  INFO 2932 --- [auth-service] [           main] com.netflix.discovery.DiscoveryClient    : Force full registry fetch : false
2026-04-30T15:19:39.477+01:00  INFO 2932 --- [auth-service] [           main] com.netflix.discovery.DiscoveryClient    : Application is null : false
2026-04-30T15:19:39.477+01:00  INFO 2932 --- [auth-service] [           main] com.netflix.discovery.DiscoveryClient    : Registered Applications size is zero : true
2026-04-30T15:19:39.477+01:00  INFO 2932 --- [auth-service] [           main] com.netflix.discovery.DiscoveryClient    : Application version is -1: true
2026-04-30T15:19:39.477+01:00  INFO 2932 --- [auth-service] [           main] com.netflix.discovery.DiscoveryClient    : Getting all instance registry info from the eureka server
2026-04-30T15:19:39.560+01:00 DEBUG 2932 --- [auth-service] [           main] o.s.web.client.RestTemplate              : HTTP GET http://localhost:8761/eureka/apps/
2026-04-30T15:19:39.640+01:00 DEBUG 2932 --- [auth-service] [           main] o.s.web.client.RestTemplate              : Accept=[application/json, application/yaml, application/*+json]
2026-04-30T15:19:39.697+01:00 DEBUG 2932 --- [auth-service] [           main] o.s.web.client.RestTemplate              : Response 200 OK
2026-04-30T15:19:39.699+01:00 DEBUG 2932 --- [auth-service] [           main] o.s.web.client.RestTemplate              : Reading to [org.springframework.cloud.netflix.eureka.http.EurekaApplications]
2026-04-30T15:19:39.719+01:00  INFO 2932 --- [auth-service] [           main] com.netflix.discovery.DiscoveryClient    : The response status is 200
2026-04-30T15:19:39.720+01:00  INFO 2932 --- [auth-service] [           main] com.netflix.discovery.DiscoveryClient    : Starting heartbeat executor: renew interval is: 30
2026-04-30T15:19:39.723+01:00  INFO 2932 --- [auth-service] [           main] c.n.discovery.InstanceInfoReplicator     : InstanceInfoReplicator onDemand update allowed rate per min is 4
2026-04-30T15:19:39.724+01:00  INFO 2932 --- [auth-service] [           main] com.netflix.discovery.DiscoveryClient    : Discovery Client initialized at timestamp 1777558779724 with initial instances count: 1
2026-04-30T15:19:39.729+01:00  INFO 2932 --- [auth-service] [           main] o.s.c.n.e.s.EurekaServiceRegistry        : Registering application AUTH-SERVICE with eureka with status UP
2026-04-30T15:19:39.730+01:00  INFO 2932 --- [auth-service] [           main] com.netflix.discovery.DiscoveryClient    : Saw local status change event StatusChangeEvent [timestamp=1777558779730, current=UP, previous=STARTING]
2026-04-30T15:19:39.731+01:00  INFO 2932 --- [auth-service] [foReplicator-%d] com.netflix.discovery.DiscoveryClient    : DiscoveryClient_AUTH-SERVICE/localhost:auth-service:8085: registering service...
2026-04-30T15:19:39.736+01:00 DEBUG 2932 --- [auth-service] [foReplicator-%d] o.s.web.client.RestTemplate              : HTTP POST http://localhost:8761/eureka/apps/AUTH-SERVICE
2026-04-30T15:19:39.740+01:00 DEBUG 2932 --- [auth-service] [foReplicator-%d] o.s.web.client.RestTemplate              : Accept=[application/json, application/yaml, application/*+json]
2026-04-30T15:19:39.743+01:00  INFO 2932 --- [auth-service] [           main] o.s.b.w.embedded.tomcat.TomcatWebServer  : Tomcat started on port 8085 (http) with context path '/'
2026-04-30T15:19:39.744+01:00  INFO 2932 --- [auth-service] [           main] .s.c.n.e.s.EurekaAutoServiceRegistration : Updating port to 8085
2026-04-30T15:19:39.754+01:00 DEBUG 2932 --- [auth-service] [foReplicator-%d] o.s.web.client.RestTemplate              : Writing [InstanceInfo [instanceId = localhost:auth-service:8085, appName = AUTH-SERVICE, hostName = 192.168.56.1, status = UP, ipAddr = 192.168.56.1, port = 8085, securePort = 443, dataCenterInfo = com.netflix.appinfo.MyDataCenterInfo@3b453c28] as "application/json"
2026-04-30T15:19:39.774+01:00 DEBUG 2932 --- [auth-service] [foReplicator-%d] o.s.web.client.RestTemplate              : Response 204 NO_CONTENT
2026-04-30T15:19:39.775+01:00  INFO 2932 --- [auth-service] [foReplicator-%d] com.netflix.discovery.DiscoveryClient    : DiscoveryClient_AUTH-SERVICE/localhost:auth-service:8085 - registration status: 204
2026-04-30T15:19:40.755+01:00  INFO 2932 --- [auth-service] [           main] o.s.cloud.commons.util.InetUtils         : Cannot determine local hostname
2026-04-30T15:19:40.777+01:00 DEBUG 2932 --- [auth-service] [           main] .s.b.a.l.ConditionEvaluationReportLogger : 


============================
CONDITIONS EVALUATION REPORT
============================


Positive matches:
-----------------

   AopAutoConfiguration matched:
      - @ConditionalOnBooleanProperty (spring.aop.auto=true) matched (OnPropertyCondition)

   AopAutoConfiguration.ClassProxyingConfiguration matched:
      - @ConditionalOnMissingClass did not find unwanted class 'org.aspectj.weaver.Advice' (OnClassCondition)
      - @ConditionalOnBooleanProperty (spring.aop.proxy-target-class=true) matched (OnPropertyCondition)

   ApplicationAvailabilityAutoConfiguration#applicationAvailability matched:
      - @ConditionalOnMissingBean (types: org.springframework.boot.availability.ApplicationAvailability; SearchStrategy: all) did not find any beans (OnBeanCondition)

   AutoServiceRegistrationAutoConfiguration matched:
      - @ConditionalOnProperty (spring.cloud.service-registry.auto-registration.enabled) matched (OnPropertyCondition)

   AutoServiceRegistrationConfiguration matched:
      - @ConditionalOnProperty (spring.cloud.service-registry.auto-registration.enabled) matched (OnPropertyCondition)

   BlockingLoadBalancerClientAutoConfiguration matched:
      - @ConditionalOnProperty (spring.cloud.loadbalancer.enabled=true) matched (OnPropertyCondition)
      - AnyNestedCondition 2 matched 0 did not; NestedCondition on BlockingRestClassesPresentCondition.RestClientPresent @ConditionalOnClass found required class 'org.springframework.web.client.RestClient'; NestedCondition on BlockingRestClassesPresentCondition.RestTemplatePresent @ConditionalOnClass found required class 'org.springframework.web.client.RestTemplate' (BlockingRestClassesPresentCondition)

   BlockingLoadBalancerClientAutoConfiguration#blockingLoadBalancerClient matched:
      - @ConditionalOnBean (types: org.springframework.cloud.loadbalancer.support.LoadBalancerClientFactory; SearchStrategy: all) found bean 'loadBalancerClientFactory'; @ConditionalOnMissingBean (types: org.springframework.cloud.client.loadbalancer.LoadBalancerClient; SearchStrategy: all) did not find any beans (OnBeanCondition)

   BlockingLoadBalancerClientAutoConfiguration#loadBalancerServiceInstanceCookieTransformer matched:
      - @ConditionalOnBean (types: org.springframework.cloud.loadbalancer.support.LoadBalancerClientFactory; SearchStrategy: all) found bean 'loadBalancerClientFactory'; @ConditionalOnMissingBean (types: org.springframework.cloud.loadbalancer.core.LoadBalancerServiceInstanceCookieTransformer; SearchStrategy: all) did not find any beans (OnBeanCondition)

   BlockingLoadBalancerClientAutoConfiguration#xForwarderHeadersTransformer matched:
      - @ConditionalOnBean (types: org.springframework.cloud.loadbalancer.support.LoadBalancerClientFactory; SearchStrategy: all) found bean 'loadBalancerClientFactory'; @ConditionalOnMissingBean (types: org.springframework.cloud.loadbalancer.blocking.XForwardedHeadersTransformer; SearchStrategy: all) did not find any beans (OnBeanCondition)

   CacheMeterBinderProvidersConfiguration matched:
      - @ConditionalOnClass found required class 'io.micrometer.core.instrument.binder.MeterBinder' (OnClassCondition)

   org.springframework.boot.autoconfigure.http.client.reactive.ClientHttpConnectorAutoConfiguration matched:
      - @ConditionalOnClass found required classes 'org.springframework.http.client.reactive.ClientHttpConnector', 'reactor.core.publisher.Mono' (OnClassCondition)
      - Detected ClientHttpConnectorBuilder (ConditionalOnClientHttpConnectorBuilderDetection)

   ClientHttpConnectorAutoConfiguration#clientHttpConnector matched:
      - @ConditionalOnMissingBean (types: org.springframework.http.client.reactive.ClientHttpConnector; SearchStrategy: all) did not find any beans (OnBeanCondition)

   ClientHttpConnectorAutoConfiguration#clientHttpConnectorBuilder matched:
      - @ConditionalOnMissingBean (types: org.springframework.boot.http.client.reactive.ClientHttpConnectorBuilder<?>; SearchStrategy: all) did not find any beans (OnBeanCondition)

   ClientHttpConnectorAutoConfiguration#clientHttpConnectorSettings matched:
      - @ConditionalOnMissingBean (types: org.springframework.boot.http.client.reactive.ClientHttpConnectorSettings; SearchStrategy: all) did not find any beans (OnBeanCondition)

   CommonsClientAutoConfiguration.ActuatorConfiguration matched:
      - @ConditionalOnClass found required class 'org.springframework.boot.actuate.endpoint.annotation.Endpoint' (OnClassCondition)
      - @ConditionalOnProperty (spring.cloud.features.enabled) matched (OnPropertyCondition)

   CommonsClientAutoConfiguration.DiscoveryLoadBalancerConfiguration matched:
      - @ConditionalOnClass found required class 'org.springframework.boot.actuate.health.HealthIndicator' (OnClassCondition)
      - @ConditionalOnProperty (spring.cloud.discovery.enabled) matched; @ConditionalOnProperty (spring.cloud.discovery.blocking.enabled) matched (OnPropertyCondition)
      - @ConditionalOnBean (types: org.springframework.cloud.client.discovery.DiscoveryClient; SearchStrategy: all) found beans 'discoveryClient', 'simpleDiscoveryClient', 'compositeDiscoveryClient' (OnBeanCondition)

   CommonsClientAutoConfiguration.DiscoveryLoadBalancerConfiguration#discoveryClientHealthIndicator matched:
      - @ConditionalOnProperty (spring.cloud.discovery.client.health-indicator.enabled) matched (OnPropertyCondition)

   CommonsClientAutoConfiguration.DiscoveryLoadBalancerConfiguration#discoveryCompositeHealthContributor matched:
      - @ConditionalOnProperty (spring.cloud.discovery.client.composite-indicator.enabled) matched (OnPropertyCondition)
      - @ConditionalOnBean (types: org.springframework.cloud.client.discovery.health.DiscoveryHealthIndicator; SearchStrategy: all) found beans 'eurekaHealthIndicator', 'discoveryClientHealthIndicator' (OnBeanCondition)

   CompatibilityVerifierAutoConfiguration matched:
      - @ConditionalOnProperty (spring.cloud.compatibility-verifier.enabled) matched (OnPropertyCondition)

   CompositeMeterRegistryAutoConfiguration matched:
      - @ConditionalOnClass found required class 'io.micrometer.core.instrument.composite.CompositeMeterRegistry' (OnClassCondition)

   ConfigClientAutoConfiguration.ConfigServerHealthIndicatorConfiguration matched:
      - @ConditionalOnClass found required class 'org.springframework.boot.actuate.health.HealthIndicator' (OnClassCondition)
      - @ConditionalOnEnabledHealthIndicator management.health.defaults.enabled is considered true (OnEnabledHealthIndicatorCondition)

   ConfigurationPropertiesRebinderAutoConfiguration matched:
      - @ConditionalOnBean (types: org.springframework.boot.context.properties.ConfigurationPropertiesBindingPostProcessor; SearchStrategy: all) found bean 'org.springframework.boot.context.properties.ConfigurationPropertiesBindingPostProcessor' (OnBeanCondition)

   ConfigurationPropertiesRebinderAutoConfiguration#configurationPropertiesBeans matched:
      - @ConditionalOnMissingBean (types: org.springframework.cloud.context.properties.ConfigurationPropertiesBeans; SearchStrategy: current) did not find any beans (OnBeanCondition)

   ConfigurationPropertiesRebinderAutoConfiguration#configurationPropertiesRebinder matched:
      - @ConditionalOnMissingBean (types: org.springframework.cloud.context.properties.ConfigurationPropertiesRebinder; SearchStrategy: current) did not find any beans (OnBeanCondition)

   DiscoveryClientOptionalArgsConfiguration.RestTemplateConfiguration matched:
      - AllNestedConditions 4 matched 0 did not; NestedCondition on DiscoveryClientOptionalArgsConfiguration.OnRestTemplatePresentAndEnabledCondition.OnRestClientDisabled @ConditionalOnProperty (eureka.client.restclient.enabled=false) matched; NestedCondition on DiscoveryClientOptionalArgsConfiguration.OnRestTemplatePresentAndEnabledCondition.OnWebClientDisabled @ConditionalOnProperty (eureka.client.webclient.enabled=false) matched; NestedCondition on DiscoveryClientOptionalArgsConfiguration.OnRestTemplatePresentAndEnabledCondition.OnJerseyClientNotPresentOrNotEnabled AnyNestedCondition 1 matched 1 did not; NestedCondition on DiscoveryClientOptionalArgsConfiguration.OnJerseyClientNotPresentOrNotEnabledCondition.OnJerseyClientDisabled @ConditionalOnProperty (eureka.client.jersey.enabled=false) did not find property 'eureka.client.jersey.enabled'; NestedCondition on DiscoveryClientOptionalArgsConfiguration.OnJerseyClientNotPresentOrNotEnabledCondition.OnJerseyClientMissing @ConditionalOnMissingClass did not find unwanted class 'org.glassfish.jersey.client.JerseyClient'; NestedCondition on DiscoveryClientOptionalArgsConfiguration.OnRestTemplatePresentAndEnabledCondition.OnRestTemplatePresent @ConditionalOnClass found required class 'org.springframework.web.client.RestTemplate' (DiscoveryClientOptionalArgsConfiguration.OnRestTemplatePresentAndEnabledCondition)

   DiscoveryClientOptionalArgsConfiguration.RestTemplateConfiguration#defaultEurekaClientHttpRequestFactorySupplier matched:
      - @ConditionalOnMissingBean (types: org.springframework.cloud.netflix.eureka.http.EurekaClientHttpRequestFactorySupplier; SearchStrategy: all) did not find any beans (OnBeanCondition)

   DiscoveryClientOptionalArgsConfiguration.RestTemplateConfiguration#restTemplateDiscoveryClientOptionalArgs matched:
      - @ConditionalOnMissingBean (types: com.netflix.discovery.AbstractDiscoveryClientOptionalArgs; SearchStrategy: current) did not find any beans (OnBeanCondition)

   DiscoveryClientOptionalArgsConfiguration.RestTemplateConfiguration#restTemplateTransportClientFactories matched:
      - @ConditionalOnMissingBean (types: com.netflix.discovery.shared.transport.jersey.TransportClientFactories; SearchStrategy: current) did not find any beans (OnBeanCondition)

   DiskSpaceHealthContributorAutoConfiguration matched:
      - @ConditionalOnEnabledHealthIndicator management.health.defaults.enabled is considered true (OnEnabledHealthIndicatorCondition)

   DiskSpaceHealthContributorAutoConfiguration#diskSpaceHealthIndicator matched:
      - @ConditionalOnMissingBean (names: diskSpaceHealthIndicator; SearchStrategy: all) did not find any beans (OnBeanCondition)

   DispatcherServletAutoConfiguration matched:
      - @ConditionalOnClass found required class 'org.springframework.web.servlet.DispatcherServlet' (OnClassCondition)
      - found 'session' scope (OnWebApplicationCondition)

   DispatcherServletAutoConfiguration.DispatcherServletConfiguration matched:
      - @ConditionalOnClass found required class 'jakarta.servlet.ServletRegistration' (OnClassCondition)
      - Default DispatcherServlet did not find dispatcher servlet beans (DispatcherServletAutoConfiguration.DefaultDispatcherServletCondition)

   DispatcherServletAutoConfiguration.DispatcherServletRegistrationConfiguration matched:
      - @ConditionalOnClass found required class 'jakarta.servlet.ServletRegistration' (OnClassCondition)
      - DispatcherServlet Registration did not find servlet registration bean (DispatcherServletAutoConfiguration.DispatcherServletRegistrationCondition)

   DispatcherServletAutoConfiguration.DispatcherServletRegistrationConfiguration#dispatcherServletRegistration matched:
      - @ConditionalOnBean (names: dispatcherServlet types: org.springframework.web.servlet.DispatcherServlet; SearchStrategy: all) found bean 'dispatcherServlet' (OnBeanCondition)

   EmbeddedWebServerFactoryCustomizerAutoConfiguration matched:
      - @ConditionalOnWebApplication (required) found 'session' scope (OnWebApplicationCondition)
      - @ConditionalOnWarDeployment the application is not deployed as a WAR file. (OnWarDeploymentCondition)

   EmbeddedWebServerFactoryCustomizerAutoConfiguration.TomcatWebServerFactoryCustomizerConfiguration matched:
      - @ConditionalOnClass found required classes 'org.apache.catalina.startup.Tomcat', 'org.apache.coyote.UpgradeProtocol' (OnClassCondition)

   EndpointAutoConfiguration#endpointCachingOperationInvokerAdvisor matched:
      - @ConditionalOnMissingBean (types: org.springframework.boot.actuate.endpoint.invoker.cache.CachingOperationInvokerAdvisor; SearchStrategy: all) did not find any beans (OnBeanCondition)

   EndpointAutoConfiguration#endpointOperationParameterMapper matched:
      - @ConditionalOnMissingBean (types: org.springframework.boot.actuate.endpoint.invoke.ParameterValueMapper; SearchStrategy: all) did not find any beans (OnBeanCondition)

   EndpointAutoConfiguration#propertiesEndpointAccessResolver matched:
      - @ConditionalOnMissingBean (types: org.springframework.boot.actuate.endpoint.EndpointAccessResolver; SearchStrategy: all) did not find any beans (OnBeanCondition)

   ErrorMvcAutoConfiguration matched:
      - @ConditionalOnClass found required classes 'jakarta.servlet.Servlet', 'org.springframework.web.servlet.DispatcherServlet' (OnClassCondition)
      - found 'session' scope (OnWebApplicationCondition)

   ErrorMvcAutoConfiguration#basicErrorController matched:
      - @ConditionalOnMissingBean (types: org.springframework.boot.web.servlet.error.ErrorController; SearchStrategy: current) did not find any beans (OnBeanCondition)

   ErrorMvcAutoConfiguration#errorAttributes matched:
      - @ConditionalOnMissingBean (types: org.springframework.boot.web.servlet.error.ErrorAttributes; SearchStrategy: current) did not find any beans (OnBeanCondition)

   ErrorMvcAutoConfiguration.DefaultErrorViewResolverConfiguration#conventionErrorViewResolver matched:
      - @ConditionalOnBean (types: org.springframework.web.servlet.DispatcherServlet; SearchStrategy: all) found bean 'dispatcherServlet'; @ConditionalOnMissingBean (types: org.springframework.boot.autoconfigure.web.servlet.error.ErrorViewResolver; SearchStrategy: all) did not find any beans (OnBeanCondition)

   ErrorMvcAutoConfiguration.WhitelabelErrorViewConfiguration matched:
      - @ConditionalOnBooleanProperty (server.error.whitelabel.enabled=true) matched (OnPropertyCondition)
      - ErrorTemplate Missing did not find error template view (ErrorMvcAutoConfiguration.ErrorTemplateMissingCondition)

   ErrorMvcAutoConfiguration.WhitelabelErrorViewConfiguration#beanNameViewResolver matched:
      - @ConditionalOnMissingBean (types: org.springframework.web.servlet.view.BeanNameViewResolver; SearchStrategy: all) did not find any beans (OnBeanCondition)

   ErrorMvcAutoConfiguration.WhitelabelErrorViewConfiguration#defaultErrorView matched:
      - @ConditionalOnMissingBean (names: error; SearchStrategy: all) did not find any beans (OnBeanCondition)

   EurekaClientAutoConfiguration matched:
      - @ConditionalOnClass found required class 'com.netflix.discovery.EurekaClientConfig' (OnClassCondition)
      - @ConditionalOnProperty (eureka.client.enabled) matched; @ConditionalOnProperty (spring.cloud.discovery.enabled) matched (OnPropertyCondition)

   EurekaClientAutoConfiguration#eurekaAutoServiceRegistration matched:
      - @ConditionalOnProperty (spring.cloud.service-registry.auto-registration.enabled) matched (OnPropertyCondition)
      - @ConditionalOnBean (types: org.springframework.cloud.client.serviceregistry.AutoServiceRegistrationProperties; SearchStrategy: all) found bean 'spring.cloud.service-registry.auto-registration-org.springframework.cloud.client.serviceregistry.AutoServiceRegistrationProperties' (OnBeanCondition)

   EurekaClientAutoConfiguration#eurekaClientConfigBean matched:
      - @ConditionalOnMissingBean (types: com.netflix.discovery.EurekaClientConfig; SearchStrategy: current) did not find any beans (OnBeanCondition)

   EurekaClientAutoConfiguration#eurekaInstanceConfigBean matched:
      - @ConditionalOnMissingBean (types: com.netflix.appinfo.EurekaInstanceConfig; SearchStrategy: current) did not find any beans (OnBeanCondition)

   EurekaClientAutoConfiguration#serviceManagementMetadataProvider matched:
      - @ConditionalOnMissingBean (types: org.springframework.cloud.netflix.eureka.metadata.ManagementMetadataProvider; SearchStrategy: all) did not find any beans (OnBeanCondition)

   EurekaClientAutoConfiguration.EurekaHealthIndicatorConfiguration matched:
      - @ConditionalOnClass found required class 'org.springframework.boot.actuate.health.Health' (OnClassCondition)

   EurekaClientAutoConfiguration.EurekaHealthIndicatorConfiguration#eurekaHealthIndicator matched:
      - @ConditionalOnMissingBean (types: org.springframework.cloud.netflix.eureka.EurekaHealthIndicator; SearchStrategy: all) did not find any beans (OnBeanCondition)
      - @ConditionalOnEnabledHealthIndicator management.health.defaults.enabled is considered true (OnEnabledHealthIndicatorCondition)

   EurekaClientAutoConfiguration.RefreshableEurekaClientConfiguration matched:
      - @ConditionalOnClass found required class 'org.springframework.cloud.context.scope.refresh.RefreshScope' (OnClassCondition)
      - @ConditionalOnProperty (eureka.client.refresh.enable=true) matched (OnPropertyCondition)
      - @ConditionalOnBean (types: org.springframework.cloud.autoconfigure.RefreshAutoConfiguration; SearchStrategy: all) found bean 'org.springframework.cloud.autoconfigure.RefreshAutoConfiguration' (OnBeanCondition)

   EurekaClientAutoConfiguration.RefreshableEurekaClientConfiguration#eurekaApplicationInfoManager matched:
      - @ConditionalOnMissingBean (types: com.netflix.appinfo.ApplicationInfoManager; SearchStrategy: current) did not find any beans (OnBeanCondition)

   EurekaClientAutoConfiguration.RefreshableEurekaClientConfiguration#eurekaClient matched:
      - @ConditionalOnMissingBean (types: com.netflix.discovery.EurekaClient; SearchStrategy: current) did not find any beans (OnBeanCondition)

   EurekaClientAutoConfiguration.RefreshableEurekaClientConfiguration#eurekaRegistration matched:
      - @ConditionalOnProperty (spring.cloud.service-registry.auto-registration.enabled) matched (OnPropertyCondition)
      - @ConditionalOnBean (types: org.springframework.cloud.client.serviceregistry.AutoServiceRegistrationProperties; SearchStrategy: all) found bean 'spring.cloud.service-registry.auto-registration-org.springframework.cloud.client.serviceregistry.AutoServiceRegistrationProperties' (OnBeanCondition)

   EurekaDiscoveryClientConfiguration matched:
      - @ConditionalOnClass found required class 'com.netflix.discovery.EurekaClientConfig' (OnClassCondition)
      - @ConditionalOnProperty (eureka.client.enabled) matched; @ConditionalOnProperty (spring.cloud.discovery.enabled) matched; @ConditionalOnProperty (spring.cloud.discovery.blocking.enabled) matched (OnPropertyCondition)

   EurekaDiscoveryClientConfiguration#discoveryClient matched:
      - @ConditionalOnMissingBean (types: org.springframework.cloud.netflix.eureka.EurekaDiscoveryClient; SearchStrategy: all) did not find any beans (OnBeanCondition)

   EurekaDiscoveryClientConfiguration.EurekaClientConfigurationRefresher matched:
      - @ConditionalOnClass found required class 'org.springframework.cloud.context.scope.refresh.RefreshScopeRefreshedEvent' (OnClassCondition)

   GenericCacheConfiguration matched:
      - Cache org.springframework.boot.autoconfigure.cache.GenericCacheConfiguration automatic cache type (CacheCondition)

   GsonAutoConfiguration matched:
      - @ConditionalOnClass found required class 'com.google.gson.Gson' (OnClassCondition)

   GsonAutoConfiguration#gson matched:
      - @ConditionalOnMissingBean (types: com.google.gson.Gson; SearchStrategy: all) did not find any beans (OnBeanCondition)

   GsonAutoConfiguration#gsonBuilder matched:
      - @ConditionalOnMissingBean (types: com.google.gson.GsonBuilder; SearchStrategy: all) did not find any beans (OnBeanCondition)

   GsonHttpMessageConvertersConfiguration matched:
      - @ConditionalOnClass found required class 'com.google.gson.Gson' (OnClassCondition)

   HealthContributorAutoConfiguration#pingHealthContributor matched:
      - @ConditionalOnEnabledHealthIndicator management.health.defaults.enabled is considered true (OnEnabledHealthIndicatorCondition)

   HealthEndpointAutoConfiguration matched:
      - @ConditionalOnAvailableEndpoint marked as exposed by a 'management.endpoints.web.exposure' property (OnAvailableEndpointCondition)

   HealthEndpointConfiguration#healthContributorRegistry matched:
      - @ConditionalOnMissingBean (types: org.springframework.boot.actuate.health.HealthContributorRegistry; SearchStrategy: all) did not find any beans (OnBeanCondition)

   HealthEndpointConfiguration#healthEndpoint matched:
      - @ConditionalOnMissingBean (types: org.springframework.boot.actuate.health.HealthEndpoint; SearchStrategy: all) did not find any beans (OnBeanCondition)

   HealthEndpointConfiguration#healthEndpointGroupMembershipValidator matched:
      - @ConditionalOnBooleanProperty (management.endpoint.health.validate-group-membership=true) matched (OnPropertyCondition)

   HealthEndpointConfiguration#healthEndpointGroups matched:
      - @ConditionalOnMissingBean (types: org.springframework.boot.actuate.health.HealthEndpointGroups; SearchStrategy: all) did not find any beans (OnBeanCondition)

   HealthEndpointConfiguration#healthHttpCodeStatusMapper matched:
      - @ConditionalOnMissingBean (types: org.springframework.boot.actuate.health.HttpCodeStatusMapper; SearchStrategy: all) did not find any beans (OnBeanCondition)

   HealthEndpointConfiguration#healthStatusAggregator matched:
      - @ConditionalOnMissingBean (types: org.springframework.boot.actuate.health.StatusAggregator; SearchStrategy: all) did not find any beans (OnBeanCondition)

   HealthEndpointWebExtensionConfiguration matched:
      - found 'session' scope (OnWebApplicationCondition)
      - @ConditionalOnAvailableEndpoint marked as exposed by a 'management.endpoints.web.exposure' property (OnAvailableEndpointCondition)
      - @ConditionalOnBean (types: org.springframework.boot.actuate.health.HealthEndpoint; SearchStrategy: all) found bean 'healthEndpoint' (OnBeanCondition)

   HealthEndpointWebExtensionConfiguration#healthEndpointWebExtension matched:
      - @ConditionalOnMissingBean (types: org.springframework.boot.actuate.health.HealthEndpointWebExtension; SearchStrategy: all) did not find any beans (OnBeanCondition)

   HealthEndpointWebExtensionConfiguration.MvcAdditionalHealthEndpointPathsConfiguration matched:
      - @ConditionalOnBean (types: org.springframework.web.servlet.DispatcherServlet; SearchStrategy: all) found bean 'dispatcherServlet' (OnBeanCondition)

   HttpClientAutoConfiguration matched:
      - @ConditionalOnClass found required class 'org.springframework.http.client.ClientHttpRequestFactory' (OnClassCondition)
      - NoneNestedConditions 0 matched 1 did not; NestedCondition on NotReactiveWebApplicationCondition.ReactiveWebApplication did not find reactive web application classes (NotReactiveWebApplicationCondition)

   HttpClientAutoConfiguration#clientHttpRequestFactoryBuilder matched:
      - @ConditionalOnMissingBean (types: org.springframework.boot.http.client.ClientHttpRequestFactoryBuilder<?>; SearchStrategy: all) did not find any beans (OnBeanCondition)

   HttpClientAutoConfiguration#clientHttpRequestFactorySettings matched:
      - @ConditionalOnMissingBean (types: org.springframework.boot.http.client.ClientHttpRequestFactorySettings; SearchStrategy: all) did not find any beans (OnBeanCondition)

   HttpClientObservationsAutoConfiguration matched:
      - @ConditionalOnClass found required class 'io.micrometer.observation.Observation' (OnClassCondition)
      - @ConditionalOnBean (types: io.micrometer.observation.ObservationRegistry; SearchStrategy: all) found bean 'observationRegistry' (OnBeanCondition)

   HttpClientObservationsAutoConfiguration.MeterFilterConfiguration matched:
      - @ConditionalOnClass found required class 'io.micrometer.core.instrument.MeterRegistry' (OnClassCondition)
      - @ConditionalOnBean (types: io.micrometer.core.instrument.MeterRegistry; SearchStrategy: all) found bean 'simpleMeterRegistry' (OnBeanCondition)

   HttpEncodingAutoConfiguration matched:
      - @ConditionalOnClass found required class 'org.springframework.web.filter.CharacterEncodingFilter' (OnClassCondition)
      - found 'session' scope (OnWebApplicationCondition)
      - @ConditionalOnBooleanProperty (server.servlet.encoding.enabled=true) matched (OnPropertyCondition)

   HttpEncodingAutoConfiguration#characterEncodingFilter matched:
      - @ConditionalOnMissingBean (types: org.springframework.web.filter.CharacterEncodingFilter; SearchStrategy: all) did not find any beans (OnBeanCondition)

   HttpMessageConvertersAutoConfiguration matched:
      - @ConditionalOnClass found required class 'org.springframework.http.converter.HttpMessageConverter' (OnClassCondition)
      - NoneNestedConditions 0 matched 1 did not; NestedCondition on HttpMessageConvertersAutoConfiguration.NotReactiveWebApplicationCondition.ReactiveWebApplication did not find reactive web application classes (HttpMessageConvertersAutoConfiguration.NotReactiveWebApplicationCondition)

   HttpMessageConvertersAutoConfiguration#messageConverters matched:
      - @ConditionalOnMissingBean (types: org.springframework.boot.autoconfigure.http.HttpMessageConverters; SearchStrategy: all) did not find any beans (OnBeanCondition)

   HttpMessageConvertersAutoConfiguration.StringHttpMessageConverterConfiguration matched:
      - @ConditionalOnClass found required class 'org.springframework.http.converter.StringHttpMessageConverter' (OnClassCondition)

   HttpMessageConvertersAutoConfiguration.StringHttpMessageConverterConfiguration#stringHttpMessageConverter matched:
      - @ConditionalOnMissingBean (types: org.springframework.http.converter.StringHttpMessageConverter; SearchStrategy: all) did not find any beans (OnBeanCondition)

   InfoEndpointAutoConfiguration matched:
      - @ConditionalOnAvailableEndpoint marked as exposed by a 'management.endpoints.web.exposure' property (OnAvailableEndpointCondition)

   InfoEndpointAutoConfiguration#infoEndpoint matched:
      - @ConditionalOnMissingBean (types: org.springframework.boot.actuate.info.InfoEndpoint; SearchStrategy: all) did not find any beans (OnBeanCondition)

   JacksonAutoConfiguration matched:
      - @ConditionalOnClass found required class 'com.fasterxml.jackson.databind.ObjectMapper' (OnClassCondition)

   JacksonAutoConfiguration.Jackson2ObjectMapperBuilderCustomizerConfiguration matched:
      - @ConditionalOnClass found required class 'org.springframework.http.converter.json.Jackson2ObjectMapperBuilder' (OnClassCondition)

   JacksonAutoConfiguration.JacksonObjectMapperBuilderConfiguration matched:
      - @ConditionalOnClass found required class 'org.springframework.http.converter.json.Jackson2ObjectMapperBuilder' (OnClassCondition)

   JacksonAutoConfiguration.JacksonObjectMapperBuilderConfiguration#jacksonObjectMapperBuilder matched:
      - @ConditionalOnMissingBean (types: org.springframework.http.converter.json.Jackson2ObjectMapperBuilder; SearchStrategy: all) did not find any beans (OnBeanCondition)

   JacksonAutoConfiguration.JacksonObjectMapperConfiguration matched:
      - @ConditionalOnClass found required class 'org.springframework.http.converter.json.Jackson2ObjectMapperBuilder' (OnClassCondition)

   JacksonAutoConfiguration.JacksonObjectMapperConfiguration#jacksonObjectMapper matched:
      - @ConditionalOnMissingBean (types: com.fasterxml.jackson.databind.ObjectMapper; SearchStrategy: all) did not find any beans (OnBeanCondition)

   JacksonAutoConfiguration.ParameterNamesModuleConfiguration matched:
      - @ConditionalOnClass found required class 'com.fasterxml.jackson.module.paramnames.ParameterNamesModule' (OnClassCondition)

   JacksonAutoConfiguration.ParameterNamesModuleConfiguration#parameterNamesModule matched:
      - @ConditionalOnMissingBean (types: com.fasterxml.jackson.module.paramnames.ParameterNamesModule; SearchStrategy: all) did not find any beans (OnBeanCondition)

   JacksonEndpointAutoConfiguration matched:
      - @ConditionalOnClass found required classes 'com.fasterxml.jackson.databind.ObjectMapper', 'org.springframework.http.converter.json.Jackson2ObjectMapperBuilder' (OnClassCondition)

   JacksonEndpointAutoConfiguration#endpointObjectMapper matched:
      - @ConditionalOnBooleanProperty (management.endpoints.jackson.isolated-object-mapper=true) matched (OnPropertyCondition)

   JacksonHttpMessageConvertersConfiguration.MappingJackson2HttpMessageConverterConfiguration matched:
      - @ConditionalOnClass found required class 'com.fasterxml.jackson.databind.ObjectMapper' (OnClassCondition)
      - @ConditionalOnPreferredJsonMapper JACKSON no property was configured and Jackson is the default (OnPreferredJsonMapperCondition)
      - @ConditionalOnBean (types: com.fasterxml.jackson.databind.ObjectMapper; SearchStrategy: all) found bean 'jacksonObjectMapper' (OnBeanCondition)

   JacksonHttpMessageConvertersConfiguration.MappingJackson2HttpMessageConverterConfiguration#mappingJackson2HttpMessageConverter matched:
      - @ConditionalOnMissingBean (types: org.springframework.http.converter.json.MappingJackson2HttpMessageConverter ignored: org.springframework.hateoas.server.mvc.TypeConstrainedMappingJackson2HttpMessageConverter,org.springframework.data.rest.webmvc.alps.AlpsJsonHttpMessageConverter; SearchStrategy: all) did not find any beans (OnBeanCondition)

   JvmMetricsAutoConfiguration matched:
      - @ConditionalOnClass found required class 'io.micrometer.core.instrument.MeterRegistry' (OnClassCondition)
      - @ConditionalOnBean (types: io.micrometer.core.instrument.MeterRegistry; SearchStrategy: all) found bean 'simpleMeterRegistry' (OnBeanCondition)

   JvmMetricsAutoConfiguration#classLoaderMetrics matched:
      - @ConditionalOnMissingBean (types: io.micrometer.core.instrument.binder.jvm.ClassLoaderMetrics; SearchStrategy: all) did not find any beans (OnBeanCondition)

   JvmMetricsAutoConfiguration#jvmCompilationMetrics matched:
      - @ConditionalOnMissingBean (types: io.micrometer.core.instrument.binder.jvm.JvmCompilationMetrics; SearchStrategy: all) did not find any beans (OnBeanCondition)

   JvmMetricsAutoConfiguration#jvmGcMetrics matched:
      - @ConditionalOnMissingBean (types: io.micrometer.core.instrument.binder.jvm.JvmGcMetrics; SearchStrategy: all) did not find any beans (OnBeanCondition)

   JvmMetricsAutoConfiguration#jvmHeapPressureMetrics matched:
      - @ConditionalOnMissingBean (types: io.micrometer.core.instrument.binder.jvm.JvmHeapPressureMetrics; SearchStrategy: all) did not find any beans (OnBeanCondition)

   JvmMetricsAutoConfiguration#jvmInfoMetrics matched:
      - @ConditionalOnMissingBean (types: io.micrometer.core.instrument.binder.jvm.JvmInfoMetrics; SearchStrategy: all) did not find any beans (OnBeanCondition)

   JvmMetricsAutoConfiguration#jvmMemoryMetrics matched:
      - @ConditionalOnMissingBean (types: io.micrometer.core.instrument.binder.jvm.JvmMemoryMetrics; SearchStrategy: all) did not find any beans (OnBeanCondition)

   JvmMetricsAutoConfiguration#jvmThreadMetrics matched:
      - @ConditionalOnMissingBean (types: io.micrometer.core.instrument.binder.jvm.JvmThreadMetrics; SearchStrategy: all) did not find any beans (OnBeanCondition)

   LifecycleAutoConfiguration#defaultLifecycleProcessor matched:
      - @ConditionalOnMissingBean (names: lifecycleProcessor; SearchStrategy: current) did not find any beans (OnBeanCondition)

   LifecycleMvcEndpointAutoConfiguration#environmentManager matched:
      - @ConditionalOnMissingBean (types: org.springframework.cloud.context.environment.EnvironmentManager; SearchStrategy: all) did not find any beans (OnBeanCondition)

   org.springframework.cloud.client.loadbalancer.LoadBalancerAutoConfiguration matched:
      - AnyNestedCondition 2 matched 0 did not; NestedCondition on BlockingRestClassesPresentCondition.RestClientPresent @ConditionalOnClass found required class 'org.springframework.web.client.RestClient'; NestedCondition on BlockingRestClassesPresentCondition.RestTemplatePresent @ConditionalOnClass found required class 'org.springframework.web.client.RestTemplate' (BlockingRestClassesPresentCondition)
      - @ConditionalOnBean (types: org.springframework.cloud.client.loadbalancer.LoadBalancerClient; SearchStrategy: all) found bean 'blockingLoadBalancerClient' (OnBeanCondition)

   org.springframework.cloud.loadbalancer.config.LoadBalancerAutoConfiguration matched:
      - @ConditionalOnProperty (spring.cloud.loadbalancer.enabled=true) matched (OnPropertyCondition)

   LoadBalancerAutoConfiguration#loadBalancerClientFactory matched:
      - @ConditionalOnMissingBean (types: org.springframework.cloud.loadbalancer.support.LoadBalancerClientFactory; SearchStrategy: all) did not find any beans (OnBeanCondition)

   LoadBalancerAutoConfiguration#loadBalancerRequestFactory matched:
      - @ConditionalOnMissingBean (types: org.springframework.cloud.client.loadbalancer.LoadBalancerRequestFactory; SearchStrategy: all) did not find any beans (OnBeanCondition)

   LoadBalancerAutoConfiguration#zoneConfig matched:
      - @ConditionalOnMissingBean (types: org.springframework.cloud.loadbalancer.config.LoadBalancerZoneConfig; SearchStrategy: all) did not find any beans (OnBeanCondition)

   LoadBalancerAutoConfiguration.DeferringLoadBalancerInterceptorConfig#deferringLoadBalancerInterceptor matched:
      - @ConditionalOnMissingBean (types: org.springframework.cloud.client.loadbalancer.DeferringLoadBalancerInterceptor; SearchStrategy: all) did not find any beans (OnBeanCondition)

   LoadBalancerAutoConfiguration.DeferringLoadBalancerInterceptorConfig#lbRestClientPostProcessor matched:
      - @ConditionalOnBean (types: org.springframework.cloud.client.loadbalancer.DeferringLoadBalancerInterceptor; SearchStrategy: all) found bean 'deferringLoadBalancerInterceptor'; @ConditionalOnMissingBean (types: org.springframework.cloud.client.loadbalancer.LoadBalancerRestClientBuilderBeanPostProcessor; SearchStrategy: all) did not find any beans (OnBeanCondition)

   LoadBalancerAutoConfiguration.DeferringLoadBalancerInterceptorConfig#lbRestTemplateBuilderPostProcessor matched:
      - @ConditionalOnBean (types: org.springframework.cloud.client.loadbalancer.DeferringLoadBalancerInterceptor; SearchStrategy: all) found bean 'deferringLoadBalancerInterceptor'; @ConditionalOnMissingBean (types: org.springframework.cloud.client.loadbalancer.LoadBalancerRestTemplateBuilderBeanPostProcessor; SearchStrategy: all) did not find any beans (OnBeanCondition)

   LoadBalancerAutoConfiguration.LoadBalancerInterceptorConfig matched:
      - AnyNestedCondition 1 matched 1 did not; NestedCondition on LoadBalancerAutoConfiguration.RetryMissingOrDisabledCondition.RetryDisabled @ConditionalOnProperty (spring.cloud.loadbalancer.retry.enabled=false) did not find property 'spring.cloud.loadbalancer.retry.enabled'; NestedCondition on LoadBalancerAutoConfiguration.RetryMissingOrDisabledCondition.RetryTemplateMissing @ConditionalOnMissingClass did not find unwanted class 'org.springframework.retry.support.RetryTemplate' (LoadBalancerAutoConfiguration.RetryMissingOrDisabledCondition)

   LoadBalancerAutoConfiguration.LoadBalancerInterceptorConfig#restTemplateCustomizer matched:
      - @ConditionalOnMissingBean (types: org.springframework.cloud.client.loadbalancer.RestTemplateCustomizer; SearchStrategy: all) did not find any beans (OnBeanCondition)

   LoadBalancerCacheAutoConfiguration matched:
      - @ConditionalOnClass found required classes 'org.springframework.cache.CacheManager', 'org.springframework.boot.autoconfigure.cache.CacheAutoConfiguration' (OnClassCondition)
      - AllNestedConditions 2 matched 0 did not; NestedCondition on LoadBalancerCacheAutoConfiguration.OnLoadBalancerCachingEnabledCondition.LoadBalancerCacheEnabled @ConditionalOnProperty (spring.cloud.loadbalancer.cache.enabled) matched; NestedCondition on LoadBalancerCacheAutoConfiguration.OnLoadBalancerCachingEnabledCondition.LoadBalancerEnabled @ConditionalOnProperty (spring.cloud.loadbalancer.enabled=true) matched (LoadBalancerCacheAutoConfiguration.OnLoadBalancerCachingEnabledCondition)

   LoadBalancerCacheAutoConfiguration.DefaultLoadBalancerCacheManagerConfiguration matched:
      - @ConditionalOnClass found required class 'com.stoyanr.evictor.ConcurrentMapWithTimedEviction' (OnClassCondition)
      - AnyNestedCondition 1 matched 1 did not; NestedCondition on LoadBalancerCacheAutoConfiguration.OnCaffeineCacheMissingCondition.CaffeineCacheManagerClassMissing @ConditionalOnMissingClass found unwanted class 'org.springframework.cache.caffeine.CaffeineCacheManager'; NestedCondition on LoadBalancerCacheAutoConfiguration.OnCaffeineCacheMissingCondition.CaffeineClassMissing @ConditionalOnMissingClass did not find unwanted class 'com.github.benmanes.caffeine.cache.Caffeine' (LoadBalancerCacheAutoConfiguration.OnCaffeineCacheMissingCondition)

   LoadBalancerCacheAutoConfiguration.DefaultLoadBalancerCacheManagerConfiguration#defaultLoadBalancerCacheManager matched:
      - @ConditionalOnMissingBean (types: org.springframework.cloud.loadbalancer.cache.LoadBalancerCacheManager; SearchStrategy: all) did not find any beans (OnBeanCondition)

   LoadBalancerCacheAutoConfiguration.LoadBalancerCacheManagerWarnConfiguration matched:
      - AnyNestedCondition 1 matched 1 did not; NestedCondition on LoadBalancerCacheAutoConfiguration.OnCaffeineCacheMissingCondition.CaffeineCacheManagerClassMissing @ConditionalOnMissingClass found unwanted class 'org.springframework.cache.caffeine.CaffeineCacheManager'; NestedCondition on LoadBalancerCacheAutoConfiguration.OnCaffeineCacheMissingCondition.CaffeineClassMissing @ConditionalOnMissingClass did not find unwanted class 'com.github.benmanes.caffeine.cache.Caffeine' (LoadBalancerCacheAutoConfiguration.OnCaffeineCacheMissingCondition)

   LoadBalancerEurekaAutoConfiguration matched:
      - @ConditionalOnClass found required class 'org.springframework.cloud.loadbalancer.annotation.LoadBalancerClientConfigurationRegistrar' (OnClassCondition)
      - @ConditionalOnProperty (eureka.client.enabled) matched (OnPropertyCondition)

   LoadBalancerEurekaAutoConfiguration#eurekaLoadBalancerProperties matched:
      - @ConditionalOnMissingBean (types: org.springframework.cloud.netflix.eureka.loadbalancer.EurekaLoadBalancerProperties; SearchStrategy: all) did not find any beans (OnBeanCondition)

   LogbackMetricsAutoConfiguration matched:
      - @ConditionalOnClass found required classes 'io.micrometer.core.instrument.MeterRegistry', 'ch.qos.logback.classic.LoggerContext', 'org.slf4j.LoggerFactory' (OnClassCondition)
      - LogbackLoggingCondition ILoggerFactory is a Logback LoggerContext (LogbackMetricsAutoConfiguration.LogbackLoggingCondition)
      - @ConditionalOnBean (types: io.micrometer.core.instrument.MeterRegistry; SearchStrategy: all) found bean 'simpleMeterRegistry' (OnBeanCondition)

   LogbackMetricsAutoConfiguration#logbackMetrics matched:
      - @ConditionalOnMissingBean (types: io.micrometer.core.instrument.binder.logging.LogbackMetrics; SearchStrategy: all) did not find any beans (OnBeanCondition)

   ManagementContextAutoConfiguration.SameManagementContextConfiguration matched:
      - Management Port actual port type (SAME) matched required type (OnManagementPortCondition)

   MetricsAutoConfiguration matched:
      - @ConditionalOnClass found required class 'io.micrometer.core.annotation.Timed' (OnClassCondition)

   MetricsAutoConfiguration#micrometerClock matched:
      - @ConditionalOnMissingBean (types: io.micrometer.core.instrument.Clock; SearchStrategy: all) did not find any beans (OnBeanCondition)

   MongoAutoConfiguration matched:
      - @ConditionalOnClass found required class 'com.mongodb.client.MongoClient' (OnClassCondition)
      - @ConditionalOnMissingBean (types: org.springframework.data.mongodb.MongoDatabaseFactory; SearchStrategy: all) did not find any beans (OnBeanCondition)

   MongoAutoConfiguration#mongo matched:
      - @ConditionalOnMissingBean (types: com.mongodb.client.MongoClient; SearchStrategy: all) did not find any beans (OnBeanCondition)

   MongoAutoConfiguration#mongoConnectionDetails matched:
      - @ConditionalOnMissingBean (types: org.springframework.boot.autoconfigure.mongo.MongoConnectionDetails; SearchStrategy: all) did not find any beans (OnBeanCondition)

   MongoAutoConfiguration.MongoClientSettingsConfiguration matched:
      - @ConditionalOnMissingBean (types: com.mongodb.MongoClientSettings; SearchStrategy: all) did not find any beans (OnBeanCondition)

   MongoDataAutoConfiguration matched:
      - @ConditionalOnClass found required classes 'com.mongodb.client.MongoClient', 'org.springframework.data.mongodb.core.MongoTemplate' (OnClassCondition)

   MongoDataConfiguration#mappingMongoConverter matched:
      - @ConditionalOnMissingBean (types: org.springframework.data.mongodb.core.convert.MongoConverter; SearchStrategy: all) did not find any beans (OnBeanCondition)

   MongoDataConfiguration#mongoCustomConversions matched:
      - @ConditionalOnMissingBean (types: org.springframework.data.mongodb.core.convert.MongoCustomConversions; SearchStrategy: all) did not find any beans (OnBeanCondition)

   MongoDataConfiguration#mongoManagedTypes matched:
      - @ConditionalOnMissingBean (types: org.springframework.data.mongodb.MongoManagedTypes; SearchStrategy: all) did not find any beans (OnBeanCondition)

   MongoDataConfiguration#mongoMappingContext matched:
      - @ConditionalOnMissingBean (types: org.springframework.data.mongodb.core.mapping.MongoMappingContext; SearchStrategy: all) did not find any beans (OnBeanCondition)

   MongoDatabaseFactoryConfiguration matched:
      - @ConditionalOnSingleCandidate (types: com.mongodb.client.MongoClient; SearchStrategy: all) found a single bean 'mongo'; @ConditionalOnMissingBean (types: org.springframework.data.mongodb.MongoDatabaseFactory; SearchStrategy: all) did not find any beans (OnBeanCondition)

   MongoDatabaseFactoryDependentConfiguration matched:
      - @ConditionalOnBean (types: org.springframework.data.mongodb.MongoDatabaseFactory; SearchStrategy: all) found bean 'mongoDatabaseFactory' (OnBeanCondition)

   MongoDatabaseFactoryDependentConfiguration#gridFsTemplate matched:
      - @ConditionalOnMissingBean (types: org.springframework.data.mongodb.gridfs.GridFsOperations; SearchStrategy: all) did not find any beans (OnBeanCondition)

   MongoDatabaseFactoryDependentConfiguration#mongoTemplate matched:
      - @ConditionalOnMissingBean (types: org.springframework.data.mongodb.core.MongoOperations; SearchStrategy: all) did not find any beans (OnBeanCondition)

   MongoHealthContributorAutoConfiguration matched:
      - @ConditionalOnClass found required class 'org.springframework.data.mongodb.core.MongoTemplate' (OnClassCondition)
      - @ConditionalOnEnabledHealthIndicator management.health.defaults.enabled is considered true (OnEnabledHealthIndicatorCondition)
      - @ConditionalOnBean (types: org.springframework.data.mongodb.core.MongoTemplate; SearchStrategy: all) found bean 'mongoTemplate' (OnBeanCondition)

   MongoHealthContributorAutoConfiguration#mongoHealthContributor matched:
      - @ConditionalOnMissingBean (names: mongoHealthIndicator,mongoHealthContributor; SearchStrategy: all) did not find any beans (OnBeanCondition)

   MongoMetricsAutoConfiguration matched:
      - @ConditionalOnClass found required class 'com.mongodb.MongoClientSettings' (OnClassCondition)
      - @ConditionalOnBean (types: io.micrometer.core.instrument.MeterRegistry; SearchStrategy: all) found bean 'simpleMeterRegistry' (OnBeanCondition)

   MongoMetricsAutoConfiguration.MongoCommandMetricsConfiguration matched:
      - @ConditionalOnClass found required class 'io.micrometer.core.instrument.binder.mongodb.MongoMetricsCommandListener' (OnClassCondition)
      - @ConditionalOnBooleanProperty (management.metrics.mongo.command.enabled=true) matched (OnPropertyCondition)

   MongoMetricsAutoConfiguration.MongoCommandMetricsConfiguration#mongoCommandTagsProvider matched:
      - @ConditionalOnMissingBean (types: io.micrometer.core.instrument.binder.mongodb.MongoCommandTagsProvider; SearchStrategy: all) did not find any beans (OnBeanCondition)

   MongoMetricsAutoConfiguration.MongoCommandMetricsConfiguration#mongoMetricsCommandListener matched:
      - @ConditionalOnMissingBean (types: io.micrometer.core.instrument.binder.mongodb.MongoMetricsCommandListener; SearchStrategy: all) did not find any beans (OnBeanCondition)

   MongoMetricsAutoConfiguration.MongoConnectionPoolMetricsConfiguration matched:
      - @ConditionalOnClass found required class 'io.micrometer.core.instrument.binder.mongodb.MongoMetricsConnectionPoolListener' (OnClassCondition)
      - @ConditionalOnBooleanProperty (management.metrics.mongo.connectionpool.enabled=true) matched (OnPropertyCondition)

   MongoMetricsAutoConfiguration.MongoConnectionPoolMetricsConfiguration#mongoConnectionPoolTagsProvider matched:
      - @ConditionalOnMissingBean (types: io.micrometer.core.instrument.binder.mongodb.MongoConnectionPoolTagsProvider; SearchStrategy: all) did not find any beans (OnBeanCondition)

   MongoMetricsAutoConfiguration.MongoConnectionPoolMetricsConfiguration#mongoMetricsConnectionPoolListener matched:
      - @ConditionalOnMissingBean (types: io.micrometer.core.instrument.binder.mongodb.MongoMetricsConnectionPoolListener; SearchStrategy: all) did not find any beans (OnBeanCondition)

   MongoRepositoriesAutoConfiguration matched:
      - @ConditionalOnClass found required classes 'com.mongodb.client.MongoClient', 'org.springframework.data.mongodb.repository.MongoRepository' (OnClassCondition)
      - @ConditionalOnRepositoryType configured type of 'AUTO' matched required type (OnRepositoryTypeCondition)
      - @ConditionalOnMissingBean (types: org.springframework.data.mongodb.repository.support.MongoRepositoryFactoryBean,org.springframework.data.mongodb.repository.config.MongoRepositoryConfigurationExtension; SearchStrategy: all) did not find any beans (OnBeanCondition)

   MultipartAutoConfiguration matched:
      - @ConditionalOnClass found required classes 'jakarta.servlet.Servlet', 'org.springframework.web.multipart.support.StandardServletMultipartResolver', 'jakarta.servlet.MultipartConfigElement' (OnClassCondition)
      - found 'session' scope (OnWebApplicationCondition)
      - @ConditionalOnBooleanProperty (spring.servlet.multipart.enabled=true) matched (OnPropertyCondition)

   MultipartAutoConfiguration#multipartConfigElement matched:
      - @ConditionalOnMissingBean (types: jakarta.servlet.MultipartConfigElement; SearchStrategy: all) did not find any beans (OnBeanCondition)

   MultipartAutoConfiguration#multipartResolver matched:
      - @ConditionalOnMissingBean (types: org.springframework.web.multipart.MultipartResolver; SearchStrategy: all) did not find any beans (OnBeanCondition)

   NoOpCacheConfiguration matched:
      - Cache org.springframework.boot.autoconfigure.cache.NoOpCacheConfiguration automatic cache type (CacheCondition)

   ObservationAutoConfiguration matched:
      - @ConditionalOnClass found required class 'io.micrometer.observation.ObservationRegistry' (OnClassCondition)

   ObservationAutoConfiguration#observationRegistry matched:
      - @ConditionalOnMissingBean (types: io.micrometer.observation.ObservationRegistry; SearchStrategy: all) did not find any beans (OnBeanCondition)

   ObservationAutoConfiguration.MeterObservationHandlerConfiguration matched:
      - @ConditionalOnBean (types: io.micrometer.core.instrument.MeterRegistry; SearchStrategy: all) found bean 'simpleMeterRegistry'; @ConditionalOnMissingBean (types: io.micrometer.core.instrument.observation.MeterObservationHandler; SearchStrategy: all) did not find any beans (OnBeanCondition)

   ObservationAutoConfiguration.MeterObservationHandlerConfiguration.OnlyMetricsMeterObservationHandlerConfiguration matched:
      - @ConditionalOnMissingBean (types: io.micrometer.tracing.Tracer; SearchStrategy: all) did not find any beans (OnBeanCondition)

   ObservationAutoConfiguration.OnlyMetricsConfiguration matched:
      - @ConditionalOnClass found required class 'io.micrometer.core.instrument.MeterRegistry'; @ConditionalOnMissingClass did not find unwanted class 'io.micrometer.tracing.Tracer' (OnClassCondition)

   PersistenceExceptionTranslationAutoConfiguration matched:
      - @ConditionalOnClass found required class 'org.springframework.dao.annotation.PersistenceExceptionTranslationPostProcessor' (OnClassCondition)

   PersistenceExceptionTranslationAutoConfiguration#persistenceExceptionTranslationPostProcessor matched:
      - @ConditionalOnBooleanProperty (spring.dao.exceptiontranslation.enabled=true) matched (OnPropertyCondition)
      - @ConditionalOnMissingBean (types: org.springframework.dao.annotation.PersistenceExceptionTranslationPostProcessor; SearchStrategy: all) did not find any beans (OnBeanCondition)

   PropertyPlaceholderAutoConfiguration#propertySourcesPlaceholderConfigurer matched:
      - @ConditionalOnMissingBean (types: org.springframework.context.support.PropertySourcesPlaceholderConfigurer; SearchStrategy: current) did not find any beans (OnBeanCondition)

   ReactiveHealthEndpointConfiguration matched:
      - @ConditionalOnClass found required class 'reactor.core.publisher.Flux' (OnClassCondition)
      - @ConditionalOnBean (types: org.springframework.boot.actuate.health.HealthEndpoint; SearchStrategy: all) found bean 'healthEndpoint' (OnBeanCondition)

   ReactiveHealthEndpointConfiguration#reactiveHealthContributorRegistry matched:
      - @ConditionalOnMissingBean (types: org.springframework.boot.actuate.health.ReactiveHealthContributorRegistry; SearchStrategy: all) did not find any beans (OnBeanCondition)

   ReactorAutoConfiguration matched:
      - @ConditionalOnClass found required class 'reactor.core.publisher.Hooks' (OnClassCondition)

   RefreshAutoConfiguration matched:
      - @ConditionalOnClass found required class 'org.springframework.cloud.context.scope.refresh.RefreshScope' (OnClassCondition)
      - @ConditionalOnProperty (spring.cloud.refresh.enabled) matched (OnPropertyCondition)

   RefreshAutoConfiguration#configDataContextRefresher matched:
      - @ConditionalOnMissingBean (types: org.springframework.cloud.context.refresh.ConfigDataContextRefresher; SearchStrategy: all) did not find any beans (OnBeanCondition)
      - NoneNestedConditions 0 matched 3 did not; NestedCondition on ConditionalOnBootstrapDisabled.OnBootstrapDisabledCondition.OnBootstrapEnabled @ConditionalOnProperty (spring.cloud.bootstrap.enabled) did not find property 'spring.cloud.bootstrap.enabled'; NestedCondition on ConditionalOnBootstrapDisabled.OnBootstrapDisabledCondition.OnUseLegacyProcessingEnabled @ConditionalOnProperty (spring.config.use-legacy-processing) did not find property 'spring.config.use-legacy-processing'; NestedCondition on ConditionalOnBootstrapDisabled.OnBootstrapDisabledCondition.OnBootstrapMarkerClassPresent @ConditionalOnClass did not find required class 'org.springframework.cloud.bootstrap.marker.Marker' (ConditionalOnBootstrapDisabled.OnBootstrapDisabledCondition)

   RefreshAutoConfiguration#loggingRebinder matched:
      - @ConditionalOnMissingBean (types: org.springframework.cloud.logging.LoggingRebinder; SearchStrategy: all) did not find any beans (OnBeanCondition)

   RefreshAutoConfiguration#refreshScope matched:
      - @ConditionalOnMissingBean (types: org.springframework.cloud.context.scope.refresh.RefreshScope; SearchStrategy: all) did not find any beans (OnBeanCondition)

   RefreshAutoConfiguration#refreshScopeLifecycle matched:
      - @ConditionalOnProperty (spring.cloud.refresh.on-restart.enabled) matched (OnPropertyCondition)

   RefreshEndpointAutoConfiguration matched:
      - @ConditionalOnClass found required classes 'org.springframework.boot.actuate.autoconfigure.endpoint.EndpointAutoConfiguration', 'org.springframework.boot.actuate.health.Health' (OnClassCondition)

   RefreshEndpointAutoConfiguration#refreshScopeHealthIndicator matched:
      - @ConditionalOnMissingBean (types: org.springframework.cloud.health.RefreshScopeHealthIndicator; SearchStrategy: all) did not find any beans (OnBeanCondition)
      - @ConditionalOnEnabledHealthIndicator management.health.defaults.enabled is considered true (OnEnabledHealthIndicatorCondition)

   RepositoryMetricsAutoConfiguration matched:
      - @ConditionalOnClass found required class 'org.springframework.data.repository.Repository' (OnClassCondition)
      - @ConditionalOnBean (types: io.micrometer.core.instrument.MeterRegistry; SearchStrategy: all) found bean 'simpleMeterRegistry' (OnBeanCondition)

   RepositoryMetricsAutoConfiguration#metricsRepositoryMethodInvocationListener matched:
      - @ConditionalOnMissingBean (types: org.springframework.boot.actuate.metrics.data.MetricsRepositoryMethodInvocationListener; SearchStrategy: all) did not find any beans (OnBeanCondition)

   RepositoryMetricsAutoConfiguration#repositoryTagsProvider matched:
      - @ConditionalOnMissingBean (types: org.springframework.boot.actuate.metrics.data.RepositoryTagsProvider; SearchStrategy: all) did not find any beans (OnBeanCondition)

   ResourceServerTokenRelayAutoConfiguration matched:
      - @ConditionalOnClass found required class 'org.springframework.web.servlet.config.annotation.WebMvcConfigurer' (OnClassCondition)
      - found 'session' scope (OnWebApplicationCondition)
      - @ConditionalOnProperty (spring.cloud.mvc.token-relay.enabled) matched (OnPropertyCondition)

   RestClientAutoConfiguration matched:
      - @ConditionalOnClass found required class 'org.springframework.web.client.RestClient' (OnClassCondition)
      - AnyNestedCondition 1 matched 1 did not; NestedCondition on NotReactiveWebApplicationOrVirtualThreadsExecutorEnabledCondition.VirtualThreadsExecutorEnabled found non-matching nested conditions @ConditionalOnThreading did not find VIRTUAL; NestedCondition on NotReactiveWebApplicationOrVirtualThreadsExecutorEnabledCondition.NotReactiveWebApplication NoneNestedConditions 0 matched 1 did not; NestedCondition on NotReactiveWebApplicationCondition.ReactiveWebApplication did not find reactive web application classes (NotReactiveWebApplicationOrVirtualThreadsExecutorEnabledCondition)

   RestClientAutoConfiguration#httpMessageConvertersRestClientCustomizer matched:
      - @ConditionalOnMissingBean (types: org.springframework.boot.autoconfigure.web.client.HttpMessageConvertersRestClientCustomizer; SearchStrategy: all) did not find any beans (OnBeanCondition)

   RestClientAutoConfiguration#restClientBuilder matched:
      - @ConditionalOnMissingBean (types: org.springframework.web.client.RestClient$Builder; SearchStrategy: all) did not find any beans (OnBeanCondition)

   RestClientAutoConfiguration#restClientBuilderConfigurer matched:
      - @ConditionalOnMissingBean (types: org.springframework.boot.autoconfigure.web.client.RestClientBuilderConfigurer; SearchStrategy: all) did not find any beans (OnBeanCondition)

   RestClientAutoConfiguration#restClientSsl matched:
      - @ConditionalOnBean (types: org.springframework.boot.ssl.SslBundles; SearchStrategy: all) found bean 'sslBundleRegistry'; @ConditionalOnMissingBean (types: org.springframework.boot.autoconfigure.web.client.RestClientSsl; SearchStrategy: all) did not find any beans (OnBeanCondition)

   RestClientObservationConfiguration matched:
      - @ConditionalOnClass found required class 'org.springframework.web.client.RestClient' (OnClassCondition)
      - @ConditionalOnBean (types: org.springframework.web.client.RestClient$Builder; SearchStrategy: all) found bean 'restClientBuilder' (OnBeanCondition)

   RestTemplateAutoConfiguration matched:
      - @ConditionalOnClass found required class 'org.springframework.web.client.RestTemplate' (OnClassCondition)
      - NoneNestedConditions 0 matched 1 did not; NestedCondition on NotReactiveWebApplicationCondition.ReactiveWebApplication did not find reactive web application classes (NotReactiveWebApplicationCondition)

   RestTemplateAutoConfiguration#restTemplateBuilder matched:
      - @ConditionalOnMissingBean (types: org.springframework.boot.web.client.RestTemplateBuilder; SearchStrategy: all) did not find any beans (OnBeanCondition)

   RestTemplateObservationConfiguration matched:
      - @ConditionalOnClass found required class 'org.springframework.web.client.RestTemplate' (OnClassCondition)
      - @ConditionalOnBean (types: org.springframework.boot.web.client.RestTemplateBuilder; SearchStrategy: all) found bean 'restTemplateBuilder' (OnBeanCondition)

   RestartEndpointWithoutIntegrationConfiguration matched:
      - @ConditionalOnMissingClass did not find unwanted class 'org.springframework.integration.monitor.IntegrationMBeanExporter' (OnClassCondition)

   ScheduledTasksObservabilityAutoConfiguration matched:
      - @ConditionalOnClass found required class 'org.springframework.scheduling.concurrent.ThreadPoolTaskScheduler' (OnClassCondition)
      - @ConditionalOnBean (types: io.micrometer.observation.ObservationRegistry; SearchStrategy: all) found bean 'observationRegistry' (OnBeanCondition)

   SecurityAutoConfiguration matched:
      - @ConditionalOnClass found required class 'org.springframework.security.authentication.DefaultAuthenticationEventPublisher' (OnClassCondition)

   SecurityAutoConfiguration#authenticationEventPublisher matched:
      - @ConditionalOnMissingBean (types: org.springframework.security.authentication.AuthenticationEventPublisher; SearchStrategy: all) did not find any beans (OnBeanCondition)

   SecurityFilterAutoConfiguration matched:
      - @ConditionalOnClass found required classes 'org.springframework.security.web.context.AbstractSecurityWebApplicationInitializer', 'org.springframework.security.config.http.SessionCreationPolicy' (OnClassCondition)
      - found 'session' scope (OnWebApplicationCondition)

   SecurityFilterAutoConfiguration#securityFilterChainRegistration matched:
      - @ConditionalOnBean (names: springSecurityFilterChain; SearchStrategy: all) found bean 'springSecurityFilterChain' (OnBeanCondition)

   SecurityRequestMatchersManagementContextConfiguration matched:
      - @ConditionalOnClass found required class 'org.springframework.security.web.util.matcher.RequestMatcher' (OnClassCondition)
      - found 'session' scope (OnWebApplicationCondition)

   SecurityRequestMatchersManagementContextConfiguration.MvcRequestMatcherConfiguration matched:
      - @ConditionalOnClass found required class 'org.springframework.web.servlet.DispatcherServlet' (OnClassCondition)
      - @ConditionalOnBean (types: org.springframework.boot.autoconfigure.web.servlet.DispatcherServletPath; SearchStrategy: all) found bean 'dispatcherServletRegistration' (OnBeanCondition)

   SecurityRequestMatchersManagementContextConfiguration.MvcRequestMatcherConfiguration#requestMatcherProvider matched:
      - @ConditionalOnMissingBean (types: org.springframework.boot.actuate.autoconfigure.security.servlet.RequestMatcherProvider; SearchStrategy: all) did not find any beans (OnBeanCondition)

   ServiceRegistryAutoConfiguration.ServiceRegistryEndpointConfiguration matched:
      - @ConditionalOnClass found required class 'org.springframework.boot.actuate.endpoint.annotation.Endpoint' (OnClassCondition)
      - @ConditionalOnBean (types: org.springframework.cloud.client.serviceregistry.ServiceRegistry; SearchStrategy: all) found bean 'eurekaServiceRegistry' (OnBeanCondition)

   ServletEndpointManagementContextConfiguration matched:
      - found 'session' scope (OnWebApplicationCondition)

   ServletEndpointManagementContextConfiguration.WebMvcServletEndpointManagementContextConfiguration matched:
      - @ConditionalOnClass found required class 'org.springframework.web.servlet.DispatcherServlet' (OnClassCondition)

   ServletManagementContextAutoConfiguration matched:
      - @ConditionalOnClass found required class 'jakarta.servlet.Servlet' (OnClassCondition)
      - found 'session' scope (OnWebApplicationCondition)

   ServletWebServerFactoryAutoConfiguration matched:
      - @ConditionalOnClass found required class 'jakarta.servlet.ServletRequest' (OnClassCondition)
      - found 'session' scope (OnWebApplicationCondition)

   ServletWebServerFactoryAutoConfiguration.TomcatConfiguration matched:
      - @ConditionalOnClass found required class 'org.apache.catalina.startup.Tomcat' (OnClassCondition)

   ServletWebServerFactoryConfiguration.EmbeddedTomcat matched:
      - @ConditionalOnClass found required classes 'jakarta.servlet.Servlet', 'org.apache.catalina.startup.Tomcat', 'org.apache.coyote.UpgradeProtocol' (OnClassCondition)
      - @ConditionalOnMissingBean (types: org.springframework.boot.web.servlet.server.ServletWebServerFactory; SearchStrategy: current) did not find any beans (OnBeanCondition)

   SimpleCacheConfiguration matched:
      - Cache org.springframework.boot.autoconfigure.cache.SimpleCacheConfiguration automatic cache type (CacheCondition)

   SimpleDiscoveryClientAutoConfiguration#simpleDiscoveryProperties matched:
      - @ConditionalOnMissingBean (types: org.springframework.cloud.client.discovery.simple.SimpleDiscoveryProperties; SearchStrategy: all) did not find any beans (OnBeanCondition)

   SimpleMetricsExportAutoConfiguration matched:
      - @ConditionalOnEnabledMetricsExport management.defaults.metrics.export.enabled is considered true (OnMetricsExportEnabledCondition)
      - @ConditionalOnBean (types: io.micrometer.core.instrument.Clock; SearchStrategy: all) found bean 'micrometerClock'; @ConditionalOnMissingBean (types: io.micrometer.core.instrument.MeterRegistry; SearchStrategy: all) did not find any beans (OnBeanCondition)

   SimpleMetricsExportAutoConfiguration#simpleConfig matched:
      - @ConditionalOnMissingBean (types: io.micrometer.core.instrument.simple.SimpleConfig; SearchStrategy: all) did not find any beans (OnBeanCondition)

   SpringBootWebSecurityConfiguration matched:
      - found 'session' scope (OnWebApplicationCondition)

   SpringDataWebAutoConfiguration matched:
      - @ConditionalOnClass found required classes 'org.springframework.data.web.PageableHandlerMethodArgumentResolver', 'org.springframework.web.servlet.config.annotation.WebMvcConfigurer' (OnClassCondition)
      - found 'session' scope (OnWebApplicationCondition)
      - @ConditionalOnMissingBean (types: org.springframework.data.web.PageableHandlerMethodArgumentResolver; SearchStrategy: all) did not find any beans (OnBeanCondition)

   SpringDataWebAutoConfiguration#pageableCustomizer matched:
      - @ConditionalOnMissingBean (types: org.springframework.data.web.config.PageableHandlerMethodArgumentResolverCustomizer; SearchStrategy: all) did not find any beans (OnBeanCondition)

   SpringDataWebAutoConfiguration#sortCustomizer matched:
      - @ConditionalOnMissingBean (types: org.springframework.data.web.config.SortHandlerMethodArgumentResolverCustomizer; SearchStrategy: all) did not find any beans (OnBeanCondition)

   SpringDataWebAutoConfiguration#springDataWebSettings matched:
      - @ConditionalOnMissingBean (types: org.springframework.data.web.config.SpringDataWebSettings; SearchStrategy: all) did not find any beans (OnBeanCondition)

   SpringDocConfigProperties matched:
      - @ConditionalOnProperty (springdoc.api-docs.enabled) matched (OnPropertyCondition)
      - @ConditionalOnBean (types: org.springdoc.core.configuration.SpringDocConfiguration; SearchStrategy: all) found bean 'org.springdoc.core.configuration.SpringDocConfiguration' (OnBeanCondition)

   SpringDocConfiguration matched:
      - @ConditionalOnWebApplication (required) found 'session' scope (OnWebApplicationCondition)
      - @ConditionalOnProperty (springdoc.api-docs.enabled) matched (OnPropertyCondition)

   SpringDocConfiguration#fileSupportConverter matched:
      - @ConditionalOnMissingBean (types: org.springdoc.core.converters.FileSupportConverter; SearchStrategy: all) did not find any beans (OnBeanCondition)

   SpringDocConfiguration#globalOpenApiCustomizer matched:
      - @ConditionalOnMissingBean (names: globalOpenApiCustomizer; SearchStrategy: all) did not find any beans (OnBeanCondition)

   SpringDocConfiguration#initExtraSchemas matched:
      - @ConditionalOnProperty (springdoc.enable-extra-schemas) matched (OnPropertyCondition)

   SpringDocConfiguration#oas31ModelConverter matched:
      - @ConditionalOnMissingBean (types: org.springdoc.core.converters.OAS31ModelConverter; SearchStrategy: all) did not find any beans (OnBeanCondition)

   SpringDocConfiguration#openAPIBuilder matched:
      - @ConditionalOnMissingBean (types: org.springdoc.core.service.OpenAPIService; SearchStrategy: all) did not find any beans (OnBeanCondition)

   SpringDocConfiguration#operationBuilder matched:
      - @ConditionalOnMissingBean (types: org.springdoc.core.service.OperationService; SearchStrategy: all) did not find any beans (OnBeanCondition)

   SpringDocConfiguration#parameterBuilder matched:
      - @ConditionalOnMissingBean (types: org.springdoc.core.service.GenericParameterService; SearchStrategy: all) did not find any beans (OnBeanCondition)

   SpringDocConfiguration#parameterObjectNamingStrategyCustomizer matched:
      - @ConditionalOnMissingBean (types: org.springdoc.core.customizers.ParameterObjectNamingStrategyCustomizer; SearchStrategy: all) did not find any beans (OnBeanCondition)

   SpringDocConfiguration#polymorphicModelConverter matched:
      - @ConditionalOnProperty (springdoc.model-converters.polymorphic-converter.enabled) matched (OnPropertyCondition)
      - @ConditionalOnMissingBean (types: org.springdoc.core.converters.PolymorphicModelConverter; SearchStrategy: all) did not find any beans (OnBeanCondition)

   SpringDocConfiguration#requestBodyBuilder matched:
      - @ConditionalOnMissingBean (types: org.springdoc.core.service.RequestBodyService; SearchStrategy: all) did not find any beans (OnBeanCondition)

   SpringDocConfiguration#responseSupportConverter matched:
      - @ConditionalOnMissingBean (types: org.springdoc.core.converters.ResponseSupportConverter; SearchStrategy: all) did not find any beans (OnBeanCondition)

   SpringDocConfiguration#schemaPropertyDeprecatingConverter matched:
      - @ConditionalOnProperty (springdoc.model-converters.deprecating-converter.enabled) matched (OnPropertyCondition)
      - @ConditionalOnMissingBean (types: org.springdoc.core.converters.SchemaPropertyDeprecatingConverter; SearchStrategy: all) did not find any beans (OnBeanCondition)

   SpringDocConfiguration#securityParser matched:
      - @ConditionalOnMissingBean (types: org.springdoc.core.service.SecurityService; SearchStrategy: all) did not find any beans (OnBeanCondition)

   SpringDocConfiguration#springDocCustomizers matched:
      - @ConditionalOnMissingBean (types: org.springdoc.core.customizers.SpringDocCustomizers; SearchStrategy: all) did not find any beans (OnBeanCondition)

   SpringDocConfiguration#springDocProviders matched:
      - @ConditionalOnMissingBean (types: org.springdoc.core.providers.SpringDocProviders; SearchStrategy: all) did not find any beans (OnBeanCondition)

   SpringDocConfiguration#springdocObjectMapperProvider matched:
      - @ConditionalOnMissingBean (types: org.springdoc.core.providers.ObjectMapperProvider; SearchStrategy: all) did not find any beans (OnBeanCondition)

   SpringDocConfiguration.QuerydslProvider matched:
      - @ConditionalOnClass found required class 'org.springframework.data.querydsl.binding.QuerydslBindingsFactory' (OnClassCondition)

   SpringDocConfiguration.QuerydslProvider#queryDslQuerydslPredicateOperationCustomizer matched:
      - @ConditionalOnMissingBean (types: org.springdoc.core.customizers.QuerydslPredicateOperationCustomizer; SearchStrategy: all) did not find any beans (OnBeanCondition)

   SpringDocConfiguration.SpringDocSpringDataWebPropertiesProvider matched:
      - @ConditionalOnClass found required class 'org.springframework.boot.autoconfigure.data.web.SpringDataWebProperties' (OnClassCondition)

   SpringDocConfiguration.SpringDocSpringDataWebPropertiesProvider#springDataWebPropertiesProvider matched:
      - @ConditionalOnMissingBean (types: org.springdoc.core.providers.SpringDataWebPropertiesProvider; SearchStrategy: all) did not find any beans (OnBeanCondition)

   SpringDocConfiguration.SpringDocWebFluxSupportConfiguration matched:
      - @ConditionalOnClass found required class 'reactor.core.publisher.Flux' (OnClassCondition)

   SpringDocConfiguration.SpringDocWebFluxSupportConfiguration#webFluxSupportConverter matched:
      - @ConditionalOnMissingBean (types: org.springdoc.core.converters.WebFluxSupportConverter; SearchStrategy: all) did not find any beans (OnBeanCondition)

   SpringDocConfiguration.WebConversionServiceConfiguration matched:
      - @ConditionalOnClass found required class 'org.springframework.boot.autoconfigure.web.format.WebConversionService' (OnClassCondition)

   SpringDocPageableConfiguration matched:
      - @ConditionalOnClass found required class 'org.springframework.data.domain.Pageable' (OnClassCondition)
      - @ConditionalOnWebApplication (required) found 'session' scope (OnWebApplicationCondition)
      - @ConditionalOnProperty (springdoc.api-docs.enabled) matched (OnPropertyCondition)
      - @ConditionalOnBean (types: org.springdoc.core.configuration.SpringDocConfiguration; SearchStrategy: all) found bean 'org.springdoc.core.configuration.SpringDocConfiguration' (OnBeanCondition)

   SpringDocPageableConfiguration#dataRestDelegatingMethodParameterCustomizer matched:
      - @ConditionalOnMissingBean (types: org.springdoc.core.customizers.DataRestDelegatingMethodParameterCustomizer; SearchStrategy: all) did not find any beans (OnBeanCondition)

   SpringDocPageableConfiguration#pageOpenAPIConverter matched:
      - @ConditionalOnClass found required classes 'org.springframework.data.web.PagedModel', 'org.springframework.data.web.config.SpringDataWebSettings' (OnClassCondition)
      - @ConditionalOnMissingBean (types: org.springdoc.core.converters.PageOpenAPIConverter; SearchStrategy: all) did not find any beans (OnBeanCondition)

   SpringDocPageableConfiguration#pageableOpenAPIConverter matched:
      - @ConditionalOnProperty (springdoc.model-converters.pageable-converter.enabled) matched (OnPropertyCondition)
      - @ConditionalOnMissingBean (types: org.springdoc.core.converters.PageableOpenAPIConverter; SearchStrategy: all) did not find any beans (OnBeanCondition)

   SpringDocSecurityConfiguration matched:
      - @ConditionalOnClass found required class 'org.springframework.security.web.SecurityFilterChain' (OnClassCondition)
      - @ConditionalOnWebApplication (required) found 'session' scope (OnWebApplicationCondition)
      - @ConditionalOnExpression (#{${springdoc.api-docs.enabled:true} and ${springdoc.enable-spring-security:true}}) resulted in true (OnExpressionCondition)
      - @ConditionalOnBean (types: org.springdoc.core.configuration.SpringDocConfiguration; SearchStrategy: all) found bean 'org.springdoc.core.configuration.SpringDocConfiguration' (OnBeanCondition)

   SpringDocSecurityConfiguration.SpringSecurityLoginEndpointConfiguration matched:
      - @ConditionalOnClass found required class 'jakarta.servlet.Filter' (OnClassCondition)

   SpringDocSortConfiguration matched:
      - @ConditionalOnClass found required class 'org.springframework.data.domain.Sort' (OnClassCondition)
      - @ConditionalOnWebApplication (required) found 'session' scope (OnWebApplicationCondition)
      - @ConditionalOnProperty (springdoc.api-docs.enabled) matched (OnPropertyCondition)
      - @ConditionalOnBean (types: org.springdoc.core.configuration.SpringDocConfiguration; SearchStrategy: all) found bean 'org.springdoc.core.configuration.SpringDocConfiguration' (OnBeanCondition)

   SpringDocSortConfiguration#sortOpenAPIConverter matched:
      - @ConditionalOnProperty (springdoc.sort-converter.enabled) matched (OnPropertyCondition)
      - @ConditionalOnMissingBean (types: org.springdoc.core.converters.SortOpenAPIConverter; SearchStrategy: all) did not find any beans (OnBeanCondition)

   SpringDocWebMvcConfiguration matched:
      - found 'session' scope (OnWebApplicationCondition)
      - @ConditionalOnProperty (springdoc.api-docs.enabled) matched (OnPropertyCondition)
      - @ConditionalOnBean (types: org.springdoc.core.configuration.SpringDocConfiguration; SearchStrategy: all) found bean 'org.springdoc.core.configuration.SpringDocConfiguration' (OnBeanCondition)

   SpringDocWebMvcConfiguration#openApiResource matched:
      - @ConditionalOnExpression (#{(${springdoc.use-management-port:false} == false ) and ${springdoc.enable-default-api-docs:true}}) resulted in true (OnExpressionCondition)
      - @ConditionalOnMissingBean (types: org.springdoc.webmvc.api.OpenApiWebMvcResource; SearchStrategy: all) did not find any beans (OnBeanCondition)

   SpringDocWebMvcConfiguration#requestBuilder matched:
      - @ConditionalOnMissingBean (types: org.springdoc.webmvc.core.service.RequestService; SearchStrategy: all) did not find any beans (OnBeanCondition)

   SpringDocWebMvcConfiguration#responseBuilder matched:
      - @ConditionalOnMissingBean (types: org.springdoc.core.service.GenericResponseService; SearchStrategy: all) did not find any beans (OnBeanCondition)

   SpringDocWebMvcConfiguration#springWebProvider matched:
      - @ConditionalOnMissingBean (types: org.springdoc.core.providers.SpringWebProvider; SearchStrategy: all) did not find any beans (OnBeanCondition)

   SpringDocWebMvcConfiguration.SpringDocWebMvcActuatorConfiguration matched:
      - @ConditionalOnClass found required class 'org.springframework.boot.actuate.endpoint.web.servlet.WebMvcEndpointHandlerMapping' (OnClassCondition)

   SpringDocWebMvcConfiguration.SpringDocWebMvcRouterConfiguration matched:
      - @ConditionalOnClass found required class 'org.springframework.web.servlet.function.RouterFunction' (OnClassCondition)

   SpringDocWebMvcConfiguration.SpringDocWebMvcRouterConfiguration#routerFunctionProvider matched:
      - @ConditionalOnMissingBean (types: org.springdoc.webmvc.core.providers.RouterFunctionWebMvcProvider; SearchStrategy: all) did not find any beans (OnBeanCondition)

   SqlInitializationAutoConfiguration matched:
      - @ConditionalOnBooleanProperty (spring.sql.init.enabled=true) matched (OnPropertyCondition)
      - NoneNestedConditions 0 matched 1 did not; NestedCondition on SqlInitializationAutoConfiguration.SqlInitializationModeCondition.ModeIsNever @ConditionalOnProperty (spring.sql.init.mode=never) did not find property 'spring.sql.init.mode' (SqlInitializationAutoConfiguration.SqlInitializationModeCondition)

   SslAutoConfiguration#sslBundleRegistry matched:
      - @ConditionalOnMissingBean (types: org.springframework.boot.ssl.SslBundleRegistry,org.springframework.boot.ssl.SslBundles; SearchStrategy: all) did not find any beans (OnBeanCondition)

   SslHealthContributorAutoConfiguration matched:
      - @ConditionalOnEnabledHealthIndicator management.health.defaults.enabled is considered true (OnEnabledHealthIndicatorCondition)

   SslHealthContributorAutoConfiguration#sslHealthIndicator matched:
      - @ConditionalOnMissingBean (names: sslHealthIndicator; SearchStrategy: all) did not find any beans (OnBeanCondition)

   SslHealthContributorAutoConfiguration#sslInfo matched:
      - @ConditionalOnMissingBean (types: org.springframework.boot.info.SslInfo; SearchStrategy: all) did not find any beans (OnBeanCondition)

   SslObservabilityAutoConfiguration matched:
      - @ConditionalOnClass found required class 'io.micrometer.core.instrument.MeterRegistry' (OnClassCondition)
      - @ConditionalOnBean (types: io.micrometer.core.instrument.MeterRegistry,org.springframework.boot.ssl.SslBundles; SearchStrategy: all) found beans 'sslBundleRegistry', 'simpleMeterRegistry' (OnBeanCondition)

   StartupTimeMetricsListenerAutoConfiguration matched:
      - @ConditionalOnClass found required class 'io.micrometer.core.instrument.MeterRegistry' (OnClassCondition)
      - @ConditionalOnBean (types: io.micrometer.core.instrument.MeterRegistry; SearchStrategy: all) found bean 'simpleMeterRegistry' (OnBeanCondition)

   StartupTimeMetricsListenerAutoConfiguration#startupTimeMetrics matched:
      - @ConditionalOnMissingBean (types: org.springframework.boot.actuate.metrics.startup.StartupTimeMetricsListener; SearchStrategy: all) did not find any beans (OnBeanCondition)

   SwaggerConfig matched:
      - found 'session' scope (OnWebApplicationCondition)
      - @ConditionalOnProperty (springdoc.swagger-ui.enabled) matched (OnPropertyCondition)
      - @ConditionalOnBean (types: org.springdoc.core.configuration.SpringDocConfiguration; SearchStrategy: all) found bean 'org.springdoc.core.configuration.SpringDocConfiguration' (OnBeanCondition)

   SwaggerConfig#indexPageTransformer matched:
      - @ConditionalOnMissingBean (types: org.springdoc.webmvc.ui.SwaggerIndexTransformer; SearchStrategy: all) did not find any beans (OnBeanCondition)

   SwaggerConfig#swaggerConfigResource matched:
      - @ConditionalOnProperty (springdoc.use-management-port=false) matched (OnPropertyCondition)
      - @ConditionalOnMissingBean (types: org.springdoc.webmvc.ui.SwaggerConfigResource; SearchStrategy: all) did not find any beans (OnBeanCondition)

   SwaggerConfig#swaggerResourceResolver matched:
      - @ConditionalOnMissingBean (types: org.springdoc.webmvc.ui.SwaggerResourceResolver; SearchStrategy: all) did not find any beans (OnBeanCondition)

   SwaggerConfig#swaggerWebMvcConfigurer matched:
      - @ConditionalOnMissingBean (types: org.springdoc.webmvc.ui.SwaggerWebMvcConfigurer; SearchStrategy: all) did not find any beans (OnBeanCondition)

   SwaggerConfig#swaggerWelcome matched:
      - @ConditionalOnProperty (springdoc.use-management-port=false) matched (OnPropertyCondition)
      - @ConditionalOnMissingBean (types: org.springdoc.webmvc.ui.SwaggerWelcomeWebMvc; SearchStrategy: all) did not find any beans (OnBeanCondition)

   SwaggerUiConfigProperties matched:
      - @ConditionalOnProperty (springdoc.swagger-ui.enabled) matched (OnPropertyCondition)
      - @ConditionalOnBean (types: org.springdoc.core.configuration.SpringDocConfiguration; SearchStrategy: all) found bean 'org.springdoc.core.configuration.SpringDocConfiguration' (OnBeanCondition)

   SwaggerUiOAuthProperties matched:
      - @ConditionalOnProperty (springdoc.swagger-ui.enabled) matched (OnPropertyCondition)
      - @ConditionalOnBean (types: org.springdoc.core.configuration.SpringDocConfiguration; SearchStrategy: all) found bean 'org.springdoc.core.configuration.SpringDocConfiguration' (OnBeanCondition)

   SystemMetricsAutoConfiguration matched:
      - @ConditionalOnClass found required class 'io.micrometer.core.instrument.MeterRegistry' (OnClassCondition)
      - @ConditionalOnBean (types: io.micrometer.core.instrument.MeterRegistry; SearchStrategy: all) found bean 'simpleMeterRegistry' (OnBeanCondition)

   SystemMetricsAutoConfiguration#diskSpaceMetrics matched:
      - @ConditionalOnMissingBean (types: org.springframework.boot.actuate.metrics.system.DiskSpaceMetricsBinder; SearchStrategy: all) did not find any beans (OnBeanCondition)

   SystemMetricsAutoConfiguration#fileDescriptorMetrics matched:
      - @ConditionalOnMissingBean (types: io.micrometer.core.instrument.binder.system.FileDescriptorMetrics; SearchStrategy: all) did not find any beans (OnBeanCondition)

   SystemMetricsAutoConfiguration#processorMetrics matched:
      - @ConditionalOnMissingBean (types: io.micrometer.core.instrument.binder.system.ProcessorMetrics; SearchStrategy: all) did not find any beans (OnBeanCondition)

   SystemMetricsAutoConfiguration#uptimeMetrics matched:
      - @ConditionalOnMissingBean (types: io.micrometer.core.instrument.binder.system.UptimeMetrics; SearchStrategy: all) did not find any beans (OnBeanCondition)

   TaskExecutionAutoConfiguration matched:
      - @ConditionalOnClass found required class 'org.springframework.scheduling.concurrent.ThreadPoolTaskExecutor' (OnClassCondition)

   TaskExecutorConfigurations.AsyncConfigurerConfiguration matched:
      - @ConditionalOnMissingBean (types: org.springframework.scheduling.annotation.AsyncConfigurer; SearchStrategy: all) did not find any beans (OnBeanCondition)

   TaskExecutorConfigurations.AsyncConfigurerConfiguration#applicationTaskExecutorAsyncConfigurer matched:
      - @ConditionalOnMissingBean (types: org.springframework.scheduling.annotation.AsyncConfigurer; SearchStrategy: all) did not find any beans (OnBeanCondition)

   TaskExecutorConfigurations.SimpleAsyncTaskExecutorBuilderConfiguration#simpleAsyncTaskExecutorBuilder matched:
      - @ConditionalOnMissingBean (types: org.springframework.boot.task.SimpleAsyncTaskExecutorBuilder; SearchStrategy: all) did not find any beans (OnBeanCondition)
      - @ConditionalOnThreading found PLATFORM (OnThreadingCondition)

   TaskExecutorConfigurations.TaskExecutorConfiguration matched:
      - AnyNestedCondition 1 matched 1 did not; NestedCondition on TaskExecutorConfigurations.OnExecutorCondition.ModelCondition @ConditionalOnProperty (spring.task.execution.mode=force) did not find property 'spring.task.execution.mode'; NestedCondition on TaskExecutorConfigurations.OnExecutorCondition.ExecutorBeanCondition @ConditionalOnMissingBean (types: java.util.concurrent.Executor; SearchStrategy: all) did not find any beans (TaskExecutorConfigurations.OnExecutorCondition)

   TaskExecutorConfigurations.TaskExecutorConfiguration#applicationTaskExecutor matched:
      - @ConditionalOnThreading found PLATFORM (OnThreadingCondition)

   TaskExecutorConfigurations.ThreadPoolTaskExecutorBuilderConfiguration#threadPoolTaskExecutorBuilder matched:
      - @ConditionalOnMissingBean (types: org.springframework.boot.task.ThreadPoolTaskExecutorBuilder; SearchStrategy: all) did not find any beans (OnBeanCondition)

   TaskExecutorMetricsAutoConfiguration matched:
      - @ConditionalOnClass found required class 'io.micrometer.core.instrument.binder.jvm.ExecutorServiceMetrics' (OnClassCondition)
      - @ConditionalOnBean (types: java.util.concurrent.Executor,io.micrometer.core.instrument.MeterRegistry; SearchStrategy: all) found beans 'applicationTaskExecutor', 'simpleMeterRegistry' (OnBeanCondition)

   TaskSchedulingAutoConfiguration matched:
      - @ConditionalOnClass found required class 'org.springframework.scheduling.concurrent.ThreadPoolTaskScheduler' (OnClassCondition)

   TaskSchedulingConfigurations.SimpleAsyncTaskSchedulerBuilderConfiguration#simpleAsyncTaskSchedulerBuilder matched:
      - @ConditionalOnMissingBean (types: org.springframework.boot.task.SimpleAsyncTaskSchedulerBuilder; SearchStrategy: all) did not find any beans (OnBeanCondition)
      - @ConditionalOnThreading found PLATFORM (OnThreadingCondition)

   TaskSchedulingConfigurations.ThreadPoolTaskSchedulerBuilderConfiguration#threadPoolTaskSchedulerBuilder matched:
      - @ConditionalOnMissingBean (types: org.springframework.boot.task.ThreadPoolTaskSchedulerBuilder; SearchStrategy: all) did not find any beans (OnBeanCondition)

   TomcatMetricsAutoConfiguration matched:
      - @ConditionalOnClass found required classes 'io.micrometer.core.instrument.binder.tomcat.TomcatMetrics', 'org.apache.catalina.Manager' (OnClassCondition)
      - @ConditionalOnWebApplication (required) found 'session' scope (OnWebApplicationCondition)

   TomcatMetricsAutoConfiguration#tomcatMetricsBinder matched:
      - @ConditionalOnBean (types: io.micrometer.core.instrument.MeterRegistry; SearchStrategy: all) found bean 'simpleMeterRegistry'; @ConditionalOnMissingBean (types: io.micrometer.core.instrument.binder.tomcat.TomcatMetrics,org.springframework.boot.actuate.metrics.web.tomcat.TomcatMetricsBinder; SearchStrategy: all) did not find any beans (OnBeanCondition)

   TransactionAutoConfiguration matched:
      - @ConditionalOnClass found required class 'org.springframework.transaction.PlatformTransactionManager' (OnClassCondition)

   TransactionManagerCustomizationAutoConfiguration matched:
      - @ConditionalOnClass found required class 'org.springframework.transaction.PlatformTransactionManager' (OnClassCondition)

   TransactionManagerCustomizationAutoConfiguration#platformTransactionManagerCustomizers matched:
      - @ConditionalOnMissingBean (types: org.springframework.boot.autoconfigure.transaction.TransactionManagerCustomizers; SearchStrategy: all) did not find any beans (OnBeanCondition)

   UtilAutoConfiguration matched:
      - @ConditionalOnProperty (spring.cloud.util.enabled) matched (OnPropertyCondition)

   UtilAutoConfiguration#inetUtils matched:
      - @ConditionalOnMissingBean (types: org.springframework.cloud.commons.util.InetUtils; SearchStrategy: all) did not find any beans (OnBeanCondition)

   ValidationAutoConfiguration matched:
      - @ConditionalOnClass found required class 'jakarta.validation.executable.ExecutableValidator' (OnClassCondition)
      - @ConditionalOnResource found location classpath:META-INF/services/jakarta.validation.spi.ValidationProvider (OnResourceCondition)

   ValidationAutoConfiguration#defaultValidator matched:
      - @ConditionalOnMissingBean (types: jakarta.validation.Validator; SearchStrategy: all) did not find any beans (OnBeanCondition)

   ValidationAutoConfiguration#methodValidationPostProcessor matched:
      - @ConditionalOnMissingBean (types: org.springframework.validation.beanvalidation.MethodValidationPostProcessor; SearchStrategy: current) did not find any beans (OnBeanCondition)

   WebEndpointAutoConfiguration matched:
      - @ConditionalOnWebApplication (required) found 'session' scope (OnWebApplicationCondition)

   WebEndpointAutoConfiguration#controllerEndpointDiscoverer matched:
      - @ConditionalOnMissingBean (types: org.springframework.boot.actuate.endpoint.web.annotation.ControllerEndpointsSupplier; SearchStrategy: all) did not find any beans (OnBeanCondition)

   WebEndpointAutoConfiguration#endpointMediaTypes matched:
      - @ConditionalOnMissingBean (types: org.springframework.boot.actuate.endpoint.web.EndpointMediaTypes; SearchStrategy: all) did not find any beans (OnBeanCondition)

   WebEndpointAutoConfiguration#pathMappedEndpoints matched:
      - @ConditionalOnMissingBean (types: org.springframework.boot.actuate.endpoint.web.PathMappedEndpoints; SearchStrategy: all) did not find any beans (OnBeanCondition)

   WebEndpointAutoConfiguration#webEndpointDiscoverer matched:
      - @ConditionalOnMissingBean (types: org.springframework.boot.actuate.endpoint.web.WebEndpointsSupplier; SearchStrategy: all) did not find any beans (OnBeanCondition)

   WebEndpointAutoConfiguration.WebEndpointServletConfiguration matched:
      - found 'session' scope (OnWebApplicationCondition)

   WebEndpointAutoConfiguration.WebEndpointServletConfiguration#servletEndpointDiscoverer matched:
      - @ConditionalOnMissingBean (types: org.springframework.boot.actuate.endpoint.web.annotation.ServletEndpointsSupplier; SearchStrategy: all) did not find any beans (OnBeanCondition)

   WebMvcAutoConfiguration matched:
      - @ConditionalOnClass found required classes 'jakarta.servlet.Servlet', 'org.springframework.web.servlet.DispatcherServlet', 'org.springframework.web.servlet.config.annotation.WebMvcConfigurer' (OnClassCondition)
      - found 'session' scope (OnWebApplicationCondition)
      - @ConditionalOnMissingBean (types: org.springframework.web.servlet.config.annotation.WebMvcConfigurationSupport; SearchStrategy: all) did not find any beans (OnBeanCondition)

   WebMvcAutoConfiguration#formContentFilter matched:
      - @ConditionalOnBooleanProperty (spring.mvc.formcontent.filter.enabled=true) matched (OnPropertyCondition)
      - @ConditionalOnMissingBean (types: org.springframework.web.filter.FormContentFilter; SearchStrategy: all) did not find any beans (OnBeanCondition)

   WebMvcAutoConfiguration.EnableWebMvcConfiguration#flashMapManager matched:
      - @ConditionalOnMissingBean (names: flashMapManager; SearchStrategy: all) did not find any beans (OnBeanCondition)

   WebMvcAutoConfiguration.EnableWebMvcConfiguration#localeResolver matched:
      - @ConditionalOnMissingBean (names: localeResolver; SearchStrategy: all) did not find any beans (OnBeanCondition)

   WebMvcAutoConfiguration.EnableWebMvcConfiguration#themeResolver matched:
      - @ConditionalOnMissingBean (names: themeResolver; SearchStrategy: all) did not find any beans (OnBeanCondition)

   WebMvcAutoConfiguration.EnableWebMvcConfiguration#viewNameTranslator matched:
      - @ConditionalOnMissingBean (names: viewNameTranslator; SearchStrategy: all) did not find any beans (OnBeanCondition)

   WebMvcAutoConfiguration.ResourceChainCustomizerConfiguration matched:
      - @ConditionalOnEnabledResourceChain found class org.webjars.WebJarVersionLocator (OnEnabledResourceChainCondition)

   WebMvcAutoConfiguration.WebMvcAutoConfigurationAdapter#defaultViewResolver matched:
      - @ConditionalOnMissingBean (types: org.springframework.web.servlet.view.InternalResourceViewResolver; SearchStrategy: all) did not find any beans (OnBeanCondition)

   WebMvcAutoConfiguration.WebMvcAutoConfigurationAdapter#requestContextFilter matched:
      - @ConditionalOnMissingBean (types: org.springframework.web.context.request.RequestContextListener,org.springframework.web.filter.RequestContextFilter; SearchStrategy: all) did not find any beans (OnBeanCondition)

   WebMvcAutoConfiguration.WebMvcAutoConfigurationAdapter#viewResolver matched:
      - @ConditionalOnBean (types: org.springframework.web.servlet.ViewResolver; SearchStrategy: all) found beans 'defaultViewResolver', 'beanNameViewResolver', 'mvcViewResolver'; @ConditionalOnMissingBean (names: viewResolver types: org.springframework.web.servlet.view.ContentNegotiatingViewResolver; SearchStrategy: all) did not find any beans (OnBeanCondition)

   WebMvcEndpointManagementContextConfiguration matched:
      - @ConditionalOnClass found required class 'org.springframework.web.servlet.DispatcherServlet' (OnClassCondition)
      - found 'session' scope (OnWebApplicationCondition)
      - @ConditionalOnBean (types: org.springframework.web.servlet.DispatcherServlet,org.springframework.boot.actuate.endpoint.web.WebEndpointsSupplier; SearchStrategy: all) found beans 'webEndpointDiscoverer', 'dispatcherServlet' (OnBeanCondition)

   WebMvcEndpointManagementContextConfiguration#controllerEndpointHandlerMapping matched:
      - @ConditionalOnMissingBean (types: org.springframework.boot.actuate.endpoint.web.servlet.ControllerEndpointHandlerMapping; SearchStrategy: all) did not find any beans (OnBeanCondition)

   WebMvcEndpointManagementContextConfiguration#endpointObjectMapperWebMvcConfigurer matched:
      - @ConditionalOnBean (types: org.springframework.boot.actuate.endpoint.jackson.EndpointObjectMapper; SearchStrategy: all) found bean 'endpointObjectMapper' (OnBeanCondition)

   WebMvcEndpointManagementContextConfiguration#webEndpointServletHandlerMapping matched:
      - @ConditionalOnMissingBean (types: org.springframework.boot.actuate.endpoint.web.servlet.WebMvcEndpointHandlerMapping; SearchStrategy: all) did not find any beans (OnBeanCondition)

   WebMvcObservationAutoConfiguration matched:
      - @ConditionalOnClass found required classes 'org.springframework.web.servlet.DispatcherServlet', 'io.micrometer.observation.Observation' (OnClassCondition)
      - found 'session' scope (OnWebApplicationCondition)
      - @ConditionalOnBean (types: io.micrometer.observation.ObservationRegistry; SearchStrategy: all) found bean 'observationRegistry' (OnBeanCondition)

   WebMvcObservationAutoConfiguration#webMvcObservationFilter matched:
      - @ConditionalOnMissingBean (types: org.springframework.web.filter.ServerHttpObservationFilter; SearchStrategy: all) did not find any beans (OnBeanCondition)

   WebMvcObservationAutoConfiguration.MeterFilterConfiguration matched:
      - @ConditionalOnClass found required class 'io.micrometer.core.instrument.MeterRegistry' (OnClassCondition)
      - @ConditionalOnBean (types: io.micrometer.core.instrument.MeterRegistry; SearchStrategy: all) found bean 'simpleMeterRegistry' (OnBeanCondition)

   WebSocketServletAutoConfiguration matched:
      - @ConditionalOnClass found required classes 'jakarta.servlet.Servlet', 'jakarta.websocket.server.ServerContainer' (OnClassCondition)
      - found 'session' scope (OnWebApplicationCondition)

   WebSocketServletAutoConfiguration.TomcatWebSocketConfiguration matched:
      - @ConditionalOnClass found required classes 'org.apache.catalina.startup.Tomcat', 'org.apache.tomcat.websocket.server.WsSci' (OnClassCondition)

   WebSocketServletAutoConfiguration.TomcatWebSocketConfiguration#websocketServletWebServerCustomizer matched:
      - @ConditionalOnMissingBean (names: websocketServletWebServerCustomizer; SearchStrategy: all) did not find any beans (OnBeanCondition)


Negative matches:
-----------------

   ActiveMQAutoConfiguration:
      Did not match:
         - @ConditionalOnClass did not find required class 'jakarta.jms.ConnectionFactory' (OnClassCondition)

   AopAutoConfiguration.AspectJAutoProxyingConfiguration:
      Did not match:
         - @ConditionalOnClass did not find required class 'org.aspectj.weaver.Advice' (OnClassCondition)

   AppOpticsMetricsExportAutoConfiguration:
      Did not match:
         - @ConditionalOnClass did not find required class 'io.micrometer.appoptics.AppOpticsMeterRegistry' (OnClassCondition)

   ArtemisAutoConfiguration:
      Did not match:
         - @ConditionalOnClass did not find required class 'jakarta.jms.ConnectionFactory' (OnClassCondition)

   AtlasMetricsExportAutoConfiguration:
      Did not match:
         - @ConditionalOnClass did not find required class 'io.micrometer.atlas.AtlasMeterRegistry' (OnClassCondition)

   AuditAutoConfiguration:
      Did not match:
         - @ConditionalOnBean (types: org.springframework.boot.actuate.audit.AuditEventRepository; SearchStrategy: all) did not find any beans of type org.springframework.boot.actuate.audit.AuditEventRepository (OnBeanCondition)
      Matched:
         - @ConditionalOnBooleanProperty (management.auditevents.enabled=true) matched (OnPropertyCondition)

   AuditAutoConfiguration.AuthenticationAuditConfiguration:
      Did not match:
         - Ancestor org.springframework.boot.actuate.autoconfigure.audit.AuditAutoConfiguration did not match (ConditionEvaluationReport.AncestorsMatchedCondition)
      Matched:
         - @ConditionalOnClass found required class 'org.springframework.security.authentication.event.AbstractAuthenticationEvent' (OnClassCondition)

   AuditAutoConfiguration.AuthorizationAuditConfiguration:
      Did not match:
         - Ancestor org.springframework.boot.actuate.autoconfigure.audit.AuditAutoConfiguration did not match (ConditionEvaluationReport.AncestorsMatchedCondition)
      Matched:
         - @ConditionalOnClass found required class 'org.springframework.security.access.event.AbstractAuthorizationEvent' (OnClassCondition)

   AuditEventsEndpointAutoConfiguration:
      Did not match:
         - @ConditionalOnAvailableEndpoint not exposed (OnAvailableEndpointCondition)

   AvailabilityHealthContributorAutoConfiguration#livenessStateHealthIndicator:
      Did not match:
         - @ConditionalOnBooleanProperty (management.health.livenessstate.enabled=true) did not find property 'management.health.livenessstate.enabled' (OnPropertyCondition)

   AvailabilityHealthContributorAutoConfiguration#readinessStateHealthIndicator:
      Did not match:
         - @ConditionalOnBooleanProperty (management.health.readinessstate.enabled=true) did not find property 'management.health.readinessstate.enabled' (OnPropertyCondition)

   AvailabilityProbesAutoConfiguration:
      Did not match:
         - Probes availability not running on a supported cloud platform (AvailabilityProbesAutoConfiguration.ProbesCondition)

   BatchAutoConfiguration:
      Did not match:
         - @ConditionalOnClass did not find required class 'org.springframework.batch.core.launch.JobLauncher' (OnClassCondition)

   BatchObservationAutoConfiguration:
      Did not match:
         - @ConditionalOnClass did not find required class 'org.springframework.batch.core.configuration.annotation.BatchObservabilityBeanPostProcessor' (OnClassCondition)

   BeansEndpointAutoConfiguration:
      Did not match:
         - @ConditionalOnAvailableEndpoint not exposed (OnAvailableEndpointCondition)

   BlockingLoadBalancerClientAutoConfiguration.BlockingLoadBalancerRetryConfig:
      Did not match:
         - @ConditionalOnClass did not find required class 'org.springframework.retry.support.RetryTemplate' (OnClassCondition)

   BraveAutoConfiguration:
      Did not match:
         - @ConditionalOnClass did not find required class 'brave.Tracer' (OnClassCondition)

   Cache2kCacheConfiguration:
      Did not match:
         - @ConditionalOnClass did not find required class 'org.cache2k.Cache2kBuilder' (OnClassCondition)

   CacheAutoConfiguration:
      Did not match:
         - @ConditionalOnBean (types: org.springframework.cache.interceptor.CacheAspectSupport; SearchStrategy: all) did not find any beans of type org.springframework.cache.interceptor.CacheAspectSupport (OnBeanCondition)
      Matched:
         - @ConditionalOnClass found required class 'org.springframework.cache.CacheManager' (OnClassCondition)

   CacheAutoConfiguration.CacheManagerEntityManagerFactoryDependsOnPostProcessor:
      Did not match:
         - @ConditionalOnClass did not find required class 'org.springframework.orm.jpa.LocalContainerEntityManagerFactoryBean' (OnClassCondition)
         - Ancestor org.springframework.boot.autoconfigure.cache.CacheAutoConfiguration did not match (ConditionEvaluationReport.AncestorsMatchedCondition)

   CacheMeterBinderProvidersConfiguration.Cache2kCacheMeterBinderProviderConfiguration:
      Did not match:
         - @ConditionalOnClass did not find required classes 'org.cache2k.Cache2kBuilder', 'org.cache2k.extra.spring.SpringCache2kCache', 'org.cache2k.extra.micrometer.Cache2kCacheMetrics' (OnClassCondition)

   CacheMeterBinderProvidersConfiguration.CaffeineCacheMeterBinderProviderConfiguration:
      Did not match:
         - @ConditionalOnClass did not find required class 'com.github.benmanes.caffeine.cache.Cache' (OnClassCondition)

   CacheMeterBinderProvidersConfiguration.HazelcastCacheMeterBinderProviderConfiguration:
      Did not match:
         - @ConditionalOnClass did not find required classes 'com.hazelcast.spring.cache.HazelcastCache', 'com.hazelcast.core.Hazelcast' (OnClassCondition)

   CacheMeterBinderProvidersConfiguration.JCacheCacheMeterBinderProviderConfiguration:
      Did not match:
         - @ConditionalOnClass did not find required class 'javax.cache.CacheManager' (OnClassCondition)

   CacheMeterBinderProvidersConfiguration.RedisCacheMeterBinderProviderConfiguration:
      Did not match:
         - @ConditionalOnClass did not find required class 'org.springframework.data.redis.cache.RedisCache' (OnClassCondition)

   CacheMetricsAutoConfiguration:
      Did not match:
         - @ConditionalOnBean (types: org.springframework.cache.CacheManager; SearchStrategy: all) did not find any beans of type org.springframework.cache.CacheManager (OnBeanCondition)

   CachesEndpointAutoConfiguration:
      Did not match:
         - @ConditionalOnAvailableEndpoint not exposed (OnAvailableEndpointCondition)
      Matched:
         - @ConditionalOnClass found required class 'org.springframework.cache.CacheManager' (OnClassCondition)

   CaffeineCacheConfiguration:
      Did not match:
         - @ConditionalOnClass did not find required class 'com.github.benmanes.caffeine.cache.Caffeine' (OnClassCondition)

   CassandraAutoConfiguration:
      Did not match:
         - @ConditionalOnClass did not find required class 'com.datastax.oss.driver.api.core.CqlSession' (OnClassCondition)

   CassandraDataAutoConfiguration:
      Did not match:
         - @ConditionalOnClass did not find required class 'com.datastax.oss.driver.api.core.CqlSession' (OnClassCondition)

   CassandraHealthContributorAutoConfiguration:
      Did not match:
         - @ConditionalOnClass did not find required class 'com.datastax.oss.driver.api.core.CqlSession' (OnClassCondition)

   CassandraReactiveDataAutoConfiguration:
      Did not match:
         - @ConditionalOnClass did not find required class 'com.datastax.oss.driver.api.core.CqlSession' (OnClassCondition)

   CassandraReactiveHealthContributorAutoConfiguration:
      Did not match:
         - @ConditionalOnClass did not find required class 'com.datastax.oss.driver.api.core.CqlSession' (OnClassCondition)

   CassandraReactiveRepositoriesAutoConfiguration:
      Did not match:
         - @ConditionalOnClass did not find required class 'org.springframework.data.cassandra.ReactiveSession' (OnClassCondition)

   CassandraRepositoriesAutoConfiguration:
      Did not match:
         - @ConditionalOnClass did not find required class 'com.datastax.oss.driver.api.core.CqlSession' (OnClassCondition)

   org.springframework.boot.autoconfigure.web.reactive.function.client.ClientHttpConnectorAutoConfiguration:
      Did not match:
         - @ConditionalOnClass did not find required class 'org.springframework.web.reactive.function.client.WebClient' (OnClassCondition)

   ClientHttpConnectorAutoConfiguration.ReactorNetty:
      Did not match:
         - @ConditionalOnClass did not find required class 'reactor.netty.http.client.HttpClient' (OnClassCondition)

   CloudFoundryActuatorAutoConfiguration:
      Did not match:
         - @ConditionalOnCloudPlatform did not find CLOUD_FOUNDRY (OnCloudPlatformCondition)
      Matched:
         - @ConditionalOnClass found required class 'org.springframework.web.servlet.DispatcherServlet' (OnClassCondition)
         - found 'session' scope (OnWebApplicationCondition)
         - @ConditionalOnBooleanProperty (management.cloudfoundry.enabled=true) matched (OnPropertyCondition)

   CloudHypermediaAutoConfiguration:
      Did not match:
         - @ConditionalOnClass did not find required class 'org.springframework.hateoas.Link' (OnClassCondition)

   CodecsAutoConfiguration:
      Did not match:
         - @ConditionalOnClass did not find required class 'org.springframework.web.reactive.function.client.WebClient' (OnClassCondition)

   CommonsClientAutoConfiguration.ActuatorConfiguration#featuresEndpoint:
      Did not match:
         - @ConditionalOnAvailableEndpoint not exposed (OnAvailableEndpointCondition)

   CompositeMeterRegistryConfiguration:
      Did not match:
         - NoneNestedConditions 1 matched 1 did not; NestedCondition on CompositeMeterRegistryConfiguration.MultipleNonPrimaryMeterRegistriesCondition.SingleInjectableMeterRegistry @ConditionalOnSingleCandidate (types: io.micrometer.core.instrument.MeterRegistry; SearchStrategy: all) found a single bean 'simpleMeterRegistry'; NestedCondition on CompositeMeterRegistryConfiguration.MultipleNonPrimaryMeterRegistriesCondition.NoMeterRegistryCondition @ConditionalOnMissingBean (types: io.micrometer.core.instrument.MeterRegistry; SearchStrategy: all) found beans of type 'io.micrometer.core.instrument.MeterRegistry' simpleMeterRegistry (CompositeMeterRegistryConfiguration.MultipleNonPrimaryMeterRegistriesCondition)

   ConditionsReportEndpointAutoConfiguration:
      Did not match:
         - @ConditionalOnAvailableEndpoint not exposed (OnAvailableEndpointCondition)

   ConfigClientAutoConfiguration#configClientProperties:
      Did not match:
         - @ConditionalOnMissingBean (types: org.springframework.cloud.config.client.ConfigClientProperties; SearchStrategy: all) found beans of type 'org.springframework.cloud.config.client.ConfigClientProperties' configDataConfigClientProperties (OnBeanCondition)

   ConfigClientAutoConfiguration.ConfigClientWatchConfiguration:
      Did not match:
         - @ConditionalOnProperty (spring.cloud.config.watch.enabled) did not find property 'spring.cloud.config.watch.enabled' (OnPropertyCondition)
      Matched:
         - @ConditionalOnClass found required class 'org.springframework.cloud.context.refresh.ContextRefresher' (OnClassCondition)

   ConfigurationPropertiesReportEndpointAutoConfiguration:
      Did not match:
         - @ConditionalOnAvailableEndpoint not exposed (OnAvailableEndpointCondition)

   ConnectionFactoryHealthContributorAutoConfiguration:
      Did not match:
         - @ConditionalOnClass did not find required class 'io.r2dbc.spi.ConnectionFactory' (OnClassCondition)

   ConnectionPoolMetricsAutoConfiguration:
      Did not match:
         - @ConditionalOnClass did not find required class 'io.r2dbc.pool.ConnectionPool' (OnClassCondition)

   CouchbaseAutoConfiguration:
      Did not match:
         - @ConditionalOnClass did not find required class 'com.couchbase.client.java.Cluster' (OnClassCondition)

   CouchbaseCacheConfiguration:
      Did not match:
         - @ConditionalOnClass did not find required class 'com.couchbase.client.java.Cluster' (OnClassCondition)

   CouchbaseDataAutoConfiguration:
      Did not match:
         - @ConditionalOnClass did not find required class 'com.couchbase.client.java.Bucket' (OnClassCondition)

   CouchbaseHealthContributorAutoConfiguration:
      Did not match:
         - @ConditionalOnClass did not find required class 'com.couchbase.client.java.Cluster' (OnClassCondition)

   CouchbaseReactiveDataAutoConfiguration:
      Did not match:
         - @ConditionalOnClass did not find required class 'com.couchbase.client.java.Cluster' (OnClassCondition)

   CouchbaseReactiveHealthContributorAutoConfiguration:
      Did not match:
         - @ConditionalOnClass did not find required class 'com.couchbase.client.java.Cluster' (OnClassCondition)

   CouchbaseReactiveRepositoriesAutoConfiguration:
      Did not match:
         - @ConditionalOnClass did not find required class 'com.couchbase.client.java.Cluster' (OnClassCondition)

   CouchbaseRepositoriesAutoConfiguration:
      Did not match:
         - @ConditionalOnClass did not find required class 'com.couchbase.client.java.Bucket' (OnClassCondition)

   DataSourceAutoConfiguration:
      Did not match:
         - @ConditionalOnClass did not find required class 'org.springframework.jdbc.datasource.embedded.EmbeddedDatabaseType' (OnClassCondition)

   DataSourceHealthContributorAutoConfiguration:
      Did not match:
         - @ConditionalOnClass did not find required class 'org.springframework.jdbc.core.JdbcTemplate' (OnClassCondition)

   DataSourceInitializationConfiguration:
      Did not match:
         - @ConditionalOnClass did not find required class 'org.springframework.jdbc.datasource.init.DatabasePopulator' (OnClassCondition)

   DataSourcePoolMetricsAutoConfiguration:
      Did not match:
         - @ConditionalOnBean (types: javax.sql.DataSource,io.micrometer.core.instrument.MeterRegistry; SearchStrategy: all) did not find any beans of type javax.sql.DataSource (OnBeanCondition)
      Matched:
         - @ConditionalOnClass found required classes 'javax.sql.DataSource', 'io.micrometer.core.instrument.MeterRegistry' (OnClassCondition)

   DataSourcePoolMetricsAutoConfiguration.HikariDataSourceMetricsConfiguration:
      Did not match:
         - @ConditionalOnClass did not find required class 'com.zaxxer.hikari.HikariDataSource' (OnClassCondition)
         - Ancestor org.springframework.boot.actuate.autoconfigure.metrics.jdbc.DataSourcePoolMetricsAutoConfiguration did not match (ConditionEvaluationReport.AncestorsMatchedCondition)

   DataSourceTransactionManagerAutoConfiguration:
      Did not match:
         - @ConditionalOnClass did not find required class 'org.springframework.jdbc.core.JdbcTemplate' (OnClassCondition)

   DatadogMetricsExportAutoConfiguration:
      Did not match:
         - @ConditionalOnClass did not find required class 'io.micrometer.datadog.DatadogMeterRegistry' (OnClassCondition)

   DiscoveryClientOptionalArgsConfiguration.DiscoveryClientOptionalArgsTlsConfiguration:
      Did not match:
         - AllNestedConditions 1 matched 1 did not; NestedCondition on DiscoveryClientOptionalArgsConfiguration.OnJerseyClientPresentAndEnabledCondition.OnJerseyClientEnabled @ConditionalOnProperty (eureka.client.jersey.enabled) matched; NestedCondition on DiscoveryClientOptionalArgsConfiguration.OnJerseyClientPresentAndEnabledCondition.OnJerseyClientPresent @ConditionalOnClass did not find required class 'org.glassfish.jersey.client.JerseyClient' (DiscoveryClientOptionalArgsConfiguration.OnJerseyClientPresentAndEnabledCondition)

   DiscoveryClientOptionalArgsConfiguration.RestClientConfiguration:
      Did not match:
         - AllNestedConditions 3 matched 1 did not; NestedCondition on DiscoveryClientOptionalArgsConfiguration.OnRestClientPresentAndEnabledCondition.OnRestClientEnabled @ConditionalOnProperty (eureka.client.restclient.enabled=true) did not find property 'restclient.enabled'; NestedCondition on DiscoveryClientOptionalArgsConfiguration.OnRestClientPresentAndEnabledCondition.OnWebClientDisabled @ConditionalOnProperty (eureka.client.webclient.enabled=false) matched; NestedCondition on DiscoveryClientOptionalArgsConfiguration.OnRestClientPresentAndEnabledCondition.OnJerseyClientNotPresentOrNotEnabled AnyNestedCondition 1 matched 1 did not; NestedCondition on DiscoveryClientOptionalArgsConfiguration.OnJerseyClientNotPresentOrNotEnabledCondition.OnJerseyClientDisabled @ConditionalOnProperty (eureka.client.jersey.enabled=false) did not find property 'eureka.client.jersey.enabled'; NestedCondition on DiscoveryClientOptionalArgsConfiguration.OnJerseyClientNotPresentOrNotEnabledCondition.OnJerseyClientMissing @ConditionalOnMissingClass did not find unwanted class 'org.glassfish.jersey.client.JerseyClient'; NestedCondition on DiscoveryClientOptionalArgsConfiguration.OnRestClientPresentAndEnabledCondition.OnRestClientPresent @ConditionalOnClass found required class 'org.springframework.web.client.RestClient' (DiscoveryClientOptionalArgsConfiguration.OnRestClientPresentAndEnabledCondition)

   DiscoveryClientOptionalArgsConfiguration.WebClientConfiguration:
      Did not match:
         - @ConditionalOnClass did not find required class 'org.springframework.web.reactive.function.client.WebClient' (OnClassCondition)

   DiscoveryClientOptionalArgsConfiguration.WebClientNotFoundConfiguration:
      Did not match:
         - @ConditionalOnProperty (eureka.client.webclient.enabled=true) did not find property 'webclient.enabled' (OnPropertyCondition)
      Matched:
         - @ConditionalOnMissingClass did not find unwanted class 'org.springframework.web.reactive.function.client.WebClient' (OnClassCondition)

   DispatcherServletAutoConfiguration.DispatcherServletConfiguration#multipartResolver:
      Did not match:
         - @ConditionalOnBean (types: org.springframework.web.multipart.MultipartResolver; SearchStrategy: all) did not find any beans of type org.springframework.web.multipart.MultipartResolver (OnBeanCondition)

   DynatraceMetricsExportAutoConfiguration:
      Did not match:
         - @ConditionalOnClass did not find required class 'io.micrometer.dynatrace.DynatraceMeterRegistry' (OnClassCondition)

   ElasticMetricsExportAutoConfiguration:
      Did not match:
         - @ConditionalOnClass did not find required class 'io.micrometer.elastic.ElasticMeterRegistry' (OnClassCondition)

   ElasticsearchClientAutoConfiguration:
      Did not match:
         - @ConditionalOnClass did not find required class 'co.elastic.clients.elasticsearch.ElasticsearchClient' (OnClassCondition)

   ElasticsearchDataAutoConfiguration:
      Did not match:
         - @ConditionalOnClass did not find required class 'org.springframework.data.elasticsearch.client.elc.ElasticsearchTemplate' (OnClassCondition)

   ElasticsearchReactiveHealthContributorAutoConfiguration:
      Did not match:
         - @ConditionalOnClass did not find required class 'org.springframework.data.elasticsearch.client.elc.ReactiveElasticsearchClient' (OnClassCondition)

   ElasticsearchRepositoriesAutoConfiguration:
      Did not match:
         - @ConditionalOnClass did not find required class 'org.springframework.data.elasticsearch.repository.ElasticsearchRepository' (OnClassCondition)

   ElasticsearchRestClientAutoConfiguration:
      Did not match:
         - @ConditionalOnClass did not find required class 'org.elasticsearch.client.RestClientBuilder' (OnClassCondition)

   ElasticsearchRestHealthContributorAutoConfiguration:
      Did not match:
         - @ConditionalOnClass did not find required class 'org.elasticsearch.client.RestClient' (OnClassCondition)

   EmbeddedLdapAutoConfiguration:
      Did not match:
         - @ConditionalOnClass did not find required class 'com.unboundid.ldap.listener.InMemoryDirectoryServer' (OnClassCondition)

   EmbeddedWebServerFactoryCustomizerAutoConfiguration.JettyWebServerFactoryCustomizerConfiguration:
      Did not match:
         - @ConditionalOnClass did not find required classes 'org.eclipse.jetty.server.Server', 'org.eclipse.jetty.util.Loader', 'org.eclipse.jetty.ee10.webapp.WebAppContext' (OnClassCondition)

   EmbeddedWebServerFactoryCustomizerAutoConfiguration.NettyWebServerFactoryCustomizerConfiguration:
      Did not match:
         - @ConditionalOnClass did not find required class 'reactor.netty.http.server.HttpServer' (OnClassCondition)

   EmbeddedWebServerFactoryCustomizerAutoConfiguration.TomcatWebServerFactoryCustomizerConfiguration#tomcatVirtualThreadsProtocolHandlerCustomizer:
      Did not match:
         - @ConditionalOnThreading did not find VIRTUAL (OnThreadingCondition)

   EmbeddedWebServerFactoryCustomizerAutoConfiguration.UndertowWebServerFactoryCustomizerConfiguration:
      Did not match:
         - @ConditionalOnClass did not find required classes 'io.undertow.Undertow', 'org.xnio.SslClientAuthMode' (OnClassCondition)

   EnvironmentEndpointAutoConfiguration:
      Did not match:
         - @ConditionalOnAvailableEndpoint not exposed (OnAvailableEndpointCondition)

   ErrorWebFluxAutoConfiguration:
      Did not match:
         - @ConditionalOnClass did not find required class 'org.springframework.web.reactive.config.WebFluxConfigurer' (OnClassCondition)

   EurekaClientAutoConfiguration.EurekaClientConfiguration:
      Did not match:
         - AnyNestedCondition 0 matched 3 did not; NestedCondition on EurekaClientAutoConfiguration.OnMissingRefreshScopeCondition.OnPropertyDisabled @ConditionalOnProperty (eureka.client.refresh.enable=false) did not find property 'eureka.client.refresh.enable'; NestedCondition on EurekaClientAutoConfiguration.OnMissingRefreshScopeCondition.MissingScope @ConditionalOnMissingBean (types: org.springframework.cloud.autoconfigure.RefreshAutoConfiguration; SearchStrategy: all) found beans of type 'org.springframework.cloud.autoconfigure.RefreshAutoConfiguration' org.springframework.cloud.autoconfigure.RefreshAutoConfiguration; NestedCondition on EurekaClientAutoConfiguration.OnMissingRefreshScopeCondition.MissingClass @ConditionalOnMissingClass found unwanted class 'org.springframework.cloud.context.scope.refresh.RefreshScope' (EurekaClientAutoConfiguration.OnMissingRefreshScopeCondition)

   EurekaClientConfigServerAutoConfiguration:
      Did not match:
         - @ConditionalOnClass did not find required class 'org.springframework.cloud.config.server.config.ConfigServerProperties' (OnClassCondition)

   EurekaDiscoveryClientConfiguration.EurekaHealthCheckHandlerConfiguration:
      Did not match:
         - @ConditionalOnProperty (eureka.client.healthcheck.enabled) did not find property 'eureka.client.healthcheck.enabled' (OnPropertyCondition)

   EurekaReactiveDiscoveryClientConfiguration:
      Did not match:
         - @ConditionalOnClass did not find required class 'org.springframework.web.reactive.function.client.WebClient' (OnClassCondition)

   FlywayAutoConfiguration:
      Did not match:
         - @ConditionalOnClass did not find required class 'org.flywaydb.core.Flyway' (OnClassCondition)

   FlywayEndpointAutoConfiguration:
      Did not match:
         - @ConditionalOnClass did not find required class 'org.flywaydb.core.Flyway' (OnClassCondition)

   FreeMarkerAutoConfiguration:
      Did not match:
         - @ConditionalOnClass did not find required class 'freemarker.template.Configuration' (OnClassCondition)

   GangliaMetricsExportAutoConfiguration:
      Did not match:
         - @ConditionalOnClass did not find required class 'io.micrometer.ganglia.GangliaMeterRegistry' (OnClassCondition)

   GraphQlAutoConfiguration:
      Did not match:
         - @ConditionalOnClass did not find required class 'graphql.GraphQL' (OnClassCondition)

   GraphQlObservationAutoConfiguration:
      Did not match:
         - @ConditionalOnClass did not find required class 'graphql.GraphQL' (OnClassCondition)

   GraphQlQueryByExampleAutoConfiguration:
      Did not match:
         - @ConditionalOnClass did not find required class 'graphql.GraphQL' (OnClassCondition)

   GraphQlQuerydslAutoConfiguration:
      Did not match:
         - @ConditionalOnClass did not find required class 'com.querydsl.core.Query' (OnClassCondition)

   GraphQlRSocketAutoConfiguration:
      Did not match:
         - @ConditionalOnClass did not find required class 'graphql.GraphQL' (OnClassCondition)

   GraphQlReactiveQueryByExampleAutoConfiguration:
      Did not match:
         - @ConditionalOnClass did not find required class 'graphql.GraphQL' (OnClassCondition)

   GraphQlReactiveQuerydslAutoConfiguration:
      Did not match:
         - @ConditionalOnClass did not find required class 'com.querydsl.core.Query' (OnClassCondition)

   GraphQlWebFluxAutoConfiguration:
      Did not match:
         - @ConditionalOnClass did not find required class 'graphql.GraphQL' (OnClassCondition)

   GraphQlWebFluxSecurityAutoConfiguration:
      Did not match:
         - @ConditionalOnClass did not find required class 'graphql.GraphQL' (OnClassCondition)

   GraphQlWebMvcAutoConfiguration:
      Did not match:
         - @ConditionalOnClass did not find required class 'graphql.GraphQL' (OnClassCondition)

   GraphQlWebMvcSecurityAutoConfiguration:
      Did not match:
         - @ConditionalOnClass did not find required class 'graphql.GraphQL' (OnClassCondition)

   GraphiteMetricsExportAutoConfiguration:
      Did not match:
         - @ConditionalOnClass did not find required class 'io.micrometer.graphite.GraphiteMeterRegistry' (OnClassCondition)

   GroovyTemplateAutoConfiguration:
      Did not match:
         - @ConditionalOnClass did not find required class 'groovy.text.markup.MarkupTemplateEngine' (OnClassCondition)

   GsonHttpMessageConvertersConfiguration.GsonHttpMessageConverterConfiguration:
      Did not match:
         - AnyNestedCondition 0 matched 2 did not; NestedCondition on GsonHttpMessageConvertersConfiguration.PreferGsonOrJacksonAndJsonbUnavailableCondition.JacksonJsonbUnavailable NoneNestedConditions 1 matched 1 did not; NestedCondition on GsonHttpMessageConvertersConfiguration.JacksonAndJsonbUnavailableCondition.JsonbPreferred @ConditionalOnPreferredJsonMapper JSONB no property was configured and Jackson is the default; NestedCondition on GsonHttpMessageConvertersConfiguration.JacksonAndJsonbUnavailableCondition.JacksonAvailable @ConditionalOnBean (types: org.springframework.http.converter.json.MappingJackson2HttpMessageConverter; SearchStrategy: all) found bean 'mappingJackson2HttpMessageConverter'; NestedCondition on GsonHttpMessageConvertersConfiguration.PreferGsonOrJacksonAndJsonbUnavailableCondition.GsonPreferred @ConditionalOnPreferredJsonMapper GSON no property was configured and Jackson is the default (GsonHttpMessageConvertersConfiguration.PreferGsonOrJacksonAndJsonbUnavailableCondition)

   H2ConsoleAutoConfiguration:
      Did not match:
         - @ConditionalOnClass did not find required class 'org.h2.server.web.JakartaWebServlet' (OnClassCondition)

   HazelcastAutoConfiguration:
      Did not match:
         - @ConditionalOnClass did not find required class 'com.hazelcast.core.HazelcastInstance' (OnClassCondition)

   HazelcastCacheConfiguration:
      Did not match:
         - @ConditionalOnClass did not find required class 'com.hazelcast.core.HazelcastInstance' (OnClassCondition)

   HazelcastHealthContributorAutoConfiguration:
      Did not match:
         - @ConditionalOnClass did not find required class 'com.hazelcast.core.HazelcastInstance' (OnClassCondition)

   HazelcastJpaDependencyAutoConfiguration:
      Did not match:
         - @ConditionalOnClass did not find required class 'com.hazelcast.core.HazelcastInstance' (OnClassCondition)

   HealthEndpointReactiveWebExtensionConfiguration:
      Did not match:
         - did not find reactive web application classes (OnWebApplicationCondition)

   HealthEndpointWebExtensionConfiguration.JerseyAdditionalHealthEndpointPathsConfiguration:
      Did not match:
         - @ConditionalOnClass did not find required class 'org.glassfish.jersey.server.ResourceConfig' (OnClassCondition)

   HeapDumpWebEndpointAutoConfiguration:
      Did not match:
         - @ConditionalOnAvailableEndpoint the configured access for endpoint 'heapdump' is NONE (OnAvailableEndpointCondition)

   HibernateJpaAutoConfiguration:
      Did not match:
         - @ConditionalOnClass did not find required class 'jakarta.persistence.EntityManager' (OnClassCondition)

   HibernateMetricsAutoConfiguration:
      Did not match:
         - @ConditionalOnClass did not find required class 'jakarta.persistence.EntityManagerFactory' (OnClassCondition)

   HttpExchangesAutoConfiguration:
      Did not match:
         - @ConditionalOnBean (types: org.springframework.boot.actuate.web.exchanges.HttpExchangeRepository; SearchStrategy: all) did not find any beans of type org.springframework.boot.actuate.web.exchanges.HttpExchangeRepository (OnBeanCondition)
      Matched:
         - @ConditionalOnWebApplication (required) found 'session' scope (OnWebApplicationCondition)
         - @ConditionalOnBooleanProperty (management.httpexchanges.recording.enabled=true) matched (OnPropertyCondition)

   HttpExchangesAutoConfiguration.ReactiveHttpExchangesConfiguration:
      Did not match:
         - did not find reactive web application classes (OnWebApplicationCondition)
         - Ancestor org.springframework.boot.actuate.autoconfigure.web.exchanges.HttpExchangesAutoConfiguration did not match (ConditionEvaluationReport.AncestorsMatchedCondition)

   HttpExchangesAutoConfiguration.ServletHttpExchangesConfiguration:
      Did not match:
         - Ancestor org.springframework.boot.actuate.autoconfigure.web.exchanges.HttpExchangesAutoConfiguration did not match (ConditionEvaluationReport.AncestorsMatchedCondition)
      Matched:
         - found 'session' scope (OnWebApplicationCondition)

   HttpExchangesEndpointAutoConfiguration:
      Did not match:
         - @ConditionalOnAvailableEndpoint not exposed (OnAvailableEndpointCondition)

   HttpHandlerAutoConfiguration:
      Did not match:
         - @ConditionalOnClass did not find required class 'org.springframework.web.reactive.DispatcherHandler' (OnClassCondition)

   HumioMetricsExportAutoConfiguration:
      Did not match:
         - @ConditionalOnClass did not find required class 'io.micrometer.humio.HumioMeterRegistry' (OnClassCondition)

   HypermediaAutoConfiguration:
      Did not match:
         - @ConditionalOnClass did not find required class 'org.springframework.hateoas.EntityModel' (OnClassCondition)

   InfinispanCacheConfiguration:
      Did not match:
         - @ConditionalOnClass did not find required class 'org.infinispan.spring.embedded.provider.SpringEmbeddedCacheManager' (OnClassCondition)

   InfluxMetricsExportAutoConfiguration:
      Did not match:
         - @ConditionalOnClass did not find required class 'io.micrometer.influx.InfluxMeterRegistry' (OnClassCondition)

   InfoContributorAutoConfiguration#buildInfoContributor:
      Did not match:
         - @ConditionalOnSingleCandidate (types: org.springframework.boot.info.BuildProperties; SearchStrategy: all) did not find any beans (OnBeanCondition)
      Matched:
         - @ConditionalOnEnabledInfoContributor management.info.defaults.enabled is considered true (OnEnabledInfoContributorCondition)

   InfoContributorAutoConfiguration#envInfoContributor:
      Did not match:
         - @ConditionalOnEnabledInfoContributor management.info.env.enabled is not true (OnEnabledInfoContributorCondition)

   InfoContributorAutoConfiguration#gitInfoContributor:
      Did not match:
         - @ConditionalOnSingleCandidate (types: org.springframework.boot.info.GitProperties; SearchStrategy: all) did not find any beans (OnBeanCondition)
      Matched:
         - @ConditionalOnEnabledInfoContributor management.info.defaults.enabled is considered true (OnEnabledInfoContributorCondition)

   InfoContributorAutoConfiguration#javaInfoContributor:
      Did not match:
         - @ConditionalOnEnabledInfoContributor management.info.java.enabled is not true (OnEnabledInfoContributorCondition)

   InfoContributorAutoConfiguration#osInfoContributor:
      Did not match:
         - @ConditionalOnEnabledInfoContributor management.info.os.enabled is not true (OnEnabledInfoContributorCondition)

   InfoContributorAutoConfiguration#processInfoContributor:
      Did not match:
         - @ConditionalOnEnabledInfoContributor management.info.process.enabled is not true (OnEnabledInfoContributorCondition)

   InfoContributorAutoConfiguration#sslInfo:
      Did not match:
         - @ConditionalOnEnabledInfoContributor management.info.ssl.enabled is not true (OnEnabledInfoContributorCondition)
      Matched:
         - @ConditionalOnMissingBean (types: org.springframework.boot.info.SslInfo; SearchStrategy: all) did not find any beans (OnBeanCondition)

   InfoContributorAutoConfiguration#sslInfoContributor:
      Did not match:
         - @ConditionalOnEnabledInfoContributor management.info.ssl.enabled is not true (OnEnabledInfoContributorCondition)

   IntegrationAutoConfiguration:
      Did not match:
         - @ConditionalOnClass did not find required class 'org.springframework.integration.config.EnableIntegration' (OnClassCondition)

   IntegrationGraphEndpointAutoConfiguration:
      Did not match:
         - @ConditionalOnClass did not find required class 'org.springframework.integration.graph.IntegrationGraphServer' (OnClassCondition)

   JCacheCacheConfiguration:
      Did not match:
         - @ConditionalOnClass did not find required class 'javax.cache.Caching' (OnClassCondition)

   JacksonHttpMessageConvertersConfiguration.MappingJackson2XmlHttpMessageConverterConfiguration:
      Did not match:
         - @ConditionalOnClass did not find required class 'com.fasterxml.jackson.dataformat.xml.XmlMapper' (OnClassCondition)

   JdbcClientAutoConfiguration:
      Did not match:
         - @ConditionalOnSingleCandidate did not find required type 'org.springframework.jdbc.core.namedparam.NamedParameterJdbcTemplate' (OnBeanCondition)

   JdbcRepositoriesAutoConfiguration:
      Did not match:
         - @ConditionalOnClass did not find required class 'org.springframework.data.jdbc.repository.config.AbstractJdbcConfiguration' (OnClassCondition)

   JdbcTemplateAutoConfiguration:
      Did not match:
         - @ConditionalOnClass did not find required class 'org.springframework.jdbc.core.JdbcTemplate' (OnClassCondition)

   JerseyAutoConfiguration:
      Did not match:
         - @ConditionalOnClass did not find required class 'org.glassfish.jersey.server.spring.SpringComponentProvider' (OnClassCondition)

   JerseySameManagementContextConfiguration:
      Did not match:
         - @ConditionalOnClass did not find required class 'org.glassfish.jersey.server.ResourceConfig' (OnClassCondition)

   JerseyServerMetricsAutoConfiguration:
      Did not match:
         - @ConditionalOnClass did not find required class 'org.glassfish.jersey.micrometer.server.ObservationApplicationEventListener' (OnClassCondition)

   JerseyWebEndpointManagementContextConfiguration:
      Did not match:
         - @ConditionalOnClass did not find required class 'org.glassfish.jersey.server.ResourceConfig' (OnClassCondition)

   JettyMetricsAutoConfiguration:
      Did not match:
         - @ConditionalOnClass did not find required class 'org.eclipse.jetty.server.Server' (OnClassCondition)

   JmsAutoConfiguration:
      Did not match:
         - @ConditionalOnClass did not find required class 'jakarta.jms.Message' (OnClassCondition)

   JmsHealthContributorAutoConfiguration:
      Did not match:
         - @ConditionalOnClass did not find required class 'jakarta.jms.ConnectionFactory' (OnClassCondition)

   JmxAutoConfiguration:
      Did not match:
         - @ConditionalOnBooleanProperty (spring.jmx.enabled=true) did not find property 'spring.jmx.enabled' (OnPropertyCondition)
      Matched:
         - @ConditionalOnClass found required class 'org.springframework.jmx.export.MBeanExporter' (OnClassCondition)

   JmxEndpointAutoConfiguration:
      Did not match:
         - @ConditionalOnBooleanProperty (spring.jmx.enabled=true) did not find property 'spring.jmx.enabled' (OnPropertyCondition)

   JmxMetricsExportAutoConfiguration:
      Did not match:
         - @ConditionalOnClass did not find required class 'io.micrometer.jmx.JmxMeterRegistry' (OnClassCondition)

   JndiConnectionFactoryAutoConfiguration:
      Did not match:
         - @ConditionalOnClass did not find required class 'org.springframework.jms.core.JmsTemplate' (OnClassCondition)

   JndiDataSourceAutoConfiguration:
      Did not match:
         - @ConditionalOnClass did not find required class 'org.springframework.jdbc.datasource.embedded.EmbeddedDatabaseType' (OnClassCondition)

   JooqAutoConfiguration:
      Did not match:
         - @ConditionalOnClass did not find required class 'org.jooq.DSLContext' (OnClassCondition)

   JpaRepositoriesAutoConfiguration:
      Did not match:
         - @ConditionalOnClass did not find required class 'org.springframework.data.jpa.repository.JpaRepository' (OnClassCondition)

   JsonbAutoConfiguration:
      Did not match:
         - @ConditionalOnClass did not find required class 'jakarta.json.bind.Jsonb' (OnClassCondition)

   JsonbHttpMessageConvertersConfiguration:
      Did not match:
         - @ConditionalOnClass did not find required class 'jakarta.json.bind.Jsonb' (OnClassCondition)

   JtaAutoConfiguration:
      Did not match:
         - @ConditionalOnClass did not find required class 'jakarta.transaction.Transaction' (OnClassCondition)

   JvmMetricsAutoConfiguration.VirtualThreadMetricsConfiguration:
      Did not match:
         - @ConditionalOnClass did not find required class 'io.micrometer.java21.instrument.binder.jdk.VirtualThreadMetrics' (OnClassCondition)

   KafkaAutoConfiguration:
      Did not match:
         - @ConditionalOnClass did not find required class 'org.springframework.kafka.core.KafkaTemplate' (OnClassCondition)

   KafkaMetricsAutoConfiguration:
      Did not match:
         - @ConditionalOnClass did not find required class 'org.springframework.kafka.core.ProducerFactory' (OnClassCondition)

   KairosMetricsExportAutoConfiguration:
      Did not match:
         - @ConditionalOnClass did not find required class 'io.micrometer.kairos.KairosMeterRegistry' (OnClassCondition)

   LdapAutoConfiguration:
      Did not match:
         - @ConditionalOnClass did not find required class 'org.springframework.ldap.core.ContextSource' (OnClassCondition)

   LdapHealthContributorAutoConfiguration:
      Did not match:
         - @ConditionalOnClass did not find required class 'org.springframework.ldap.core.LdapOperations' (OnClassCondition)

   LdapRepositoriesAutoConfiguration:
      Did not match:
         - @ConditionalOnClass did not find required class 'org.springframework.data.ldap.repository.LdapRepository' (OnClassCondition)

   LettuceMetricsAutoConfiguration:
      Did not match:
         - @ConditionalOnClass did not find required class 'io.lettuce.core.metrics.MicrometerCommandLatencyRecorder' (OnClassCondition)

   LiquibaseAutoConfiguration:
      Did not match:
         - @ConditionalOnClass did not find required class 'liquibase.change.DatabaseChange' (OnClassCondition)

   LiquibaseEndpointAutoConfiguration:
      Did not match:
         - @ConditionalOnClass did not find required class 'liquibase.integration.spring.SpringLiquibase' (OnClassCondition)

   LoadBalancerAutoConfiguration.RetryAutoConfiguration:
      Did not match:
         - @ConditionalOnClass did not find required class 'org.springframework.retry.support.RetryTemplate' (OnClassCondition)

   LoadBalancerAutoConfiguration.RetryInterceptorAutoConfiguration:
      Did not match:
         - @ConditionalOnClass did not find required class 'org.springframework.retry.support.RetryTemplate' (OnClassCondition)

   LoadBalancerBeanPostProcessorAutoConfiguration:
      Did not match:
         - @ConditionalOnClass did not find required class 'org.springframework.web.reactive.function.client.WebClient' (OnClassCondition)

   LoadBalancerCacheAutoConfiguration.CaffeineLoadBalancerCacheManagerConfiguration:
      Did not match:
         - @ConditionalOnClass did not find required class 'com.github.benmanes.caffeine.cache.Caffeine' (OnClassCondition)

   LoadBalancerEurekaAutoConfiguration#zoneConfig:
      Did not match:
         - @ConditionalOnMissingBean (types: org.springframework.cloud.loadbalancer.config.LoadBalancerZoneConfig; SearchStrategy: all) found beans of type 'org.springframework.cloud.loadbalancer.config.LoadBalancerZoneConfig' zoneConfig (OnBeanCondition)

   LoadBalancerStatsAutoConfiguration:
      Did not match:
         - @ConditionalOnProperty (spring.cloud.loadbalancer.stats.micrometer.enabled=true) did not find property 'spring.cloud.loadbalancer.stats.micrometer.enabled' (OnPropertyCondition)
      Matched:
         - @ConditionalOnClass found required class 'io.micrometer.core.instrument.MeterRegistry' (OnClassCondition)

   Log4J2MetricsAutoConfiguration:
      Did not match:
         - @ConditionalOnClass did not find required class 'org.apache.logging.log4j.core.LoggerContext' (OnClassCondition)

   LogFileWebEndpointAutoConfiguration:
      Did not match:
         - @ConditionalOnAvailableEndpoint not exposed (OnAvailableEndpointCondition)

   LoggersEndpointAutoConfiguration:
      Did not match:
         - @ConditionalOnAvailableEndpoint not exposed (OnAvailableEndpointCondition)

   MailHealthContributorAutoConfiguration:
      Did not match:
         - @ConditionalOnBean (types: org.springframework.mail.javamail.JavaMailSenderImpl; SearchStrategy: all) did not find any beans of type org.springframework.mail.javamail.JavaMailSenderImpl (OnBeanCondition)
      Matched:
         - @ConditionalOnClass found required class 'org.springframework.mail.javamail.JavaMailSenderImpl' (OnClassCondition)
         - @ConditionalOnEnabledHealthIndicator management.health.defaults.enabled is considered true (OnEnabledHealthIndicatorCondition)

   MailSenderAutoConfiguration:
      Did not match:
         - @ConditionalOnClass did not find required class 'jakarta.mail.internet.MimeMessage' (OnClassCondition)

   MailSenderValidatorAutoConfiguration:
      Did not match:
         - @ConditionalOnBooleanProperty (spring.mail.test-connection=true) did not find property 'spring.mail.test-connection' (OnPropertyCondition)

   ManagementContextAutoConfiguration.DifferentManagementContextConfiguration:
      Did not match:
         - Management Port actual port type (SAME) did not match required type (DIFFERENT) (OnManagementPortCondition)

   ManagementWebSecurityAutoConfiguration:
      Did not match:
         - AllNestedConditions 1 matched 1 did not; NestedCondition on DefaultWebSecurityCondition.Beans @ConditionalOnMissingBean (types: org.springframework.security.web.SecurityFilterChain; SearchStrategy: all) found beans of type 'org.springframework.security.web.SecurityFilterChain' securityFilterChain; NestedCondition on DefaultWebSecurityCondition.Classes @ConditionalOnClass found required classes 'org.springframework.security.web.SecurityFilterChain', 'org.springframework.security.config.annotation.web.builders.HttpSecurity' (DefaultWebSecurityCondition)
      Matched:
         - found 'session' scope (OnWebApplicationCondition)

   MappingsEndpointAutoConfiguration:
      Did not match:
         - @ConditionalOnAvailableEndpoint not exposed (OnAvailableEndpointCondition)

   MessageSourceAutoConfiguration:
      Did not match:
         - ResourceBundle did not find bundle with basename messages (MessageSourceAutoConfiguration.ResourceBundleCondition)

   MetricsAspectsAutoConfiguration:
      Did not match:
         - @ConditionalOnClass did not find required class 'org.aspectj.weaver.Advice' (OnClassCondition)

   MetricsEndpointAutoConfiguration:
      Did not match:
         - @ConditionalOnAvailableEndpoint not exposed (OnAvailableEndpointCondition)
      Matched:
         - @ConditionalOnClass found required class 'io.micrometer.core.annotation.Timed' (OnClassCondition)

   MicrometerTracingAutoConfiguration:
      Did not match:
         - @ConditionalOnClass did not find required class 'io.micrometer.tracing.Tracer' (OnClassCondition)

   MongoDataAutoConfiguration#mongoConnectionDetails:
      Did not match:
         - @ConditionalOnMissingBean (types: org.springframework.boot.autoconfigure.mongo.MongoConnectionDetails; SearchStrategy: all) found beans of type 'org.springframework.boot.autoconfigure.mongo.MongoConnectionDetails' mongoConnectionDetails (OnBeanCondition)

   MongoReactiveAutoConfiguration:
      Did not match:
         - @ConditionalOnClass did not find required class 'com.mongodb.reactivestreams.client.MongoClient' (OnClassCondition)

   MongoReactiveDataAutoConfiguration:
      Did not match:
         - @ConditionalOnClass did not find required class 'com.mongodb.reactivestreams.client.MongoClient' (OnClassCondition)

   MongoReactiveHealthContributorAutoConfiguration:
      Did not match:
         - @ConditionalOnBean (types: org.springframework.data.mongodb.core.ReactiveMongoTemplate; SearchStrategy: all) did not find any beans of type org.springframework.data.mongodb.core.ReactiveMongoTemplate (OnBeanCondition)
      Matched:
         - @ConditionalOnClass found required classes 'org.springframework.data.mongodb.core.ReactiveMongoTemplate', 'reactor.core.publisher.Flux' (OnClassCondition)
         - @ConditionalOnEnabledHealthIndicator management.health.defaults.enabled is considered true (OnEnabledHealthIndicatorCondition)

   MongoReactiveRepositoriesAutoConfiguration:
      Did not match:
         - @ConditionalOnClass did not find required class 'com.mongodb.reactivestreams.client.MongoClient' (OnClassCondition)

   MultipleOpenApiSupportConfiguration:
      Did not match:
         - AnyNestedCondition 0 matched 2 did not; NestedCondition on MultipleOpenApiSupportCondition.OnActuatorDifferentPort found non-matching nested conditions Management Port actual port type (SAME) did not match required type (DIFFERENT), @ConditionalOnProperty (springdoc.show-actuator) did not find property 'springdoc.show-actuator'; NestedCondition on MultipleOpenApiSupportCondition.OnMultipleOpenApiSupportCondition AnyNestedCondition 0 matched 3 did not; NestedCondition on MultipleOpenApiGroupsCondition.OnListGroupedOpenApiBean @ConditionalOnBean (types: org.springdoc.core.models.GroupedOpenApi; SearchStrategy: all) did not find any beans of type org.springdoc.core.models.GroupedOpenApi; NestedCondition on MultipleOpenApiGroupsCondition.OnGroupConfigProperty @ConditionalOnProperty (springdoc.group-configs[0].group) did not find property 'springdoc.group-configs[0].group'; NestedCondition on MultipleOpenApiGroupsCondition.OnGroupedOpenApiBean @ConditionalOnBean (types: org.springdoc.core.models.GroupedOpenApi; SearchStrategy: all) did not find any beans of type org.springdoc.core.models.GroupedOpenApi (MultipleOpenApiSupportCondition)
      Matched:
         - found 'session' scope (OnWebApplicationCondition)
         - @ConditionalOnProperty (springdoc.api-docs.enabled) matched (OnPropertyCondition)

   MultipleOpenApiSupportConfiguration.SpringDocWebMvcActuatorDifferentConfiguration:
      Did not match:
         - Management Port actual port type (SAME) did not match required type (DIFFERENT) (OnManagementPortCondition)
         - Ancestor org.springdoc.webmvc.core.configuration.MultipleOpenApiSupportConfiguration did not match (ConditionEvaluationReport.AncestorsMatchedCondition)
      Matched:
         - @ConditionalOnClass found required class 'org.springframework.boot.actuate.endpoint.web.servlet.WebMvcEndpointHandlerMapping' (OnClassCondition)

   MustacheAutoConfiguration:
      Did not match:
         - @ConditionalOnClass did not find required class 'com.samskivert.mustache.Mustache' (OnClassCondition)

   Neo4jAutoConfiguration:
      Did not match:
         - @ConditionalOnClass did not find required class 'org.neo4j.driver.Driver' (OnClassCondition)

   Neo4jDataAutoConfiguration:
      Did not match:
         - @ConditionalOnClass did not find required class 'org.neo4j.driver.Driver' (OnClassCondition)

   Neo4jHealthContributorAutoConfiguration:
      Did not match:
         - @ConditionalOnClass did not find required class 'org.neo4j.driver.Driver' (OnClassCondition)

   Neo4jReactiveDataAutoConfiguration:
      Did not match:
         - @ConditionalOnClass did not find required class 'org.neo4j.driver.Driver' (OnClassCondition)

   Neo4jReactiveRepositoriesAutoConfiguration:
      Did not match:
         - @ConditionalOnClass did not find required class 'org.neo4j.driver.Driver' (OnClassCondition)

   Neo4jRepositoriesAutoConfiguration:
      Did not match:
         - @ConditionalOnClass did not find required class 'org.neo4j.driver.Driver' (OnClassCondition)

   NettyAutoConfiguration:
      Did not match:
         - @ConditionalOnClass did not find required class 'io.netty.util.NettyRuntime' (OnClassCondition)

   NewRelicMetricsExportAutoConfiguration:
      Did not match:
         - @ConditionalOnClass did not find required class 'io.micrometer.newrelic.NewRelicMeterRegistry' (OnClassCondition)

   NoOpMeterRegistryConfiguration:
      Did not match:
         - @ConditionalOnMissingBean (types: io.micrometer.core.instrument.MeterRegistry; SearchStrategy: all) found beans of type 'io.micrometer.core.instrument.MeterRegistry' simpleMeterRegistry (OnBeanCondition)

   NoopTracerAutoConfiguration:
      Did not match:
         - @ConditionalOnClass did not find required class 'io.micrometer.tracing.Tracer' (OnClassCondition)

   OAuth2AuthorizationServerAutoConfiguration:
      Did not match:
         - @ConditionalOnClass did not find required class 'org.springframework.security.oauth2.server.authorization.OAuth2Authorization' (OnClassCondition)

   OAuth2AuthorizationServerJwtAutoConfiguration:
      Did not match:
         - @ConditionalOnClass did not find required class 'com.nimbusds.jose.jwk.source.JWKSource' (OnClassCondition)

   OAuth2ClientAutoConfiguration:
      Did not match:
         - @ConditionalOnClass did not find required class 'org.springframework.security.oauth2.client.registration.ClientRegistration' (OnClassCondition)

   OAuth2ClientWebSecurityAutoConfiguration:
      Did not match:
         - @ConditionalOnClass did not find required class 'org.springframework.security.oauth2.client.web.OAuth2AuthorizedClientRepository' (OnClassCondition)

   OAuth2LoadBalancerClientAutoConfiguration:
      Did not match:
         - @ConditionalOnProperty (spring.cloud.oauth2.load-balanced.enabled) did not find property 'spring.cloud.oauth2.load-balanced.enabled' (OnPropertyCondition)

   OAuth2ResourceServerAutoConfiguration:
      Did not match:
         - @ConditionalOnClass did not find required class 'org.springframework.security.oauth2.server.resource.authentication.BearerTokenAuthenticationToken' (OnClassCondition)

   ObservationAutoConfiguration.MeterObservationHandlerConfiguration.TracingAndMetricsObservationHandlerConfiguration:
      Did not match:
         - @ConditionalOnBean did not find required type 'io.micrometer.tracing.Tracer' (OnBeanCondition)
         - @ConditionalOnBean (types: io.micrometer.tracing.Tracer; SearchStrategy: all) did not find any beans of type io.micrometer.tracing.Tracer (OnBeanCondition)

   ObservationAutoConfiguration.MetricsWithTracingConfiguration:
      Did not match:
         - @ConditionalOnClass did not find required class 'io.micrometer.tracing.Tracer' (OnClassCondition)

   ObservationAutoConfiguration.ObservedAspectConfiguration:
      Did not match:
         - @ConditionalOnClass did not find required class 'org.aspectj.weaver.Advice' (OnClassCondition)

   ObservationAutoConfiguration.OnlyTracingConfiguration:
      Did not match:
         - @ConditionalOnClass did not find required class 'io.micrometer.tracing.Tracer' (OnClassCondition)

   OpenTelemetryAutoConfiguration:
      Did not match:
         - @ConditionalOnClass did not find required class 'io.opentelemetry.sdk.OpenTelemetrySdk' (OnClassCondition)

   OpenTelemetryLoggingAutoConfiguration:
      Did not match:
         - @ConditionalOnClass did not find required class 'io.opentelemetry.api.OpenTelemetry' (OnClassCondition)

   OpenTelemetryTracingAutoConfiguration:
      Did not match:
         - @ConditionalOnClass did not find required class 'io.micrometer.tracing.otel.bridge.OtelTracer' (OnClassCondition)

   OtlpLoggingAutoConfiguration:
      Did not match:
         - @ConditionalOnClass did not find required class 'io.opentelemetry.api.OpenTelemetry' (OnClassCondition)

   OtlpMetricsExportAutoConfiguration:
      Did not match:
         - @ConditionalOnClass did not find required class 'io.micrometer.registry.otlp.OtlpMeterRegistry' (OnClassCondition)

   OtlpTracingAutoConfiguration:
      Did not match:
         - @ConditionalOnClass did not find required class 'io.micrometer.tracing.otel.bridge.OtelTracer' (OnClassCondition)

   PauseResumeEndpointsConfiguration#pauseEndpoint:
      Did not match:
         - @ConditionalOnBean (types: org.springframework.cloud.context.restart.RestartEndpoint; SearchStrategy: all) did not find any beans of type org.springframework.cloud.context.restart.RestartEndpoint (OnBeanCondition)

   PauseResumeEndpointsConfiguration#resumeEndpoint:
      Did not match:
         - @ConditionalOnBean (types: org.springframework.cloud.context.restart.RestartEndpoint; SearchStrategy: all) did not find any beans of type org.springframework.cloud.context.restart.RestartEndpoint (OnBeanCondition)

   ProjectInfoAutoConfiguration#buildProperties:
      Did not match:
         - @ConditionalOnResource did not find resource '${spring.info.build.location:classpath:META-INF/build-info.properties}' (OnResourceCondition)

   ProjectInfoAutoConfiguration#gitProperties:
      Did not match:
         - GitResource did not find git info at classpath:git.properties (ProjectInfoAutoConfiguration.GitResourceAvailableCondition)

   PrometheusExemplarsAutoConfiguration:
      Did not match:
         - @ConditionalOnClass did not find required class 'io.micrometer.tracing.Tracer' (OnClassCondition)

   PrometheusMetricsExportAutoConfiguration:
      Did not match:
         - @ConditionalOnClass did not find required class 'io.micrometer.prometheusmetrics.PrometheusMeterRegistry' (OnClassCondition)

   PulsarAutoConfiguration:
      Did not match:
         - @ConditionalOnClass did not find required class 'org.apache.pulsar.client.api.PulsarClient' (OnClassCondition)

   PulsarReactiveAutoConfiguration:
      Did not match:
         - @ConditionalOnClass did not find required class 'org.apache.pulsar.client.api.PulsarClient' (OnClassCondition)

   QuartzAutoConfiguration:
      Did not match:
         - @ConditionalOnClass did not find required class 'org.quartz.Scheduler' (OnClassCondition)

   QuartzEndpointAutoConfiguration:
      Did not match:
         - @ConditionalOnClass did not find required class 'org.quartz.Scheduler' (OnClassCondition)

   R2dbcAutoConfiguration:
      Did not match:
         - @ConditionalOnClass did not find required class 'io.r2dbc.spi.ConnectionFactory' (OnClassCondition)

   R2dbcDataAutoConfiguration:
      Did not match:
         - @ConditionalOnClass did not find required class 'org.springframework.data.r2dbc.core.R2dbcEntityTemplate' (OnClassCondition)

   R2dbcInitializationConfiguration:
      Did not match:
         - @ConditionalOnClass did not find required classes 'io.r2dbc.spi.ConnectionFactory', 'org.springframework.r2dbc.connection.init.DatabasePopulator' (OnClassCondition)

   R2dbcObservationAutoConfiguration:
      Did not match:
         - @ConditionalOnClass did not find required class 'io.r2dbc.proxy.ProxyConnectionFactory' (OnClassCondition)

   R2dbcProxyAutoConfiguration:
      Did not match:
         - @ConditionalOnClass did not find required class 'io.r2dbc.proxy.ProxyConnectionFactory' (OnClassCondition)

   R2dbcRepositoriesAutoConfiguration:
      Did not match:
         - @ConditionalOnClass did not find required class 'io.r2dbc.spi.ConnectionFactory' (OnClassCondition)

   R2dbcTransactionManagerAutoConfiguration:
      Did not match:
         - @ConditionalOnClass did not find required class 'org.springframework.r2dbc.connection.R2dbcTransactionManager' (OnClassCondition)

   RSocketGraphQlClientAutoConfiguration:
      Did not match:
         - @ConditionalOnClass did not find required class 'graphql.GraphQL' (OnClassCondition)

   RSocketMessagingAutoConfiguration:
      Did not match:
         - @ConditionalOnClass did not find required class 'io.rsocket.RSocket' (OnClassCondition)

   RSocketRequesterAutoConfiguration:
      Did not match:
         - @ConditionalOnClass did not find required class 'io.rsocket.RSocket' (OnClassCondition)

   RSocketSecurityAutoConfiguration:
      Did not match:
         - @ConditionalOnClass did not find required class 'org.springframework.security.rsocket.core.SecuritySocketAcceptorInterceptor' (OnClassCondition)

   RSocketServerAutoConfiguration:
      Did not match:
         - @ConditionalOnClass did not find required class 'io.rsocket.core.RSocketServer' (OnClassCondition)

   RSocketStrategiesAutoConfiguration:
      Did not match:
         - @ConditionalOnClass did not find required class 'io.netty.buffer.PooledByteBufAllocator' (OnClassCondition)

   RabbitAutoConfiguration:
      Did not match:
         - @ConditionalOnClass did not find required class 'com.rabbitmq.client.Channel' (OnClassCondition)

   RabbitHealthContributorAutoConfiguration:
      Did not match:
         - @ConditionalOnClass did not find required class 'org.springframework.amqp.rabbit.core.RabbitTemplate' (OnClassCondition)

   RabbitMetricsAutoConfiguration:
      Did not match:
         - @ConditionalOnClass did not find required class 'com.rabbitmq.client.ConnectionFactory' (OnClassCondition)

   ReactiveCloudFoundryActuatorAutoConfiguration:
      Did not match:
         - @ConditionalOnWebApplication did not find reactive web application classes (OnWebApplicationCondition)

   ReactiveCommonsClientAutoConfiguration.ReactiveDiscoveryLoadBalancerConfiguration:
      Did not match:
         - @ConditionalOnClass did not find required class 'org.springframework.web.reactive.function.client.WebClient' (OnClassCondition)

   ReactiveCompositeDiscoveryClientAutoConfiguration:
      Did not match:
         - @ConditionalOnClass did not find required class 'org.springframework.web.reactive.function.client.WebClient' (OnClassCondition)

   ReactiveElasticsearchClientAutoConfiguration:
      Did not match:
         - @ConditionalOnClass did not find required class 'co.elastic.clients.transport.ElasticsearchTransport' (OnClassCondition)

   ReactiveElasticsearchRepositoriesAutoConfiguration:
      Did not match:
         - @ConditionalOnClass did not find required class 'org.springframework.data.elasticsearch.client.elc.ReactiveElasticsearchClient' (OnClassCondition)

   ReactiveManagementContextAutoConfiguration:
      Did not match:
         - @ConditionalOnWebApplication did not find reactive web application classes (OnWebApplicationCondition)

   ReactiveManagementWebSecurityAutoConfiguration:
      Did not match:
         - @ConditionalOnWebApplication did not find reactive web application classes (OnWebApplicationCondition)

   ReactiveMultipartAutoConfiguration:
      Did not match:
         - @ConditionalOnClass did not find required class 'org.springframework.web.reactive.config.WebFluxConfigurer' (OnClassCondition)

   ReactiveOAuth2ClientAutoConfiguration:
      Did not match:
         - @ConditionalOnClass did not find required class 'org.springframework.security.oauth2.client.registration.ClientRegistration' (OnClassCondition)

   ReactiveOAuth2ClientWebSecurityAutoConfiguration:
      Did not match:
         - @ConditionalOnClass did not find required class 'org.springframework.security.oauth2.client.web.server.ServerOAuth2AuthorizedClientRepository' (OnClassCondition)

   ReactiveOAuth2ResourceServerAutoConfiguration:
      Did not match:
         - @ConditionalOnWebApplication did not find reactive web application classes (OnWebApplicationCondition)

   ReactiveSecurityAutoConfiguration:
      Did not match:
         - @ConditionalOnClass did not find required class 'org.springframework.web.reactive.config.WebFluxConfigurer' (OnClassCondition)

   ReactiveUserDetailsServiceAutoConfiguration:
      Did not match:
         - AnyNestedCondition 0 matched 2 did not; NestedCondition on ReactiveUserDetailsServiceAutoConfiguration.RSocketEnabledOrReactiveWebApplication.ReactiveWebApplicationCondition did not find reactive web application classes; NestedCondition on ReactiveUserDetailsServiceAutoConfiguration.RSocketEnabledOrReactiveWebApplication.RSocketSecurityEnabledCondition @ConditionalOnBean (types: org.springframework.messaging.rsocket.annotation.support.RSocketMessageHandler; SearchStrategy: all) did not find any beans of type org.springframework.messaging.rsocket.annotation.support.RSocketMessageHandler (ReactiveUserDetailsServiceAutoConfiguration.RSocketEnabledOrReactiveWebApplication)
      Matched:
         - @ConditionalOnClass found required class 'org.springframework.security.authentication.ReactiveAuthenticationManager' (OnClassCondition)
         - AnyNestedCondition 1 matched 2 did not; NestedCondition on ReactiveUserDetailsServiceAutoConfiguration.MissingAlternativeOrUserPropertiesConfigured.PasswordConfigured @ConditionalOnProperty (spring.security.user.password) did not find property 'spring.security.user.password'; NestedCondition on ReactiveUserDetailsServiceAutoConfiguration.MissingAlternativeOrUserPropertiesConfigured.NameConfigured @ConditionalOnProperty (spring.security.user.name) did not find property 'spring.security.user.name'; NestedCondition on ReactiveUserDetailsServiceAutoConfiguration.MissingAlternativeOrUserPropertiesConfigured.MissingAlternative @ConditionalOnMissingClass did not find unwanted classes 'org.springframework.security.oauth2.client.registration.ClientRegistrationRepository', 'org.springframework.security.oauth2.server.resource.introspection.ReactiveOpaqueTokenIntrospector' (ReactiveUserDetailsServiceAutoConfiguration.MissingAlternativeOrUserPropertiesConfigured)

   ReactiveWebServerFactoryAutoConfiguration:
      Did not match:
         - @ConditionalOnWebApplication did not find reactive web application classes (OnWebApplicationCondition)

   ReactorLoadBalancerClientAutoConfiguration:
      Did not match:
         - @ConditionalOnClass did not find required class 'org.springframework.web.reactive.function.client.WebClient' (OnClassCondition)

   RedisAutoConfiguration:
      Did not match:
         - @ConditionalOnClass did not find required class 'org.springframework.data.redis.core.RedisOperations' (OnClassCondition)

   RedisCacheConfiguration:
      Did not match:
         - @ConditionalOnClass did not find required class 'org.springframework.data.redis.connection.RedisConnectionFactory' (OnClassCondition)

   RedisHealthContributorAutoConfiguration:
      Did not match:
         - @ConditionalOnClass did not find required class 'org.springframework.data.redis.connection.RedisConnectionFactory' (OnClassCondition)

   RedisReactiveAutoConfiguration:
      Did not match:
         - @ConditionalOnClass did not find required class 'org.springframework.data.redis.connection.ReactiveRedisConnectionFactory' (OnClassCondition)

   RedisReactiveHealthContributorAutoConfiguration:
      Did not match:
         - @ConditionalOnClass did not find required class 'org.springframework.data.redis.connection.ReactiveRedisConnectionFactory' (OnClassCondition)

   RedisRepositoriesAutoConfiguration:
      Did not match:
         - @ConditionalOnClass did not find required class 'org.springframework.data.redis.repository.configuration.EnableRedisRepositories' (OnClassCondition)

   RefreshAutoConfiguration#legacyContextRefresher:
      Did not match:
         - AnyNestedCondition 0 matched 3 did not; NestedCondition on ConditionalOnBootstrapEnabled.OnBootstrapEnabledCondition.OnBootstrapEnabled @ConditionalOnProperty (spring.cloud.bootstrap.enabled) did not find property 'spring.cloud.bootstrap.enabled'; NestedCondition on ConditionalOnBootstrapEnabled.OnBootstrapEnabledCondition.OnUseLegacyProcessingEnabled @ConditionalOnProperty (spring.config.use-legacy-processing) did not find property 'spring.config.use-legacy-processing'; NestedCondition on ConditionalOnBootstrapEnabled.OnBootstrapEnabledCondition.OnBootstrapMarkerClassPresent @ConditionalOnClass did not find required class 'org.springframework.cloud.bootstrap.marker.Marker' (ConditionalOnBootstrapEnabled.OnBootstrapEnabledCondition)

   RefreshEndpointAutoConfiguration.RefreshEndpointConfiguration#refreshEndpoint:
      Did not match:
         - @ConditionalOnAvailableEndpoint not exposed (OnAvailableEndpointCondition)
      Matched:
         - @ConditionalOnBean (types: org.springframework.cloud.context.refresh.ContextRefresher; SearchStrategy: all) found bean 'configDataContextRefresher'; @ConditionalOnMissingBean (types: org.springframework.cloud.endpoint.RefreshEndpoint; SearchStrategy: all) did not find any beans (OnBeanCondition)

   RepositoryRestMvcAutoConfiguration:
      Did not match:
         - @ConditionalOnClass did not find required class 'org.springframework.data.rest.webmvc.config.RepositoryRestMvcConfiguration' (OnClassCondition)

   RestartEndpointWithIntegrationConfiguration:
      Did not match:
         - @ConditionalOnClass did not find required class 'org.springframework.integration.monitor.IntegrationMBeanExporter' (OnClassCondition)

   RestartEndpointWithoutIntegrationConfiguration#restartEndpointWithoutIntegration:
      Did not match:
         - @ConditionalOnAvailableEndpoint the configured access for endpoint 'restart' is NONE (OnAvailableEndpointCondition)

   Saml2RelyingPartyAutoConfiguration:
      Did not match:
         - @ConditionalOnClass did not find required class 'org.springframework.security.saml2.provider.service.registration.RelyingPartyRegistrationRepository' (OnClassCondition)

   SbomEndpointAutoConfiguration:
      Did not match:
         - @ConditionalOnAvailableEndpoint not exposed (OnAvailableEndpointCondition)

   ScheduledTasksEndpointAutoConfiguration:
      Did not match:
         - @ConditionalOnAvailableEndpoint not exposed (OnAvailableEndpointCondition)

   SecurityDataConfiguration:
      Did not match:
         - @ConditionalOnClass did not find required class 'org.springframework.security.data.repository.query.SecurityEvaluationContextExtension' (OnClassCondition)

   SecurityRequestMatchersManagementContextConfiguration.JerseyRequestMatcherConfiguration:
      Did not match:
         - @ConditionalOnClass did not find required class 'org.glassfish.jersey.server.ResourceConfig' (OnClassCondition)

   SendGridAutoConfiguration:
      Did not match:
         - @ConditionalOnClass did not find required class 'com.sendgrid.SendGrid' (OnClassCondition)

   ServiceRegistryAutoConfiguration.ServiceRegistryEndpointConfiguration#serviceRegistryEndpoint:
      Did not match:
         - @ConditionalOnAvailableEndpoint not exposed (OnAvailableEndpointCondition)

   ServletEndpointManagementContextConfiguration.JerseyServletEndpointManagementContextConfiguration:
      Did not match:
         - @ConditionalOnClass did not find required class 'org.glassfish.jersey.server.ResourceConfig' (OnClassCondition)

   ServletManagementContextAutoConfiguration.ApplicationContextFilterConfiguration:
      Did not match:
         - @ConditionalOnBooleanProperty (management.server.add-application-context-header=true) did not find property 'management.server.add-application-context-header' (OnPropertyCondition)

   ServletWebServerFactoryAutoConfiguration.ForwardedHeaderFilterConfiguration:
      Did not match:
         - @ConditionalOnProperty (server.forward-headers-strategy=framework) did not find property 'server.forward-headers-strategy' (OnPropertyCondition)

   ServletWebServerFactoryConfiguration.EmbeddedJetty:
      Did not match:
         - @ConditionalOnClass did not find required classes 'org.eclipse.jetty.server.Server', 'org.eclipse.jetty.util.Loader', 'org.eclipse.jetty.ee10.webapp.WebAppContext' (OnClassCondition)

   ServletWebServerFactoryConfiguration.EmbeddedUndertow:
      Did not match:
         - @ConditionalOnClass did not find required classes 'io.undertow.Undertow', 'org.xnio.SslClientAuthMode' (OnClassCondition)

   SessionAutoConfiguration:
      Did not match:
         - @ConditionalOnClass did not find required class 'org.springframework.session.Session' (OnClassCondition)

   SessionsEndpointAutoConfiguration:
      Did not match:
         - @ConditionalOnClass did not find required class 'org.springframework.session.Session' (OnClassCondition)

   ShutdownEndpointAutoConfiguration:
      Did not match:
         - @ConditionalOnAvailableEndpoint the configured access for endpoint 'shutdown' is NONE (OnAvailableEndpointCondition)

   SignalFxMetricsExportAutoConfiguration:
      Did not match:
         - @ConditionalOnClass did not find required class 'io.micrometer.signalfx.SignalFxMeterRegistry' (OnClassCondition)

   SimpleReactiveDiscoveryClientAutoConfiguration:
      Did not match:
         - @ConditionalOnClass did not find required class 'org.springframework.web.reactive.function.client.WebClient' (OnClassCondition)

   SpringApplicationAdminJmxAutoConfiguration:
      Did not match:
         - @ConditionalOnBooleanProperty (spring.application.admin.enabled=true) did not find property 'spring.application.admin.enabled' (OnPropertyCondition)

   SpringBootWebSecurityConfiguration.SecurityFilterChainConfiguration:
      Did not match:
         - AllNestedConditions 1 matched 1 did not; NestedCondition on DefaultWebSecurityCondition.Beans @ConditionalOnMissingBean (types: org.springframework.security.web.SecurityFilterChain; SearchStrategy: all) found beans of type 'org.springframework.security.web.SecurityFilterChain' securityFilterChain; NestedCondition on DefaultWebSecurityCondition.Classes @ConditionalOnClass found required classes 'org.springframework.security.web.SecurityFilterChain', 'org.springframework.security.config.annotation.web.builders.HttpSecurity' (DefaultWebSecurityCondition)

   SpringBootWebSecurityConfiguration.WebSecurityEnablerConfiguration:
      Did not match:
         - @ConditionalOnMissingBean (names: springSecurityFilterChain; SearchStrategy: all) found beans named springSecurityFilterChain (OnBeanCondition)
      Matched:
         - @ConditionalOnClass found required class 'org.springframework.security.config.annotation.web.configuration.EnableWebSecurity' (OnClassCondition)

   SpringDocConfiguration#propertiesResolverForSchema:
      Did not match:
         - @ConditionalOnProperty (springdoc.api-docs.resolve-schema-properties) did not find property 'springdoc.api-docs.resolve-schema-properties' (OnPropertyCondition)

   SpringDocConfiguration#propertyCustomizingConverter:
      Did not match:
         - @ConditionalOnBean (types: org.springdoc.core.customizers.PropertyCustomizer; SearchStrategy: all) did not find any beans of type org.springdoc.core.customizers.PropertyCustomizer (OnBeanCondition)

   SpringDocConfiguration#springdocBeanFactoryPostProcessor:
      Did not match:
         - AnyNestedCondition 0 matched 2 did not; NestedCondition on CacheOrGroupedOpenApiCondition.OnCacheDisabled found non-matching nested conditions @ConditionalOnProperty (springdoc.cache.disabled) did not find property 'springdoc.cache.disabled'; NestedCondition on CacheOrGroupedOpenApiCondition.OnMultipleOpenApiSupportCondition AnyNestedCondition 0 matched 2 did not; NestedCondition on MultipleOpenApiSupportCondition.OnActuatorDifferentPort found non-matching nested conditions Management Port actual port type (SAME) did not match required type (DIFFERENT), @ConditionalOnProperty (springdoc.show-actuator) did not find property 'springdoc.show-actuator'; NestedCondition on MultipleOpenApiSupportCondition.OnMultipleOpenApiSupportCondition AnyNestedCondition 0 matched 3 did not; NestedCondition on MultipleOpenApiGroupsCondition.OnListGroupedOpenApiBean @ConditionalOnBean (types: org.springdoc.core.models.GroupedOpenApi; SearchStrategy: all) did not find any beans of type org.springdoc.core.models.GroupedOpenApi; NestedCondition on MultipleOpenApiGroupsCondition.OnGroupConfigProperty @ConditionalOnProperty (springdoc.group-configs[0].group) did not find property 'springdoc.group-configs[0].group'; NestedCondition on MultipleOpenApiGroupsCondition.OnGroupedOpenApiBean @ConditionalOnBean (types: org.springdoc.core.models.GroupedOpenApi; SearchStrategy: all) did not find any beans of type org.springdoc.core.models.GroupedOpenApi (CacheOrGroupedOpenApiCondition)
      Matched:
         - @ConditionalOnClass found required class 'org.springframework.boot.context.properties.bind.BindResult' (OnClassCondition)

   SpringDocConfiguration#springdocBeanFactoryPostProcessor2:
      Did not match:
         - @ConditionalOnMissingClass found unwanted class 'org.springframework.boot.context.properties.bind.BindResult' (OnClassCondition)

   SpringDocConfiguration.SpringDocActuatorConfiguration:
      Did not match:
         - @ConditionalOnProperty (springdoc.show-actuator) did not find property 'springdoc.show-actuator' (OnPropertyCondition)
      Matched:
         - @ConditionalOnClass found required class 'org.springframework.boot.actuate.autoconfigure.endpoint.web.WebEndpointProperties' (OnClassCondition)

   SpringDocConfiguration.SpringDocRepositoryRestConfiguration:
      Did not match:
         - @ConditionalOnClass did not find required class 'org.springframework.data.rest.core.config.RepositoryRestConfiguration' (OnClassCondition)

   SpringDocDataRestConfiguration:
      Did not match:
         - @ConditionalOnClass did not find required class 'org.springframework.data.rest.core.config.RepositoryRestConfiguration' (OnClassCondition)

   SpringDocFunctionCatalogConfiguration:
      Did not match:
         - @ConditionalOnClass did not find required class 'org.springframework.cloud.function.web.function.FunctionEndpointInitializer' (OnClassCondition)

   SpringDocGroovyConfiguration:
      Did not match:
         - @ConditionalOnClass did not find required class 'groovy.lang.MetaClass' (OnClassCondition)

   SpringDocHateoasConfiguration:
      Did not match:
         - @ConditionalOnClass did not find required class 'org.springframework.hateoas.server.LinkRelationProvider' (OnClassCondition)

   SpringDocJacksonKotlinModuleConfiguration:
      Did not match:
         - @ConditionalOnClass did not find required class 'com.fasterxml.jackson.module.kotlin.KotlinModule' (OnClassCondition)

   SpringDocJavadocConfiguration:
      Did not match:
         - @ConditionalOnClass did not find required class 'com.github.therapi.runtimejavadoc.CommentFormatter' (OnClassCondition)

   SpringDocKotlinConfiguration:
      Did not match:
         - @ConditionalOnClass did not find required class 'kotlin.coroutines.Continuation' (OnClassCondition)

   SpringDocKotlinxConfiguration:
      Did not match:
         - @ConditionalOnClass did not find required class 'kotlinx.coroutines.flow.Flow' (OnClassCondition)

   SpringDocSecurityConfiguration.SpringDocSecurityOAuth2ClientConfiguration:
      Did not match:
         - @ConditionalOnClass did not find required class 'org.springframework.security.oauth2.client.annotation.RegisteredOAuth2AuthorizedClient' (OnClassCondition)

   SpringDocSecurityConfiguration.SpringDocSecurityOAuth2Configuration:
      Did not match:
         - @ConditionalOnClass did not find required class 'org.springframework.security.oauth2.server.authorization.OAuth2AuthorizationService' (OnClassCondition)

   SpringDocSecurityConfiguration.SpringSecurityLoginEndpointConfiguration#springSecurityLoginEndpointCustomizer:
      Did not match:
         - @ConditionalOnProperty (springdoc.show-login-endpoint) did not find property 'springdoc.show-login-endpoint' (OnPropertyCondition)

   SpringDocSortConfiguration#dataRestDelegatingMethodParameterCustomizer:
      Did not match:
         - @ConditionalOnMissingBean (types: org.springdoc.core.customizers.DataRestDelegatingMethodParameterCustomizer; SearchStrategy: all) found beans of type 'org.springdoc.core.customizers.DataRestDelegatingMethodParameterCustomizer' dataRestDelegatingMethodParameterCustomizer (OnBeanCondition)

   SpringDocWebMvcConfiguration.SpringDocWebMvcActuatorConfiguration#actuatorProvider:
      Did not match:
         - @ConditionalOnExpression (#{${springdoc.show-actuator:false} or ${springdoc.use-management-port:false}}) resulted in false (OnExpressionCondition)

   SpringDocWebMvcConfiguration.SpringDocWebMvcActuatorConfiguration#openApiActuatorResource:
      Did not match:
         - @ConditionalOnExpression (#{${springdoc.use-management-port:false} and ${springdoc.enable-default-api-docs:true}}) resulted in false (OnExpressionCondition)

   SslObservabilityAutoConfiguration#sslInfoProvider:
      Did not match:
         - @ConditionalOnMissingBean (types: org.springframework.boot.info.SslInfo; SearchStrategy: all) found beans of type 'org.springframework.boot.info.SslInfo' sslInfo (OnBeanCondition)

   StackdriverMetricsExportAutoConfiguration:
      Did not match:
         - @ConditionalOnClass did not find required class 'io.micrometer.stackdriver.StackdriverMeterRegistry' (OnClassCondition)

   StartupEndpointAutoConfiguration:
      Did not match:
         - ApplicationStartup configured applicationStartup is of type class org.springframework.core.metrics.DefaultApplicationStartup, expected BufferingApplicationStartup. (StartupEndpointAutoConfiguration.ApplicationStartupCondition)

   StatsdMetricsExportAutoConfiguration:
      Did not match:
         - @ConditionalOnClass did not find required class 'io.micrometer.statsd.StatsdMeterRegistry' (OnClassCondition)

   SwaggerConfig#springWebProvider:
      Did not match:
         - @ConditionalOnMissingBean (types: org.springdoc.core.providers.SpringWebProvider; SearchStrategy: all) found beans of type 'org.springdoc.core.providers.SpringWebProvider' springWebProvider (OnBeanCondition)

   SwaggerConfig#swaggerUiHome:
      Did not match:
         - @ConditionalOnProperty (springdoc.swagger-ui.use-root-path=true) did not find property 'springdoc.swagger-ui.use-root-path' (OnPropertyCondition)

   SwaggerConfig.SwaggerActuatorWelcomeConfiguration:
      Did not match:
         - @ConditionalOnProperty (springdoc.use-management-port) did not find property 'springdoc.use-management-port' (OnPropertyCondition)
      Matched:
         - @ConditionalOnClass found required class 'org.springframework.boot.actuate.endpoint.web.servlet.WebMvcEndpointHandlerMapping' (OnClassCondition)

   TaskExecutorConfigurations.SimpleAsyncTaskExecutorBuilderConfiguration#simpleAsyncTaskExecutorBuilderVirtualThreads:
      Did not match:
         - @ConditionalOnMissingBean (types: org.springframework.boot.task.SimpleAsyncTaskExecutorBuilder; SearchStrategy: all) found beans of type 'org.springframework.boot.task.SimpleAsyncTaskExecutorBuilder' simpleAsyncTaskExecutorBuilder (OnBeanCondition)

   TaskExecutorConfigurations.TaskExecutorConfiguration#applicationTaskExecutorVirtualThreads:
      Did not match:
         - @ConditionalOnThreading did not find VIRTUAL (OnThreadingCondition)

   TaskSchedulingAutoConfiguration#scheduledBeanLazyInitializationExcludeFilter:
      Did not match:
         - @ConditionalOnBean (names: org.springframework.context.annotation.internalScheduledAnnotationProcessor; SearchStrategy: all) did not find any beans named org.springframework.context.annotation.internalScheduledAnnotationProcessor (OnBeanCondition)

   TaskSchedulingConfigurations.SimpleAsyncTaskSchedulerBuilderConfiguration#simpleAsyncTaskSchedulerBuilderVirtualThreads:
      Did not match:
         - @ConditionalOnMissingBean (types: org.springframework.boot.task.SimpleAsyncTaskSchedulerBuilder; SearchStrategy: all) found beans of type 'org.springframework.boot.task.SimpleAsyncTaskSchedulerBuilder' simpleAsyncTaskSchedulerBuilder (OnBeanCondition)

   TaskSchedulingConfigurations.TaskSchedulerConfiguration:
      Did not match:
         - @ConditionalOnBean (names: org.springframework.context.annotation.internalScheduledAnnotationProcessor; SearchStrategy: all) did not find any beans named org.springframework.context.annotation.internalScheduledAnnotationProcessor (OnBeanCondition)

   ThreadDumpEndpointAutoConfiguration:
      Did not match:
         - @ConditionalOnAvailableEndpoint not exposed (OnAvailableEndpointCondition)

   ThymeleafAutoConfiguration:
      Did not match:
         - @ConditionalOnClass did not find required class 'org.thymeleaf.spring6.SpringTemplateEngine' (OnClassCondition)

   TransactionAutoConfiguration#transactionalOperator:
      Did not match:
         - @ConditionalOnSingleCandidate (types: org.springframework.transaction.ReactiveTransactionManager; SearchStrategy: all) did not find any beans (OnBeanCondition)

   TransactionAutoConfiguration.AspectJTransactionManagementConfiguration:
      Did not match:
         - @ConditionalOnBean did not find required type 'org.springframework.transaction.aspectj.AbstractTransactionAspect' (OnBeanCondition)
         - @ConditionalOnBean (types: org.springframework.transaction.aspectj.AbstractTransactionAspect; SearchStrategy: all) did not find any beans of type org.springframework.transaction.aspectj.AbstractTransactionAspect (OnBeanCondition)

   TransactionAutoConfiguration.EnableTransactionManagementConfiguration:
      Did not match:
         - @ConditionalOnBean (types: org.springframework.transaction.TransactionManager; SearchStrategy: all) did not find any beans of type org.springframework.transaction.TransactionManager (OnBeanCondition)

   TransactionAutoConfiguration.EnableTransactionManagementConfiguration.CglibAutoProxyConfiguration:
      Did not match:
         - Ancestor org.springframework.boot.autoconfigure.transaction.TransactionAutoConfiguration$EnableTransactionManagementConfiguration did not match (ConditionEvaluationReport.AncestorsMatchedCondition)
      Matched:
         - @ConditionalOnBooleanProperty (spring.aop.proxy-target-class=true) matched (OnPropertyCondition)

   TransactionAutoConfiguration.EnableTransactionManagementConfiguration.JdkDynamicAutoProxyConfiguration:
      Did not match:
         - @ConditionalOnBooleanProperty (spring.aop.proxy-target-class=false) did not find property 'spring.aop.proxy-target-class' (OnPropertyCondition)
         - Ancestor org.springframework.boot.autoconfigure.transaction.TransactionAutoConfiguration$EnableTransactionManagementConfiguration did not match (ConditionEvaluationReport.AncestorsMatchedCondition)

   TransactionAutoConfiguration.TransactionTemplateConfiguration:
      Did not match:
         - @ConditionalOnSingleCandidate (types: org.springframework.transaction.PlatformTransactionManager; SearchStrategy: all) did not find any beans (OnBeanCondition)

   UserDetailsServiceAutoConfiguration:
      Did not match:
         - @ConditionalOnMissingBean (types: org.springframework.security.authentication.AuthenticationManager,org.springframework.security.authentication.AuthenticationProvider,org.springframework.security.core.userdetails.UserDetailsService,org.springframework.security.authentication.AuthenticationManagerResolver,org.springframework.security.oauth2.jwt.JwtDecoder; SearchStrategy: all) found beans of type 'org.springframework.security.authentication.AuthenticationManager' authenticationManager and found beans of type 'org.springframework.security.core.userdetails.UserDetailsService' userDetailsService and found beans of type 'org.springframework.security.authentication.AuthenticationProvider' authenticationProvider (OnBeanCondition)
      Matched:
         - @ConditionalOnClass found required class 'org.springframework.security.authentication.AuthenticationManager' (OnClassCondition)
         - found 'session' scope (OnWebApplicationCondition)
         - AnyNestedCondition 1 matched 2 did not; NestedCondition on UserDetailsServiceAutoConfiguration.MissingAlternativeOrUserPropertiesConfigured.PasswordConfigured @ConditionalOnProperty (spring.security.user.password) did not find property 'spring.security.user.password'; NestedCondition on UserDetailsServiceAutoConfiguration.MissingAlternativeOrUserPropertiesConfigured.NameConfigured @ConditionalOnProperty (spring.security.user.name) did not find property 'spring.security.user.name'; NestedCondition on UserDetailsServiceAutoConfiguration.MissingAlternativeOrUserPropertiesConfigured.MissingAlternative @ConditionalOnMissingClass did not find unwanted classes 'org.springframework.security.oauth2.client.registration.ClientRegistrationRepository', 'org.springframework.security.oauth2.server.resource.introspection.OpaqueTokenIntrospector', 'org.springframework.security.saml2.provider.service.registration.RelyingPartyRegistrationRepository' (UserDetailsServiceAutoConfiguration.MissingAlternativeOrUserPropertiesConfigured)

   WavefrontAutoConfiguration:
      Did not match:
         - @ConditionalOnClass did not find required class 'com.wavefront.sdk.common.application.ApplicationTags' (OnClassCondition)

   WavefrontMetricsExportAutoConfiguration:
      Did not match:
         - @ConditionalOnClass did not find required class 'com.wavefront.sdk.common.WavefrontSender' (OnClassCondition)

   WavefrontTracingAutoConfiguration:
      Did not match:
         - @ConditionalOnClass did not find required class 'com.wavefront.sdk.common.WavefrontSender' (OnClassCondition)

   WebClientAutoConfiguration:
      Did not match:
         - @ConditionalOnClass did not find required class 'org.springframework.web.reactive.function.client.WebClient' (OnClassCondition)

   WebClientObservationConfiguration:
      Did not match:
         - @ConditionalOnClass did not find required class 'org.springframework.web.reactive.function.client.WebClient' (OnClassCondition)

   WebFluxAutoConfiguration:
      Did not match:
         - @ConditionalOnClass did not find required class 'org.springframework.web.reactive.config.WebFluxConfigurer' (OnClassCondition)

   WebFluxEndpointManagementContextConfiguration:
      Did not match:
         - @ConditionalOnClass did not find required class 'org.springframework.web.reactive.DispatcherHandler' (OnClassCondition)

   WebFluxObservationAutoConfiguration:
      Did not match:
         - @ConditionalOnWebApplication did not find reactive web application classes (OnWebApplicationCondition)

   WebMvcAutoConfiguration#hiddenHttpMethodFilter:
      Did not match:
         - @ConditionalOnBooleanProperty (spring.mvc.hiddenmethod.filter.enabled=true) did not find property 'spring.mvc.hiddenmethod.filter.enabled' (OnPropertyCondition)

   WebMvcAutoConfiguration.ProblemDetailsErrorHandlingConfiguration:
      Did not match:
         - @ConditionalOnBooleanProperty (spring.mvc.problemdetails.enabled=true) did not find property 'spring.mvc.problemdetails.enabled' (OnPropertyCondition)

   WebMvcAutoConfiguration.WebMvcAutoConfigurationAdapter#beanNameViewResolver:
      Did not match:
         - @ConditionalOnMissingBean (types: org.springframework.web.servlet.view.BeanNameViewResolver; SearchStrategy: all) found beans of type 'org.springframework.web.servlet.view.BeanNameViewResolver' beanNameViewResolver (OnBeanCondition)

   WebMvcEndpointManagementContextConfiguration#managementHealthEndpointWebMvcHandlerMapping:
      Did not match:
         - Management Port actual port type (SAME) did not match required type (DIFFERENT) (OnManagementPortCondition)

   WebServiceTemplateAutoConfiguration:
      Did not match:
         - @ConditionalOnClass did not find required class 'org.springframework.oxm.Marshaller' (OnClassCondition)

   WebServicesAutoConfiguration:
      Did not match:
         - @ConditionalOnClass did not find required class 'org.springframework.ws.transport.http.MessageDispatcherServlet' (OnClassCondition)

   WebSessionIdResolverAutoConfiguration:
      Did not match:
         - @ConditionalOnWebApplication did not find reactive web application classes (OnWebApplicationCondition)

   WebSocketMessagingAutoConfiguration:
      Did not match:
         - @ConditionalOnClass did not find required class 'org.springframework.web.socket.config.annotation.DelegatingWebSocketMessageBrokerConfiguration' (OnClassCondition)

   WebSocketReactiveAutoConfiguration:
      Did not match:
         - @ConditionalOnWebApplication did not find reactive web application classes (OnWebApplicationCondition)

   WebSocketServletAutoConfiguration.JettyWebSocketConfiguration:
      Did not match:
         - @ConditionalOnClass did not find required class 'org.eclipse.jetty.ee10.websocket.jakarta.server.config.JakartaWebSocketServletContainerInitializer' (OnClassCondition)

   WebSocketServletAutoConfiguration.UndertowWebSocketConfiguration:
      Did not match:
         - @ConditionalOnClass did not find required class 'io.undertow.websockets.jsr.Bootstrap' (OnClassCondition)

   WritableEnvironmentEndpointAutoConfiguration:
      Did not match:
         - @ConditionalOnProperty (management.endpoint.env.post.enabled) did not find property 'management.endpoint.env.post.enabled' (OnPropertyCondition)
      Matched:
         - @ConditionalOnClass found required classes 'org.springframework.boot.actuate.env.EnvironmentEndpoint', 'org.springframework.boot.actuate.autoconfigure.env.EnvironmentEndpointProperties' (OnClassCondition)

   XADataSourceAutoConfiguration:
      Did not match:
         - @ConditionalOnClass did not find required class 'jakarta.transaction.TransactionManager' (OnClassCondition)

   ZipkinAutoConfiguration:
      Did not match:
         - @ConditionalOnClass did not find required class 'zipkin2.reporter.Encoding' (OnClassCondition)


Exclusions:
-----------

    None


Unconditional classes:
----------------------

    org.springframework.boot.autoconfigure.context.ConfigurationPropertiesAutoConfiguration

    org.springframework.cloud.client.ReactiveCommonsClientAutoConfiguration

    org.springframework.boot.actuate.autoconfigure.availability.AvailabilityHealthContributorAutoConfiguration

    org.springframework.boot.autoconfigure.ssl.SslAutoConfiguration

    org.springframework.boot.actuate.autoconfigure.info.InfoContributorAutoConfiguration

    org.springframework.cloud.client.discovery.simple.SimpleDiscoveryClientAutoConfiguration

    org.springframework.boot.autoconfigure.context.PropertyPlaceholderAutoConfiguration

    org.springframework.boot.autoconfigure.context.LifecycleAutoConfiguration

    org.springframework.cloud.client.CommonsClientAutoConfiguration

    org.springframework.boot.actuate.autoconfigure.metrics.integration.IntegrationMetricsAutoConfiguration

    org.springframework.boot.actuate.autoconfigure.endpoint.EndpointAutoConfiguration

    org.springframework.cloud.commons.config.CommonsConfigAutoConfiguration

    org.springframework.cloud.netflix.eureka.config.DiscoveryClientOptionalArgsConfiguration

    org.springframework.boot.actuate.autoconfigure.web.server.ManagementContextAutoConfiguration

    org.springframework.cloud.client.loadbalancer.LoadBalancerDefaultMappingsProviderAutoConfiguration

    org.springframework.cloud.config.client.ConfigClientAutoConfiguration

    org.springframework.cloud.client.discovery.composite.CompositeDiscoveryClientAutoConfiguration

    org.springframework.boot.actuate.autoconfigure.health.HealthContributorAutoConfiguration

    org.springframework.cloud.client.serviceregistry.ServiceRegistryAutoConfiguration

    org.springframework.cloud.autoconfigure.LifecycleMvcEndpointAutoConfiguration

    org.springdoc.core.configuration.SpringDocSpecPropertiesConfiguration

    org.springframework.boot.autoconfigure.availability.ApplicationAvailabilityAutoConfiguration

    org.springframework.boot.autoconfigure.info.ProjectInfoAutoConfiguration



2026-04-30T15:19:40.781+01:00  INFO 2932 --- [auth-service] [           main] c.m.auth_service.AuthServiceApplication  : Started AuthServiceApplication in 11.858 seconds (process running for 12.422)
2026-04-30T15:19:40.848+01:00 DEBUG 2932 --- [auth-service] [           main] o.s.b.a.ApplicationAvailabilityBean      : Application availability state LivenessState changed to CORRECT
2026-04-30T15:19:40.852+01:00 DEBUG 2932 --- [auth-service] [           main] o.s.b.a.ApplicationAvailabilityBean      : Application availability state ReadinessState changed to ACCEPTING_TRAFFIC
2026-04-30T15:20:09.737+01:00 DEBUG 2932 --- [auth-service] [reshExecutor-%d] o.s.web.client.RestTemplate              : HTTP GET http://localhost:8761/eureka/apps/delta
2026-04-30T15:20:09.738+01:00 DEBUG 2932 --- [auth-service] [beatExecutor-%d] o.s.web.client.RestTemplate              : HTTP PUT http://localhost:8761/eureka/apps/AUTH-SERVICE/localhost:auth-service:8085?status=UP&lastDirtyTimestamp=1777558779729
2026-04-30T15:20:09.739+01:00 DEBUG 2932 --- [auth-service] [reshExecutor-%d] o.s.web.client.RestTemplate              : Accept=[application/json, application/yaml, application/*+json]
2026-04-30T15:20:09.743+01:00 DEBUG 2932 --- [auth-service] [beatExecutor-%d] o.s.web.client.RestTemplate              : Accept=[application/json, application/yaml, application/*+json]
2026-04-30T15:20:09.757+01:00 DEBUG 2932 --- [auth-service] [beatExecutor-%d] o.s.web.client.RestTemplate              : Response 200 OK
2026-04-30T15:20:09.759+01:00 DEBUG 2932 --- [auth-service] [reshExecutor-%d] o.s.web.client.RestTemplate              : Response 200 OK
2026-04-30T15:20:09.760+01:00 DEBUG 2932 --- [auth-service] [reshExecutor-%d] o.s.web.client.RestTemplate              : Reading to [org.springframework.cloud.netflix.eureka.http.EurekaApplications]
2026-04-30T15:20:34.211+01:00  INFO 2932 --- [auth-service] [nio-8085-exec-2] o.a.c.c.C.[Tomcat].[localhost].[/]       : Initializing Spring DispatcherServlet 'dispatcherServlet'
2026-04-30T15:20:34.213+01:00  INFO 2932 --- [auth-service] [nio-8085-exec-2] o.s.web.servlet.DispatcherServlet        : Initializing Servlet 'dispatcherServlet'
2026-04-30T15:20:34.213+01:00 DEBUG 2932 --- [auth-service] [nio-8085-exec-2] o.s.web.servlet.DispatcherServlet        : Detected StandardServletMultipartResolver
2026-04-30T15:20:34.214+01:00 DEBUG 2932 --- [auth-service] [nio-8085-exec-2] o.s.web.servlet.DispatcherServlet        : Detected AcceptHeaderLocaleResolver
2026-04-30T15:20:34.214+01:00 DEBUG 2932 --- [auth-service] [nio-8085-exec-2] o.s.web.servlet.DispatcherServlet        : Detected FixedThemeResolver
2026-04-30T15:20:34.214+01:00 DEBUG 2932 --- [auth-service] [nio-8085-exec-2] o.s.web.servlet.DispatcherServlet        : Detected org.springframework.web.servlet.view.DefaultRequestToViewNameTranslator@7fc50a9f
2026-04-30T15:20:34.215+01:00 DEBUG 2932 --- [auth-service] [nio-8085-exec-2] o.s.web.servlet.DispatcherServlet        : Detected org.springframework.web.servlet.support.SessionFlashMapManager@317c051d
2026-04-30T15:20:34.215+01:00 DEBUG 2932 --- [auth-service] [nio-8085-exec-2] o.s.web.servlet.DispatcherServlet        : enableLoggingRequestDetails='false': request parameters and headers will be masked to prevent unsafe logging of potentially sensitive data
2026-04-30T15:20:34.215+01:00  INFO 2932 --- [auth-service] [nio-8085-exec-2] o.s.web.servlet.DispatcherServlet        : Completed initialization in 2 ms
2026-04-30T15:20:34.227+01:00 DEBUG 2932 --- [auth-service] [nio-8085-exec-2] o.s.security.web.FilterChainProxy        : Securing GET /actuator/health
2026-04-30T15:20:34.237+01:00 DEBUG 2932 --- [auth-service] [nio-8085-exec-2] o.s.s.w.a.AnonymousAuthenticationFilter  : Set SecurityContextHolder to anonymous SecurityContext
2026-04-30T15:20:34.241+01:00 DEBUG 2932 --- [auth-service] [nio-8085-exec-2] o.s.security.web.FilterChainProxy        : Secured GET /actuator/health
2026-04-30T15:20:34.243+01:00 DEBUG 2932 --- [auth-service] [nio-8085-exec-2] o.s.web.servlet.DispatcherServlet        : GET "/actuator/health", parameters={}
2026-04-30T15:20:34.245+01:00 DEBUG 2932 --- [auth-service] [nio-8085-exec-2] s.b.a.e.w.s.WebMvcEndpointHandlerMapping : Mapped to Actuator web endpoint 'health'
2026-04-30T15:20:34.254+01:00 DEBUG 2932 --- [auth-service] [nio-8085-exec-2] m.m.a.RequestResponseBodyMethodProcessor : Read "application/octet-stream" to []
2026-04-30T15:20:34.383+01:00 DEBUG 2932 --- [auth-service] [nio-8085-exec-2] o.s.w.s.m.m.a.HttpEntityMethodProcessor  : Using 'application/vnd.spring-boot.actuator.v3+json', given [*/*] and supported [application/vnd.spring-boot.actuator.v3+json, application/vnd.spring-boot.actuator.v2+json, application/json]
2026-04-30T15:20:34.392+01:00 DEBUG 2932 --- [auth-service] [nio-8085-exec-2] o.s.w.s.m.m.a.HttpEntityMethodProcessor  : Writing [org.springframework.boot.actuate.health.SystemHealth@168504f0]
2026-04-30T15:20:34.395+01:00 DEBUG 2932 --- [auth-service] [nio-8085-exec-2] o.s.web.servlet.DispatcherServlet        : Completed 200 OK
2026-04-30T15:20:39.763+01:00 DEBUG 2932 --- [auth-service] [beatExecutor-%d] o.s.web.client.RestTemplate              : HTTP PUT http://localhost:8761/eureka/apps/AUTH-SERVICE/localhost:auth-service:8085?status=UP&lastDirtyTimestamp=1777558779729
2026-04-30T15:20:39.765+01:00 DEBUG 2932 --- [auth-service] [beatExecutor-%d] o.s.web.client.RestTemplate              : Accept=[application/json, application/yaml, application/*+json]
2026-04-30T15:20:39.778+01:00 DEBUG 2932 --- [auth-service] [reshExecutor-%d] o.s.web.client.RestTemplate              : HTTP GET http://localhost:8761/eureka/apps/delta
2026-04-30T15:20:39.779+01:00 DEBUG 2932 --- [auth-service] [reshExecutor-%d] o.s.web.client.RestTemplate              : Accept=[application/json, application/yaml, application/*+json]
2026-04-30T15:20:39.781+01:00 DEBUG 2932 --- [auth-service] [beatExecutor-%d] o.s.web.client.RestTemplate              : Response 200 OK
2026-04-30T15:20:39.796+01:00 DEBUG 2932 --- [auth-service] [reshExecutor-%d] o.s.web.client.RestTemplate              : Response 200 OK
2026-04-30T15:20:39.796+01:00 DEBUG 2932 --- [auth-service] [reshExecutor-%d] o.s.web.client.RestTemplate              : Reading to [org.springframework.cloud.netflix.eureka.http.EurekaApplications]
2026-04-30T15:20:52.120+01:00 DEBUG 2932 --- [auth-service] [nio-8085-exec-3] o.s.security.web.FilterChainProxy        : Securing POST /api/auth/login
2026-04-30T15:20:52.121+01:00 DEBUG 2932 --- [auth-service] [nio-8085-exec-3] o.s.s.w.a.AnonymousAuthenticationFilter  : Set SecurityContextHolder to anonymous SecurityContext
2026-04-30T15:20:52.123+01:00 DEBUG 2932 --- [auth-service] [nio-8085-exec-3] o.s.security.web.FilterChainProxy        : Secured POST /api/auth/login
2026-04-30T15:20:52.123+01:00 DEBUG 2932 --- [auth-service] [nio-8085-exec-3] o.s.web.servlet.DispatcherServlet        : POST "/api/auth/login", parameters={}
2026-04-30T15:20:52.123+01:00 DEBUG 2932 --- [auth-service] [nio-8085-exec-3] s.w.s.m.m.a.RequestMappingHandlerMapping : Mapped to com.microservices.auth_service.controller.AuthController#login(LoginRequest)
2026-04-30T15:20:52.129+01:00 DEBUG 2932 --- [auth-service] [nio-8085-exec-3] m.m.a.RequestResponseBodyMethodProcessor : Read "application/json;charset=UTF-8" to [LoginRequest(email=admin.postman@test.tn, password=password123)]
2026-04-30T15:20:52.467+01:00 DEBUG 2932 --- [auth-service] [nio-8085-exec-3] o.s.s.a.dao.DaoAuthenticationProvider    : Authenticated user
2026-04-30T15:20:52.594+01:00 DEBUG 2932 --- [auth-service] [nio-8085-exec-3] o.s.w.s.m.m.a.HttpEntityMethodProcessor  : Using 'application/json', given [application/json] and supported [application/json, application/*+json, application/yaml]
2026-04-30T15:20:52.596+01:00 DEBUG 2932 --- [auth-service] [nio-8085-exec-3] o.s.w.s.m.m.a.HttpEntityMethodProcessor  : Writing [AuthResponse(token=eyJhbGciOiJIUzI1NiJ9.eyJyb2xlIjoiUk9MRV9BRE1JTiIsInN1YiI6ImFkbWluLnBvc3RtYW5AdGVz (truncated)...]
2026-04-30T15:20:52.597+01:00 DEBUG 2932 --- [auth-service] [nio-8085-exec-3] o.s.web.servlet.DispatcherServlet        : Completed 200 OK
2026-04-30T15:20:52.725+01:00 DEBUG 2932 --- [auth-service] [nio-8085-exec-1] o.s.security.web.FilterChainProxy        : Securing POST /api/auth/register
2026-04-30T15:20:52.726+01:00 DEBUG 2932 --- [auth-service] [nio-8085-exec-1] o.s.s.w.a.AnonymousAuthenticationFilter  : Set SecurityContextHolder to anonymous SecurityContext
2026-04-30T15:20:52.726+01:00 DEBUG 2932 --- [auth-service] [nio-8085-exec-1] o.s.security.web.FilterChainProxy        : Secured POST /api/auth/register
2026-04-30T15:20:52.726+01:00 DEBUG 2932 --- [auth-service] [nio-8085-exec-1] o.s.web.servlet.DispatcherServlet        : POST "/api/auth/register", parameters={}
2026-04-30T15:20:52.726+01:00 DEBUG 2932 --- [auth-service] [nio-8085-exec-1] s.w.s.m.m.a.RequestMappingHandlerMapping : Mapped to com.microservices.auth_service.controller.AuthController#register(RegisterRequest)
2026-04-30T15:20:52.730+01:00 DEBUG 2932 --- [auth-service] [nio-8085-exec-1] m.m.a.RequestResponseBodyMethodProcessor : Read "application/json;charset=UTF-8" to [RegisterRequest(externalId=100430152051, nom=Student, prenom=One, email=student1.0430152051@test.tn, (truncated)...]
2026-04-30T15:20:53.113+01:00 DEBUG 2932 --- [auth-service] [nio-8085-exec-1] o.s.w.s.m.m.a.HttpEntityMethodProcessor  : Using 'application/json', given [application/json] and supported [application/json, application/*+json, application/yaml]
2026-04-30T15:20:53.114+01:00 DEBUG 2932 --- [auth-service] [nio-8085-exec-1] o.s.w.s.m.m.a.HttpEntityMethodProcessor  : Writing [AuthResponse(token=eyJhbGciOiJIUzI1NiJ9.eyJyb2xlIjoiUk9MRV9FVFVESUFOVCIsInN1YiI6InN0dWRlbnQxLjA0MzAx (truncated)...]
2026-04-30T15:20:53.115+01:00 DEBUG 2932 --- [auth-service] [nio-8085-exec-1] o.s.web.servlet.DispatcherServlet        : Completed 201 CREATED
2026-04-30T15:20:53.146+01:00 DEBUG 2932 --- [auth-service] [nio-8085-exec-4] o.s.security.web.FilterChainProxy        : Securing POST /api/auth/register
2026-04-30T15:20:53.147+01:00 DEBUG 2932 --- [auth-service] [nio-8085-exec-4] o.s.s.w.a.AnonymousAuthenticationFilter  : Set SecurityContextHolder to anonymous SecurityContext
2026-04-30T15:20:53.147+01:00 DEBUG 2932 --- [auth-service] [nio-8085-exec-4] o.s.security.web.FilterChainProxy        : Secured POST /api/auth/register
2026-04-30T15:20:53.148+01:00 DEBUG 2932 --- [auth-service] [nio-8085-exec-4] o.s.web.servlet.DispatcherServlet        : POST "/api/auth/register", parameters={}
2026-04-30T15:20:53.148+01:00 DEBUG 2932 --- [auth-service] [nio-8085-exec-4] s.w.s.m.m.a.RequestMappingHandlerMapping : Mapped to com.microservices.auth_service.controller.AuthController#register(RegisterRequest)
2026-04-30T15:20:53.149+01:00 DEBUG 2932 --- [auth-service] [nio-8085-exec-4] m.m.a.RequestResponseBodyMethodProcessor : Read "application/json;charset=UTF-8" to [RegisterRequest(externalId=110430152051, nom=Student, prenom=Two, email=student2.0430152051@test.tn, (truncated)...]
2026-04-30T15:20:53.468+01:00 DEBUG 2932 --- [auth-service] [nio-8085-exec-4] o.s.w.s.m.m.a.HttpEntityMethodProcessor  : Using 'application/json', given [application/json] and supported [application/json, application/*+json, application/yaml]
2026-04-30T15:20:53.469+01:00 DEBUG 2932 --- [auth-service] [nio-8085-exec-4] o.s.w.s.m.m.a.HttpEntityMethodProcessor  : Writing [AuthResponse(token=eyJhbGciOiJIUzI1NiJ9.eyJyb2xlIjoiUk9MRV9FVFVESUFOVCIsInN1YiI6InN0dWRlbnQyLjA0MzAx (truncated)...]
2026-04-30T15:20:53.470+01:00 DEBUG 2932 --- [auth-service] [nio-8085-exec-4] o.s.web.servlet.DispatcherServlet        : Completed 201 CREATED
2026-04-30T15:20:53.508+01:00 DEBUG 2932 --- [auth-service] [nio-8085-exec-7] o.s.security.web.FilterChainProxy        : Securing POST /api/auth/admin/create-user
2026-04-30T15:20:53.628+01:00 DEBUG 2932 --- [auth-service] [nio-8085-exec-7] o.s.security.web.FilterChainProxy        : Secured POST /api/auth/admin/create-user
2026-04-30T15:20:53.632+01:00 DEBUG 2932 --- [auth-service] [nio-8085-exec-7] o.s.web.servlet.DispatcherServlet        : POST "/api/auth/admin/create-user", parameters={}
2026-04-30T15:20:53.633+01:00 DEBUG 2932 --- [auth-service] [nio-8085-exec-7] s.w.s.m.m.a.RequestMappingHandlerMapping : Mapped to com.microservices.auth_service.controller.AuthController#createUser(RegisterRequest)
2026-04-30T15:20:53.634+01:00 DEBUG 2932 --- [auth-service] [nio-8085-exec-7] m.m.a.RequestResponseBodyMethodProcessor : Read "application/json;charset=UTF-8" to [RegisterRequest(externalId=200430152051, nom=Teacher, prenom=Encadrant, email=encadrant.0430152051@t (truncated)...]
2026-04-30T15:20:53.635+01:00 DEBUG 2932 --- [auth-service] [nio-8085-exec-7] horizationManagerBeforeMethodInterceptor : Authorizing method invocation ReflectiveMethodInvocation: public org.springframework.http.ResponseEntity com.microservices.auth_service.controller.AuthController.createUser(com.microservices.auth_service.dto.RegisterRequest); target is of class [com.microservices.auth_service.controller.AuthController]
2026-04-30T15:20:53.647+01:00 DEBUG 2932 --- [auth-service] [nio-8085-exec-7] horizationManagerBeforeMethodInterceptor : Authorized method invocation ReflectiveMethodInvocation: public org.springframework.http.ResponseEntity com.microservices.auth_service.controller.AuthController.createUser(com.microservices.auth_service.dto.RegisterRequest); target is of class [com.microservices.auth_service.controller.AuthController]
2026-04-30T15:20:53.994+01:00 DEBUG 2932 --- [auth-service] [nio-8085-exec-7] o.s.w.s.m.m.a.HttpEntityMethodProcessor  : Using 'application/json', given [application/json] and supported [application/json, application/*+json, application/yaml]
2026-04-30T15:20:53.997+01:00 DEBUG 2932 --- [auth-service] [nio-8085-exec-7] o.s.w.s.m.m.a.HttpEntityMethodProcessor  : Writing [AuthResponse(token=eyJhbGciOiJIUzI1NiJ9.eyJyb2xlIjoiUk9MRV9FTlNFSUdOQU5UIiwic3ViIjoiZW5jYWRyYW50LjA0 (truncated)...]
2026-04-30T15:20:53.999+01:00 DEBUG 2932 --- [auth-service] [nio-8085-exec-7] o.s.web.servlet.DispatcherServlet        : Completed 201 CREATED
2026-04-30T15:20:54.036+01:00 DEBUG 2932 --- [auth-service] [nio-8085-exec-6] o.s.security.web.FilterChainProxy        : Securing POST /api/auth/admin/create-user
2026-04-30T15:20:54.126+01:00 DEBUG 2932 --- [auth-service] [nio-8085-exec-6] o.s.security.web.FilterChainProxy        : Secured POST /api/auth/admin/create-user
2026-04-30T15:20:54.130+01:00 DEBUG 2932 --- [auth-service] [nio-8085-exec-6] o.s.web.servlet.DispatcherServlet        : POST "/api/auth/admin/create-user", parameters={}
2026-04-30T15:20:54.131+01:00 DEBUG 2932 --- [auth-service] [nio-8085-exec-6] s.w.s.m.m.a.RequestMappingHandlerMapping : Mapped to com.microservices.auth_service.controller.AuthController#createUser(RegisterRequest)
2026-04-30T15:20:54.132+01:00 DEBUG 2932 --- [auth-service] [nio-8085-exec-6] m.m.a.RequestResponseBodyMethodProcessor : Read "application/json;charset=UTF-8" to [RegisterRequest(externalId=300430152051, nom=Teacher, prenom=President, email=president.0430152051@t (truncated)...]
2026-04-30T15:20:54.133+01:00 DEBUG 2932 --- [auth-service] [nio-8085-exec-6] horizationManagerBeforeMethodInterceptor : Authorizing method invocation ReflectiveMethodInvocation: public org.springframework.http.ResponseEntity com.microservices.auth_service.controller.AuthController.createUser(com.microservices.auth_service.dto.RegisterRequest); target is of class [com.microservices.auth_service.controller.AuthController]
2026-04-30T15:20:54.134+01:00 DEBUG 2932 --- [auth-service] [nio-8085-exec-6] horizationManagerBeforeMethodInterceptor : Authorized method invocation ReflectiveMethodInvocation: public org.springframework.http.ResponseEntity com.microservices.auth_service.controller.AuthController.createUser(com.microservices.auth_service.dto.RegisterRequest); target is of class [com.microservices.auth_service.controller.AuthController]
2026-04-30T15:20:54.441+01:00 DEBUG 2932 --- [auth-service] [nio-8085-exec-6] o.s.w.s.m.m.a.HttpEntityMethodProcessor  : Using 'application/json', given [application/json] and supported [application/json, application/*+json, application/yaml]
2026-04-30T15:20:54.443+01:00 DEBUG 2932 --- [auth-service] [nio-8085-exec-6] o.s.w.s.m.m.a.HttpEntityMethodProcessor  : Writing [AuthResponse(token=eyJhbGciOiJIUzI1NiJ9.eyJyb2xlIjoiUk9MRV9FTlNFSUdOQU5UIiwic3ViIjoicHJlc2lkZW50LjA0 (truncated)...]
2026-04-30T15:20:54.444+01:00 DEBUG 2932 --- [auth-service] [nio-8085-exec-6] o.s.web.servlet.DispatcherServlet        : Completed 201 CREATED
2026-04-30T15:20:54.475+01:00 DEBUG 2932 --- [auth-service] [nio-8085-exec-9] o.s.security.web.FilterChainProxy        : Securing POST /api/auth/admin/create-user
2026-04-30T15:20:54.585+01:00 DEBUG 2932 --- [auth-service] [nio-8085-exec-9] o.s.security.web.FilterChainProxy        : Secured POST /api/auth/admin/create-user
2026-04-30T15:20:54.586+01:00 DEBUG 2932 --- [auth-service] [nio-8085-exec-9] o.s.web.servlet.DispatcherServlet        : POST "/api/auth/admin/create-user", parameters={}
2026-04-30T15:20:54.586+01:00 DEBUG 2932 --- [auth-service] [nio-8085-exec-9] s.w.s.m.m.a.RequestMappingHandlerMapping : Mapped to com.microservices.auth_service.controller.AuthController#createUser(RegisterRequest)
2026-04-30T15:20:54.587+01:00 DEBUG 2932 --- [auth-service] [nio-8085-exec-9] m.m.a.RequestResponseBodyMethodProcessor : Read "application/json;charset=UTF-8" to [RegisterRequest(externalId=310430152051, nom=Teacher, prenom=Rapporteur, email=rapporteur.0430152051 (truncated)...]
2026-04-30T15:20:54.587+01:00 DEBUG 2932 --- [auth-service] [nio-8085-exec-9] horizationManagerBeforeMethodInterceptor : Authorizing method invocation ReflectiveMethodInvocation: public org.springframework.http.ResponseEntity com.microservices.auth_service.controller.AuthController.createUser(com.microservices.auth_service.dto.RegisterRequest); target is of class [com.microservices.auth_service.controller.AuthController]
2026-04-30T15:20:54.588+01:00 DEBUG 2932 --- [auth-service] [nio-8085-exec-9] horizationManagerBeforeMethodInterceptor : Authorized method invocation ReflectiveMethodInvocation: public org.springframework.http.ResponseEntity com.microservices.auth_service.controller.AuthController.createUser(com.microservices.auth_service.dto.RegisterRequest); target is of class [com.microservices.auth_service.controller.AuthController]
2026-04-30T15:20:54.902+01:00 DEBUG 2932 --- [auth-service] [nio-8085-exec-9] o.s.w.s.m.m.a.HttpEntityMethodProcessor  : Using 'application/json', given [application/json] and supported [application/json, application/*+json, application/yaml]
2026-04-30T15:20:54.906+01:00 DEBUG 2932 --- [auth-service] [nio-8085-exec-9] o.s.w.s.m.m.a.HttpEntityMethodProcessor  : Writing [AuthResponse(token=eyJhbGciOiJIUzI1NiJ9.eyJyb2xlIjoiUk9MRV9FTlNFSUdOQU5UIiwic3ViIjoicmFwcG9ydGV1ci4w (truncated)...]
2026-04-30T15:20:54.908+01:00 DEBUG 2932 --- [auth-service] [nio-8085-exec-9] o.s.web.servlet.DispatcherServlet        : Completed 201 CREATED
2026-04-30T15:20:54.940+01:00 DEBUG 2932 --- [auth-service] [nio-8085-exec-8] o.s.security.web.FilterChainProxy        : Securing POST /api/auth/admin/create-user
2026-04-30T15:20:55.100+01:00 DEBUG 2932 --- [auth-service] [nio-8085-exec-8] o.s.security.web.FilterChainProxy        : Secured POST /api/auth/admin/create-user
2026-04-30T15:20:55.105+01:00 DEBUG 2932 --- [auth-service] [nio-8085-exec-8] o.s.web.servlet.DispatcherServlet        : POST "/api/auth/admin/create-user", parameters={}
2026-04-30T15:20:55.106+01:00 DEBUG 2932 --- [auth-service] [nio-8085-exec-8] s.w.s.m.m.a.RequestMappingHandlerMapping : Mapped to com.microservices.auth_service.controller.AuthController#createUser(RegisterRequest)
2026-04-30T15:20:55.107+01:00 DEBUG 2932 --- [auth-service] [nio-8085-exec-8] m.m.a.RequestResponseBodyMethodProcessor : Read "application/json;charset=UTF-8" to [RegisterRequest(externalId=320430152051, nom=Teacher, prenom=Examinateur, email=examinateur.04301520 (truncated)...]
2026-04-30T15:20:55.109+01:00 DEBUG 2932 --- [auth-service] [nio-8085-exec-8] horizationManagerBeforeMethodInterceptor : Authorizing method invocation ReflectiveMethodInvocation: public org.springframework.http.ResponseEntity com.microservices.auth_service.controller.AuthController.createUser(com.microservices.auth_service.dto.RegisterRequest); target is of class [com.microservices.auth_service.controller.AuthController]
2026-04-30T15:20:55.109+01:00 DEBUG 2932 --- [auth-service] [nio-8085-exec-8] horizationManagerBeforeMethodInterceptor : Authorized method invocation ReflectiveMethodInvocation: public org.springframework.http.ResponseEntity com.microservices.auth_service.controller.AuthController.createUser(com.microservices.auth_service.dto.RegisterRequest); target is of class [com.microservices.auth_service.controller.AuthController]
2026-04-30T15:20:55.467+01:00 DEBUG 2932 --- [auth-service] [nio-8085-exec-8] o.s.w.s.m.m.a.HttpEntityMethodProcessor  : Using 'application/json', given [application/json] and supported [application/json, application/*+json, application/yaml]
2026-04-30T15:20:55.471+01:00 DEBUG 2932 --- [auth-service] [nio-8085-exec-8] o.s.w.s.m.m.a.HttpEntityMethodProcessor  : Writing [AuthResponse(token=eyJhbGciOiJIUzI1NiJ9.eyJyb2xlIjoiUk9MRV9FTlNFSUdOQU5UIiwic3ViIjoiZXhhbWluYXRldXIu (truncated)...]
2026-04-30T15:20:55.473+01:00 DEBUG 2932 --- [auth-service] [nio-8085-exec-8] o.s.web.servlet.DispatcherServlet        : Completed 201 CREATED
2026-04-30T15:20:55.506+01:00 DEBUG 2932 --- [auth-service] [nio-8085-exec-5] o.s.security.web.FilterChainProxy        : Securing POST /api/auth/admin/create-user
2026-04-30T15:20:55.625+01:00 DEBUG 2932 --- [auth-service] [nio-8085-exec-5] o.s.security.web.FilterChainProxy        : Secured POST /api/auth/admin/create-user
2026-04-30T15:20:55.629+01:00 DEBUG 2932 --- [auth-service] [nio-8085-exec-5] o.s.web.servlet.DispatcherServlet        : POST "/api/auth/admin/create-user", parameters={}
2026-04-30T15:20:55.629+01:00 DEBUG 2932 --- [auth-service] [nio-8085-exec-5] s.w.s.m.m.a.RequestMappingHandlerMapping : Mapped to com.microservices.auth_service.controller.AuthController#createUser(RegisterRequest)
2026-04-30T15:20:55.630+01:00 DEBUG 2932 --- [auth-service] [nio-8085-exec-5] m.m.a.RequestResponseBodyMethodProcessor : Read "application/json;charset=UTF-8" to [RegisterRequest(externalId=390430152051, nom=Teacher, prenom=Intrus, email=intrus.0430152051@test.tn (truncated)...]
2026-04-30T15:20:55.631+01:00 DEBUG 2932 --- [auth-service] [nio-8085-exec-5] horizationManagerBeforeMethodInterceptor : Authorizing method invocation ReflectiveMethodInvocation: public org.springframework.http.ResponseEntity com.microservices.auth_service.controller.AuthController.createUser(com.microservices.auth_service.dto.RegisterRequest); target is of class [com.microservices.auth_service.controller.AuthController]
2026-04-30T15:20:55.631+01:00 DEBUG 2932 --- [auth-service] [nio-8085-exec-5] horizationManagerBeforeMethodInterceptor : Authorized method invocation ReflectiveMethodInvocation: public org.springframework.http.ResponseEntity com.microservices.auth_service.controller.AuthController.createUser(com.microservices.auth_service.dto.RegisterRequest); target is of class [com.microservices.auth_service.controller.AuthController]
2026-04-30T15:20:55.950+01:00 DEBUG 2932 --- [auth-service] [nio-8085-exec-5] o.s.w.s.m.m.a.HttpEntityMethodProcessor  : Using 'application/json', given [application/json] and supported [application/json, application/*+json, application/yaml]
2026-04-30T15:20:55.954+01:00 DEBUG 2932 --- [auth-service] [nio-8085-exec-5] o.s.w.s.m.m.a.HttpEntityMethodProcessor  : Writing [AuthResponse(token=eyJhbGciOiJIUzI1NiJ9.eyJyb2xlIjoiUk9MRV9FTlNFSUdOQU5UIiwic3ViIjoiaW50cnVzLjA0MzAx (truncated)...]
2026-04-30T15:20:55.955+01:00 DEBUG 2932 --- [auth-service] [nio-8085-exec-5] o.s.web.servlet.DispatcherServlet        : Completed 201 CREATED
2026-04-30T15:20:57.060+01:00 DEBUG 2932 --- [auth-service] [io-8085-exec-10] o.s.security.web.FilterChainProxy        : Securing GET /api/users/internal/100430152051/exists?role=ROLE_ETUDIANT
2026-04-30T15:20:57.066+01:00 DEBUG 2932 --- [auth-service] [io-8085-exec-10] o.s.s.w.a.AnonymousAuthenticationFilter  : Set SecurityContextHolder to anonymous SecurityContext
2026-04-30T15:20:57.067+01:00 DEBUG 2932 --- [auth-service] [io-8085-exec-10] o.s.security.web.FilterChainProxy        : Secured GET /api/users/internal/100430152051/exists?role=ROLE_ETUDIANT
2026-04-30T15:20:57.068+01:00 DEBUG 2932 --- [auth-service] [io-8085-exec-10] o.s.web.servlet.DispatcherServlet        : GET "/api/users/internal/100430152051/exists?role=ROLE_ETUDIANT", parameters={masked}
2026-04-30T15:20:57.069+01:00 DEBUG 2932 --- [auth-service] [io-8085-exec-10] s.w.s.m.m.a.RequestMappingHandlerMapping : Mapped to com.microservices.auth_service.controller.UserInternalController#existsByExternalIdAndRole(Long, Role)
2026-04-30T15:20:57.185+01:00 DEBUG 2932 --- [auth-service] [io-8085-exec-10] o.s.w.s.m.m.a.HttpEntityMethodProcessor  : Using 'application/json', given [*/*] and supported [application/json, application/*+json, application/yaml]
2026-04-30T15:20:57.186+01:00 DEBUG 2932 --- [auth-service] [io-8085-exec-10] o.s.w.s.m.m.a.HttpEntityMethodProcessor  : Writing [true]
2026-04-30T15:20:57.187+01:00 DEBUG 2932 --- [auth-service] [io-8085-exec-10] o.s.web.servlet.DispatcherServlet        : Completed 200 OK
2026-04-30T15:20:57.198+01:00 DEBUG 2932 --- [auth-service] [nio-8085-exec-2] o.s.security.web.FilterChainProxy        : Securing GET /api/users/internal/200430152051/exists?role=ROLE_ENSEIGNANT
2026-04-30T15:20:57.199+01:00 DEBUG 2932 --- [auth-service] [nio-8085-exec-2] o.s.s.w.a.AnonymousAuthenticationFilter  : Set SecurityContextHolder to anonymous SecurityContext
2026-04-30T15:20:57.200+01:00 DEBUG 2932 --- [auth-service] [nio-8085-exec-2] o.s.security.web.FilterChainProxy        : Secured GET /api/users/internal/200430152051/exists?role=ROLE_ENSEIGNANT
2026-04-30T15:20:57.200+01:00 DEBUG 2932 --- [auth-service] [nio-8085-exec-2] o.s.web.servlet.DispatcherServlet        : GET "/api/users/internal/200430152051/exists?role=ROLE_ENSEIGNANT", parameters={masked}
2026-04-30T15:20:57.201+01:00 DEBUG 2932 --- [auth-service] [nio-8085-exec-2] s.w.s.m.m.a.RequestMappingHandlerMapping : Mapped to com.microservices.auth_service.controller.UserInternalController#existsByExternalIdAndRole(Long, Role)
2026-04-30T15:20:57.274+01:00 DEBUG 2932 --- [auth-service] [nio-8085-exec-2] o.s.w.s.m.m.a.HttpEntityMethodProcessor  : Using 'application/json', given [*/*] and supported [application/json, application/*+json, application/yaml]
2026-04-30T15:20:57.274+01:00 DEBUG 2932 --- [auth-service] [nio-8085-exec-2] o.s.w.s.m.m.a.HttpEntityMethodProcessor  : Writing [true]
2026-04-30T15:20:57.275+01:00 DEBUG 2932 --- [auth-service] [nio-8085-exec-2] o.s.web.servlet.DispatcherServlet        : Completed 200 OK
2026-04-30T15:20:57.864+01:00 DEBUG 2932 --- [auth-service] [nio-8085-exec-3] o.s.security.web.FilterChainProxy        : Securing GET /api/users/internal/110430152051/exists?role=ROLE_ETUDIANT
2026-04-30T15:20:57.865+01:00 DEBUG 2932 --- [auth-service] [nio-8085-exec-3] o.s.s.w.a.AnonymousAuthenticationFilter  : Set SecurityContextHolder to anonymous SecurityContext
2026-04-30T15:20:57.866+01:00 DEBUG 2932 --- [auth-service] [nio-8085-exec-3] o.s.security.web.FilterChainProxy        : Secured GET /api/users/internal/110430152051/exists?role=ROLE_ETUDIANT
2026-04-30T15:20:57.866+01:00 DEBUG 2932 --- [auth-service] [nio-8085-exec-3] o.s.web.servlet.DispatcherServlet        : GET "/api/users/internal/110430152051/exists?role=ROLE_ETUDIANT", parameters={masked}
2026-04-30T15:20:57.866+01:00 DEBUG 2932 --- [auth-service] [nio-8085-exec-3] s.w.s.m.m.a.RequestMappingHandlerMapping : Mapped to com.microservices.auth_service.controller.UserInternalController#existsByExternalIdAndRole(Long, Role)
2026-04-30T15:20:57.953+01:00 DEBUG 2932 --- [auth-service] [nio-8085-exec-3] o.s.w.s.m.m.a.HttpEntityMethodProcessor  : Using 'application/json', given [*/*] and supported [application/json, application/*+json, application/yaml]
2026-04-30T15:20:57.954+01:00 DEBUG 2932 --- [auth-service] [nio-8085-exec-3] o.s.w.s.m.m.a.HttpEntityMethodProcessor  : Writing [true]
2026-04-30T15:20:57.955+01:00 DEBUG 2932 --- [auth-service] [nio-8085-exec-3] o.s.web.servlet.DispatcherServlet        : Completed 200 OK
2026-04-30T15:20:57.959+01:00 DEBUG 2932 --- [auth-service] [nio-8085-exec-1] o.s.security.web.FilterChainProxy        : Securing GET /api/users/internal/200430152051/exists?role=ROLE_ENSEIGNANT
2026-04-30T15:20:57.959+01:00 DEBUG 2932 --- [auth-service] [nio-8085-exec-1] o.s.s.w.a.AnonymousAuthenticationFilter  : Set SecurityContextHolder to anonymous SecurityContext
2026-04-30T15:20:57.960+01:00 DEBUG 2932 --- [auth-service] [nio-8085-exec-1] o.s.security.web.FilterChainProxy        : Secured GET /api/users/internal/200430152051/exists?role=ROLE_ENSEIGNANT
2026-04-30T15:20:57.960+01:00 DEBUG 2932 --- [auth-service] [nio-8085-exec-1] o.s.web.servlet.DispatcherServlet        : GET "/api/users/internal/200430152051/exists?role=ROLE_ENSEIGNANT", parameters={masked}
2026-04-30T15:20:57.961+01:00 DEBUG 2932 --- [auth-service] [nio-8085-exec-1] s.w.s.m.m.a.RequestMappingHandlerMapping : Mapped to com.microservices.auth_service.controller.UserInternalController#existsByExternalIdAndRole(Long, Role)
2026-04-30T15:20:58.039+01:00 DEBUG 2932 --- [auth-service] [nio-8085-exec-1] o.s.w.s.m.m.a.HttpEntityMethodProcessor  : Using 'application/json', given [*/*] and supported [application/json, application/*+json, application/yaml]
2026-04-30T15:20:58.040+01:00 DEBUG 2932 --- [auth-service] [nio-8085-exec-1] o.s.w.s.m.m.a.HttpEntityMethodProcessor  : Writing [true]
2026-04-30T15:20:58.041+01:00 DEBUG 2932 --- [auth-service] [nio-8085-exec-1] o.s.web.servlet.DispatcherServlet        : Completed 200 OK
2026-04-30T15:21:09.797+01:00 DEBUG 2932 --- [auth-service] [beatExecutor-%d] o.s.web.client.RestTemplate              : HTTP PUT http://localhost:8761/eureka/apps/AUTH-SERVICE/localhost:auth-service:8085?status=UP&lastDirtyTimestamp=1777558779729
2026-04-30T15:21:09.799+01:00 DEBUG 2932 --- [auth-service] [beatExecutor-%d] o.s.web.client.RestTemplate              : Accept=[application/json, application/yaml, application/*+json]
2026-04-30T15:21:09.812+01:00 DEBUG 2932 --- [auth-service] [reshExecutor-%d] o.s.web.client.RestTemplate              : HTTP GET http://localhost:8761/eureka/apps/delta
2026-04-30T15:21:09.813+01:00 DEBUG 2932 --- [auth-service] [reshExecutor-%d] o.s.web.client.RestTemplate              : Accept=[application/json, application/yaml, application/*+json]
2026-04-30T15:21:09.815+01:00 DEBUG 2932 --- [auth-service] [beatExecutor-%d] o.s.web.client.RestTemplate              : Response 200 OK
2026-04-30T15:21:09.833+01:00 DEBUG 2932 --- [auth-service] [reshExecutor-%d] o.s.web.client.RestTemplate              : Response 200 OK
2026-04-30T15:21:09.834+01:00 DEBUG 2932 --- [auth-service] [reshExecutor-%d] o.s.web.client.RestTemplate              : Reading to [org.springframework.cloud.netflix.eureka.http.EurekaApplications]
2026-04-30T15:21:29.674+01:00 DEBUG 2932 --- [auth-service] [nio-8085-exec-7] o.s.security.web.FilterChainProxy        : Securing GET /actuator/health
2026-04-30T15:21:29.676+01:00 DEBUG 2932 --- [auth-service] [nio-8085-exec-7] o.s.s.w.a.AnonymousAuthenticationFilter  : Set SecurityContextHolder to anonymous SecurityContext
2026-04-30T15:21:29.676+01:00 DEBUG 2932 --- [auth-service] [nio-8085-exec-7] o.s.security.web.FilterChainProxy        : Secured GET /actuator/health
2026-04-30T15:21:29.676+01:00 DEBUG 2932 --- [auth-service] [nio-8085-exec-7] o.s.web.servlet.DispatcherServlet        : GET "/actuator/health", parameters={}
2026-04-30T15:21:29.676+01:00 DEBUG 2932 --- [auth-service] [nio-8085-exec-7] s.b.a.e.w.s.WebMvcEndpointHandlerMapping : Mapped to Actuator web endpoint 'health'
2026-04-30T15:21:29.676+01:00 DEBUG 2932 --- [auth-service] [nio-8085-exec-7] m.m.a.RequestResponseBodyMethodProcessor : Read "application/octet-stream" to []
2026-04-30T15:21:29.781+01:00 DEBUG 2932 --- [auth-service] [nio-8085-exec-7] o.s.w.s.m.m.a.HttpEntityMethodProcessor  : Using 'application/vnd.spring-boot.actuator.v3+json', given [*/*] and supported [application/vnd.spring-boot.actuator.v3+json, application/vnd.spring-boot.actuator.v2+json, application/json]
2026-04-30T15:21:29.785+01:00 DEBUG 2932 --- [auth-service] [nio-8085-exec-7] o.s.w.s.m.m.a.HttpEntityMethodProcessor  : Writing [org.springframework.boot.actuate.health.SystemHealth@1a8a765f]
2026-04-30T15:21:29.786+01:00 DEBUG 2932 --- [auth-service] [nio-8085-exec-7] o.s.web.servlet.DispatcherServlet        : Completed 200 OK
2026-04-30T15:21:39.830+01:00 DEBUG 2932 --- [auth-service] [beatExecutor-%d] o.s.web.client.RestTemplate              : HTTP PUT http://localhost:8761/eureka/apps/AUTH-SERVICE/localhost:auth-service:8085?status=UP&lastDirtyTimestamp=1777558779729
2026-04-30T15:21:39.835+01:00 DEBUG 2932 --- [auth-service] [beatExecutor-%d] o.s.web.client.RestTemplate              : Accept=[application/json, application/yaml, application/*+json]
2026-04-30T15:21:39.846+01:00 DEBUG 2932 --- [auth-service] [reshExecutor-%d] o.s.web.client.RestTemplate              : HTTP GET http://localhost:8761/eureka/apps/delta
2026-04-30T15:21:39.846+01:00 DEBUG 2932 --- [auth-service] [reshExecutor-%d] o.s.web.client.RestTemplate              : Accept=[application/json, application/yaml, application/*+json]
2026-04-30T15:21:39.856+01:00 DEBUG 2932 --- [auth-service] [beatExecutor-%d] o.s.web.client.RestTemplate              : Response 200 OK
2026-04-30T15:21:39.866+01:00 DEBUG 2932 --- [auth-service] [reshExecutor-%d] o.s.web.client.RestTemplate              : Response 200 OK
2026-04-30T15:21:39.866+01:00 DEBUG 2932 --- [auth-service] [reshExecutor-%d] o.s.web.client.RestTemplate              : Reading to [org.springframework.cloud.netflix.eureka.http.EurekaApplications]
2026-04-30T15:22:09.860+01:00 DEBUG 2932 --- [auth-service] [beatExecutor-%d] o.s.web.client.RestTemplate              : HTTP PUT http://localhost:8761/eureka/apps/AUTH-SERVICE/localhost:auth-service:8085?status=UP&lastDirtyTimestamp=1777558779729
2026-04-30T15:22:09.864+01:00 DEBUG 2932 --- [auth-service] [beatExecutor-%d] o.s.web.client.RestTemplate              : Accept=[application/json, application/yaml, application/*+json]
2026-04-30T15:22:09.875+01:00 DEBUG 2932 --- [auth-service] [reshExecutor-%d] o.s.web.client.RestTemplate              : HTTP GET http://localhost:8761/eureka/apps/delta
2026-04-30T15:22:09.876+01:00 DEBUG 2932 --- [auth-service] [reshExecutor-%d] o.s.web.client.RestTemplate              : Accept=[application/json, application/yaml, application/*+json]
2026-04-30T15:22:09.877+01:00 DEBUG 2932 --- [auth-service] [beatExecutor-%d] o.s.web.client.RestTemplate              : Response 200 OK
2026-04-30T15:22:09.893+01:00 DEBUG 2932 --- [auth-service] [reshExecutor-%d] o.s.web.client.RestTemplate              : Response 200 OK
2026-04-30T15:22:09.894+01:00 DEBUG 2932 --- [auth-service] [reshExecutor-%d] o.s.web.client.RestTemplate              : Reading to [org.springframework.cloud.netflix.eureka.http.EurekaApplications]
2026-04-30T15:22:30.311+01:00 DEBUG 2932 --- [auth-service] [nio-8085-exec-5] o.s.security.web.FilterChainProxy        : Securing POST /api/auth/login
2026-04-30T15:22:30.313+01:00 DEBUG 2932 --- [auth-service] [nio-8085-exec-5] o.s.s.w.a.AnonymousAuthenticationFilter  : Set SecurityContextHolder to anonymous SecurityContext
2026-04-30T15:22:30.314+01:00 DEBUG 2932 --- [auth-service] [nio-8085-exec-5] o.s.security.web.FilterChainProxy        : Secured POST /api/auth/login
2026-04-30T15:22:30.314+01:00 DEBUG 2932 --- [auth-service] [nio-8085-exec-5] o.s.web.servlet.DispatcherServlet        : POST "/api/auth/login", parameters={}
2026-04-30T15:22:30.314+01:00 DEBUG 2932 --- [auth-service] [nio-8085-exec-5] s.w.s.m.m.a.RequestMappingHandlerMapping : Mapped to com.microservices.auth_service.controller.AuthController#login(LoginRequest)
2026-04-30T15:22:30.315+01:00 DEBUG 2932 --- [auth-service] [nio-8085-exec-5] m.m.a.RequestResponseBodyMethodProcessor : Read "application/json;charset=UTF-8" to [LoginRequest(email=admin.postman@test.tn, password=password123)]
2026-04-30T15:22:30.488+01:00 DEBUG 2932 --- [auth-service] [nio-8085-exec-5] o.s.s.a.dao.DaoAuthenticationProvider    : Authenticated user
2026-04-30T15:22:30.603+01:00 DEBUG 2932 --- [auth-service] [nio-8085-exec-5] o.s.w.s.m.m.a.HttpEntityMethodProcessor  : Using 'application/json', given [application/json] and supported [application/json, application/*+json, application/yaml]
2026-04-30T15:22:30.606+01:00 DEBUG 2932 --- [auth-service] [nio-8085-exec-5] o.s.w.s.m.m.a.HttpEntityMethodProcessor  : Writing [AuthResponse(token=eyJhbGciOiJIUzI1NiJ9.eyJyb2xlIjoiUk9MRV9BRE1JTiIsInN1YiI6ImFkbWluLnBvc3RtYW5AdGVz (truncated)...]
2026-04-30T15:22:30.607+01:00 DEBUG 2932 --- [auth-service] [nio-8085-exec-5] o.s.web.servlet.DispatcherServlet        : Completed 200 OK
2026-04-30T15:22:30.678+01:00 DEBUG 2932 --- [auth-service] [io-8085-exec-10] o.s.security.web.FilterChainProxy        : Securing POST /api/auth/register
2026-04-30T15:22:30.678+01:00 DEBUG 2932 --- [auth-service] [io-8085-exec-10] o.s.s.w.a.AnonymousAuthenticationFilter  : Set SecurityContextHolder to anonymous SecurityContext
2026-04-30T15:22:30.679+01:00 DEBUG 2932 --- [auth-service] [io-8085-exec-10] o.s.security.web.FilterChainProxy        : Secured POST /api/auth/register
2026-04-30T15:22:30.679+01:00 DEBUG 2932 --- [auth-service] [io-8085-exec-10] o.s.web.servlet.DispatcherServlet        : POST "/api/auth/register", parameters={}
2026-04-30T15:22:30.679+01:00 DEBUG 2932 --- [auth-service] [io-8085-exec-10] s.w.s.m.m.a.RequestMappingHandlerMapping : Mapped to com.microservices.auth_service.controller.AuthController#register(RegisterRequest)
2026-04-30T15:22:30.680+01:00 DEBUG 2932 --- [auth-service] [io-8085-exec-10] m.m.a.RequestResponseBodyMethodProcessor : Read "application/json;charset=UTF-8" to [RegisterRequest(externalId=100430152230, nom=Ben Ali, prenom=Ahmed, email=student1.0430152230@test.t (truncated)...]
2026-04-30T15:22:31.030+01:00 DEBUG 2932 --- [auth-service] [io-8085-exec-10] o.s.w.s.m.m.a.HttpEntityMethodProcessor  : Using 'application/json', given [application/json] and supported [application/json, application/*+json, application/yaml]
2026-04-30T15:22:31.034+01:00 DEBUG 2932 --- [auth-service] [io-8085-exec-10] o.s.w.s.m.m.a.HttpEntityMethodProcessor  : Writing [AuthResponse(token=eyJhbGciOiJIUzI1NiJ9.eyJyb2xlIjoiUk9MRV9FVFVESUFOVCIsInN1YiI6InN0dWRlbnQxLjA0MzAx (truncated)...]
2026-04-30T15:22:31.035+01:00 DEBUG 2932 --- [auth-service] [io-8085-exec-10] o.s.web.servlet.DispatcherServlet        : Completed 201 CREATED
2026-04-30T15:22:31.074+01:00 DEBUG 2932 --- [auth-service] [nio-8085-exec-2] o.s.security.web.FilterChainProxy        : Securing POST /api/auth/register
2026-04-30T15:22:31.074+01:00 DEBUG 2932 --- [auth-service] [nio-8085-exec-2] o.s.s.w.a.AnonymousAuthenticationFilter  : Set SecurityContextHolder to anonymous SecurityContext
2026-04-30T15:22:31.075+01:00 DEBUG 2932 --- [auth-service] [nio-8085-exec-2] o.s.security.web.FilterChainProxy        : Secured POST /api/auth/register
2026-04-30T15:22:31.075+01:00 DEBUG 2932 --- [auth-service] [nio-8085-exec-2] o.s.web.servlet.DispatcherServlet        : POST "/api/auth/register", parameters={}
2026-04-30T15:22:31.075+01:00 DEBUG 2932 --- [auth-service] [nio-8085-exec-2] s.w.s.m.m.a.RequestMappingHandlerMapping : Mapped to com.microservices.auth_service.controller.AuthController#register(RegisterRequest)
2026-04-30T15:22:31.075+01:00 DEBUG 2932 --- [auth-service] [nio-8085-exec-2] m.m.a.RequestResponseBodyMethodProcessor : Read "application/json;charset=UTF-8" to [RegisterRequest(externalId=110430152230, nom=Trabelsi, prenom=Mouna, email=student2.0430152230@test. (truncated)...]
2026-04-30T15:22:31.404+01:00 DEBUG 2932 --- [auth-service] [nio-8085-exec-2] o.s.w.s.m.m.a.HttpEntityMethodProcessor  : Using 'application/json', given [application/json] and supported [application/json, application/*+json, application/yaml]
2026-04-30T15:22:31.408+01:00 DEBUG 2932 --- [auth-service] [nio-8085-exec-2] o.s.w.s.m.m.a.HttpEntityMethodProcessor  : Writing [AuthResponse(token=eyJhbGciOiJIUzI1NiJ9.eyJyb2xlIjoiUk9MRV9FVFVESUFOVCIsInN1YiI6InN0dWRlbnQyLjA0MzAx (truncated)...]
2026-04-30T15:22:31.409+01:00 DEBUG 2932 --- [auth-service] [nio-8085-exec-2] o.s.web.servlet.DispatcherServlet        : Completed 201 CREATED
2026-04-30T15:22:31.440+01:00 DEBUG 2932 --- [auth-service] [nio-8085-exec-3] o.s.security.web.FilterChainProxy        : Securing POST /api/auth/register
2026-04-30T15:22:31.441+01:00 DEBUG 2932 --- [auth-service] [nio-8085-exec-3] o.s.s.w.a.AnonymousAuthenticationFilter  : Set SecurityContextHolder to anonymous SecurityContext
2026-04-30T15:22:31.441+01:00 DEBUG 2932 --- [auth-service] [nio-8085-exec-3] o.s.security.web.FilterChainProxy        : Secured POST /api/auth/register
2026-04-30T15:22:31.441+01:00 DEBUG 2932 --- [auth-service] [nio-8085-exec-3] o.s.web.servlet.DispatcherServlet        : POST "/api/auth/register", parameters={}
2026-04-30T15:22:31.442+01:00 DEBUG 2932 --- [auth-service] [nio-8085-exec-3] s.w.s.m.m.a.RequestMappingHandlerMapping : Mapped to com.microservices.auth_service.controller.AuthController#register(RegisterRequest)
2026-04-30T15:22:31.443+01:00 DEBUG 2932 --- [auth-service] [nio-8085-exec-3] m.m.a.RequestResponseBodyMethodProcessor : Read "application/json;charset=UTF-8" to [RegisterRequest(externalId=120430152230, nom=Cherif, prenom=Nour, email=student3.0430152230@test.tn, (truncated)...]
2026-04-30T15:22:31.792+01:00 DEBUG 2932 --- [auth-service] [nio-8085-exec-3] o.s.w.s.m.m.a.HttpEntityMethodProcessor  : Using 'application/json', given [application/json] and supported [application/json, application/*+json, application/yaml]
2026-04-30T15:22:31.795+01:00 DEBUG 2932 --- [auth-service] [nio-8085-exec-3] o.s.w.s.m.m.a.HttpEntityMethodProcessor  : Writing [AuthResponse(token=eyJhbGciOiJIUzI1NiJ9.eyJyb2xlIjoiUk9MRV9FVFVESUFOVCIsInN1YiI6InN0dWRlbnQzLjA0MzAx (truncated)...]
2026-04-30T15:22:31.796+01:00 DEBUG 2932 --- [auth-service] [nio-8085-exec-3] o.s.web.servlet.DispatcherServlet        : Completed 201 CREATED
2026-04-30T15:22:31.834+01:00 DEBUG 2932 --- [auth-service] [nio-8085-exec-1] o.s.security.web.FilterChainProxy        : Securing POST /api/auth/admin/create-user
2026-04-30T15:22:31.923+01:00 DEBUG 2932 --- [auth-service] [nio-8085-exec-1] o.s.security.web.FilterChainProxy        : Secured POST /api/auth/admin/create-user
2026-04-30T15:22:31.924+01:00 DEBUG 2932 --- [auth-service] [nio-8085-exec-1] o.s.web.servlet.DispatcherServlet        : POST "/api/auth/admin/create-user", parameters={}
2026-04-30T15:22:31.925+01:00 DEBUG 2932 --- [auth-service] [nio-8085-exec-1] s.w.s.m.m.a.RequestMappingHandlerMapping : Mapped to com.microservices.auth_service.controller.AuthController#createUser(RegisterRequest)
2026-04-30T15:22:31.926+01:00 DEBUG 2932 --- [auth-service] [nio-8085-exec-1] m.m.a.RequestResponseBodyMethodProcessor : Read "application/json;charset=UTF-8" to [RegisterRequest(externalId=200430152230, nom=Ens, prenom=Encadrant1, email=enc1.0430152230@test.tn,  (truncated)...]
2026-04-30T15:22:31.927+01:00 DEBUG 2932 --- [auth-service] [nio-8085-exec-1] horizationManagerBeforeMethodInterceptor : Authorizing method invocation ReflectiveMethodInvocation: public org.springframework.http.ResponseEntity com.microservices.auth_service.controller.AuthController.createUser(com.microservices.auth_service.dto.RegisterRequest); target is of class [com.microservices.auth_service.controller.AuthController]
2026-04-30T15:22:31.928+01:00 DEBUG 2932 --- [auth-service] [nio-8085-exec-1] horizationManagerBeforeMethodInterceptor : Authorized method invocation ReflectiveMethodInvocation: public org.springframework.http.ResponseEntity com.microservices.auth_service.controller.AuthController.createUser(com.microservices.auth_service.dto.RegisterRequest); target is of class [com.microservices.auth_service.controller.AuthController]
2026-04-30T15:22:32.247+01:00 DEBUG 2932 --- [auth-service] [nio-8085-exec-1] o.s.w.s.m.m.a.HttpEntityMethodProcessor  : Using 'application/json', given [application/json] and supported [application/json, application/*+json, application/yaml]
2026-04-30T15:22:32.251+01:00 DEBUG 2932 --- [auth-service] [nio-8085-exec-1] o.s.w.s.m.m.a.HttpEntityMethodProcessor  : Writing [AuthResponse(token=eyJhbGciOiJIUzI1NiJ9.eyJyb2xlIjoiUk9MRV9FTlNFSUdOQU5UIiwic3ViIjoiZW5jMS4wNDMwMTUy (truncated)...]
2026-04-30T15:22:32.252+01:00 DEBUG 2932 --- [auth-service] [nio-8085-exec-1] o.s.web.servlet.DispatcherServlet        : Completed 201 CREATED
2026-04-30T15:22:32.289+01:00 DEBUG 2932 --- [auth-service] [nio-8085-exec-4] o.s.security.web.FilterChainProxy        : Securing POST /api/auth/admin/create-user
2026-04-30T15:22:32.387+01:00 DEBUG 2932 --- [auth-service] [nio-8085-exec-4] o.s.security.web.FilterChainProxy        : Secured POST /api/auth/admin/create-user
2026-04-30T15:22:32.391+01:00 DEBUG 2932 --- [auth-service] [nio-8085-exec-4] o.s.web.servlet.DispatcherServlet        : POST "/api/auth/admin/create-user", parameters={}
2026-04-30T15:22:32.392+01:00 DEBUG 2932 --- [auth-service] [nio-8085-exec-4] s.w.s.m.m.a.RequestMappingHandlerMapping : Mapped to com.microservices.auth_service.controller.AuthController#createUser(RegisterRequest)
2026-04-30T15:22:32.393+01:00 DEBUG 2932 --- [auth-service] [nio-8085-exec-4] m.m.a.RequestResponseBodyMethodProcessor : Read "application/json;charset=UTF-8" to [RegisterRequest(externalId=210430152230, nom=Ens, prenom=Encadrant2, email=enc2.0430152230@test.tn,  (truncated)...]
2026-04-30T15:22:32.394+01:00 DEBUG 2932 --- [auth-service] [nio-8085-exec-4] horizationManagerBeforeMethodInterceptor : Authorizing method invocation ReflectiveMethodInvocation: public org.springframework.http.ResponseEntity com.microservices.auth_service.controller.AuthController.createUser(com.microservices.auth_service.dto.RegisterRequest); target is of class [com.microservices.auth_service.controller.AuthController]
2026-04-30T15:22:32.394+01:00 DEBUG 2932 --- [auth-service] [nio-8085-exec-4] horizationManagerBeforeMethodInterceptor : Authorized method invocation ReflectiveMethodInvocation: public org.springframework.http.ResponseEntity com.microservices.auth_service.controller.AuthController.createUser(com.microservices.auth_service.dto.RegisterRequest); target is of class [com.microservices.auth_service.controller.AuthController]
2026-04-30T15:22:32.746+01:00 DEBUG 2932 --- [auth-service] [nio-8085-exec-4] o.s.w.s.m.m.a.HttpEntityMethodProcessor  : Using 'application/json', given [application/json] and supported [application/json, application/*+json, application/yaml]
2026-04-30T15:22:32.750+01:00 DEBUG 2932 --- [auth-service] [nio-8085-exec-4] o.s.w.s.m.m.a.HttpEntityMethodProcessor  : Writing [AuthResponse(token=eyJhbGciOiJIUzI1NiJ9.eyJyb2xlIjoiUk9MRV9FTlNFSUdOQU5UIiwic3ViIjoiZW5jMi4wNDMwMTUy (truncated)...]
2026-04-30T15:22:32.751+01:00 DEBUG 2932 --- [auth-service] [nio-8085-exec-4] o.s.web.servlet.DispatcherServlet        : Completed 201 CREATED
2026-04-30T15:22:32.772+01:00 DEBUG 2932 --- [auth-service] [nio-8085-exec-7] o.s.security.web.FilterChainProxy        : Securing POST /api/auth/admin/create-user
2026-04-30T15:22:32.854+01:00 DEBUG 2932 --- [auth-service] [nio-8085-exec-7] o.s.security.web.FilterChainProxy        : Secured POST /api/auth/admin/create-user
2026-04-30T15:22:32.855+01:00 DEBUG 2932 --- [auth-service] [nio-8085-exec-7] o.s.web.servlet.DispatcherServlet        : POST "/api/auth/admin/create-user", parameters={}
2026-04-30T15:22:32.855+01:00 DEBUG 2932 --- [auth-service] [nio-8085-exec-7] s.w.s.m.m.a.RequestMappingHandlerMapping : Mapped to com.microservices.auth_service.controller.AuthController#createUser(RegisterRequest)
2026-04-30T15:22:32.856+01:00 DEBUG 2932 --- [auth-service] [nio-8085-exec-7] m.m.a.RequestResponseBodyMethodProcessor : Read "application/json;charset=UTF-8" to [RegisterRequest(externalId=300430152230, nom=Ens, prenom=President, email=pres.0430152230@test.tn, p (truncated)...]
2026-04-30T15:22:32.857+01:00 DEBUG 2932 --- [auth-service] [nio-8085-exec-7] horizationManagerBeforeMethodInterceptor : Authorizing method invocation ReflectiveMethodInvocation: public org.springframework.http.ResponseEntity com.microservices.auth_service.controller.AuthController.createUser(com.microservices.auth_service.dto.RegisterRequest); target is of class [com.microservices.auth_service.controller.AuthController]
2026-04-30T15:22:32.858+01:00 DEBUG 2932 --- [auth-service] [nio-8085-exec-7] horizationManagerBeforeMethodInterceptor : Authorized method invocation ReflectiveMethodInvocation: public org.springframework.http.ResponseEntity com.microservices.auth_service.controller.AuthController.createUser(com.microservices.auth_service.dto.RegisterRequest); target is of class [com.microservices.auth_service.controller.AuthController]
2026-04-30T15:22:33.185+01:00 DEBUG 2932 --- [auth-service] [nio-8085-exec-7] o.s.w.s.m.m.a.HttpEntityMethodProcessor  : Using 'application/json', given [application/json] and supported [application/json, application/*+json, application/yaml]
2026-04-30T15:22:33.188+01:00 DEBUG 2932 --- [auth-service] [nio-8085-exec-7] o.s.w.s.m.m.a.HttpEntityMethodProcessor  : Writing [AuthResponse(token=eyJhbGciOiJIUzI1NiJ9.eyJyb2xlIjoiUk9MRV9FTlNFSUdOQU5UIiwic3ViIjoicHJlcy4wNDMwMTUy (truncated)...]
2026-04-30T15:22:33.191+01:00 DEBUG 2932 --- [auth-service] [nio-8085-exec-7] o.s.web.servlet.DispatcherServlet        : Completed 201 CREATED
2026-04-30T15:22:33.224+01:00 DEBUG 2932 --- [auth-service] [nio-8085-exec-6] o.s.security.web.FilterChainProxy        : Securing POST /api/auth/admin/create-user
2026-04-30T15:22:33.323+01:00 DEBUG 2932 --- [auth-service] [nio-8085-exec-6] o.s.security.web.FilterChainProxy        : Secured POST /api/auth/admin/create-user
2026-04-30T15:22:33.327+01:00 DEBUG 2932 --- [auth-service] [nio-8085-exec-6] o.s.web.servlet.DispatcherServlet        : POST "/api/auth/admin/create-user", parameters={}
2026-04-30T15:22:33.327+01:00 DEBUG 2932 --- [auth-service] [nio-8085-exec-6] s.w.s.m.m.a.RequestMappingHandlerMapping : Mapped to com.microservices.auth_service.controller.AuthController#createUser(RegisterRequest)
2026-04-30T15:22:33.328+01:00 DEBUG 2932 --- [auth-service] [nio-8085-exec-6] m.m.a.RequestResponseBodyMethodProcessor : Read "application/json;charset=UTF-8" to [RegisterRequest(externalId=310430152230, nom=Ens, prenom=Rapporteur, email=rap.0430152230@test.tn, p (truncated)...]
2026-04-30T15:22:33.329+01:00 DEBUG 2932 --- [auth-service] [nio-8085-exec-6] horizationManagerBeforeMethodInterceptor : Authorizing method invocation ReflectiveMethodInvocation: public org.springframework.http.ResponseEntity com.microservices.auth_service.controller.AuthController.createUser(com.microservices.auth_service.dto.RegisterRequest); target is of class [com.microservices.auth_service.controller.AuthController]
2026-04-30T15:22:33.330+01:00 DEBUG 2932 --- [auth-service] [nio-8085-exec-6] horizationManagerBeforeMethodInterceptor : Authorized method invocation ReflectiveMethodInvocation: public org.springframework.http.ResponseEntity com.microservices.auth_service.controller.AuthController.createUser(com.microservices.auth_service.dto.RegisterRequest); target is of class [com.microservices.auth_service.controller.AuthController]
2026-04-30T15:22:33.642+01:00 DEBUG 2932 --- [auth-service] [nio-8085-exec-6] o.s.w.s.m.m.a.HttpEntityMethodProcessor  : Using 'application/json', given [application/json] and supported [application/json, application/*+json, application/yaml]
2026-04-30T15:22:33.646+01:00 DEBUG 2932 --- [auth-service] [nio-8085-exec-6] o.s.w.s.m.m.a.HttpEntityMethodProcessor  : Writing [AuthResponse(token=eyJhbGciOiJIUzI1NiJ9.eyJyb2xlIjoiUk9MRV9FTlNFSUdOQU5UIiwic3ViIjoicmFwLjA0MzAxNTIy (truncated)...]
2026-04-30T15:22:33.647+01:00 DEBUG 2932 --- [auth-service] [nio-8085-exec-6] o.s.web.servlet.DispatcherServlet        : Completed 201 CREATED
2026-04-30T15:22:33.684+01:00 DEBUG 2932 --- [auth-service] [nio-8085-exec-9] o.s.security.web.FilterChainProxy        : Securing POST /api/auth/admin/create-user
2026-04-30T15:22:33.767+01:00 DEBUG 2932 --- [auth-service] [nio-8085-exec-9] o.s.security.web.FilterChainProxy        : Secured POST /api/auth/admin/create-user
2026-04-30T15:22:33.768+01:00 DEBUG 2932 --- [auth-service] [nio-8085-exec-9] o.s.web.servlet.DispatcherServlet        : POST "/api/auth/admin/create-user", parameters={}
2026-04-30T15:22:33.769+01:00 DEBUG 2932 --- [auth-service] [nio-8085-exec-9] s.w.s.m.m.a.RequestMappingHandlerMapping : Mapped to com.microservices.auth_service.controller.AuthController#createUser(RegisterRequest)
2026-04-30T15:22:33.770+01:00 DEBUG 2932 --- [auth-service] [nio-8085-exec-9] m.m.a.RequestResponseBodyMethodProcessor : Read "application/json;charset=UTF-8" to [RegisterRequest(externalId=320430152230, nom=Ens, prenom=Examinateur, email=exam.0430152230@test.tn, (truncated)...]
2026-04-30T15:22:33.770+01:00 DEBUG 2932 --- [auth-service] [nio-8085-exec-9] horizationManagerBeforeMethodInterceptor : Authorizing method invocation ReflectiveMethodInvocation: public org.springframework.http.ResponseEntity com.microservices.auth_service.controller.AuthController.createUser(com.microservices.auth_service.dto.RegisterRequest); target is of class [com.microservices.auth_service.controller.AuthController]
2026-04-30T15:22:33.771+01:00 DEBUG 2932 --- [auth-service] [nio-8085-exec-9] horizationManagerBeforeMethodInterceptor : Authorized method invocation ReflectiveMethodInvocation: public org.springframework.http.ResponseEntity com.microservices.auth_service.controller.AuthController.createUser(com.microservices.auth_service.dto.RegisterRequest); target is of class [com.microservices.auth_service.controller.AuthController]
2026-04-30T15:22:34.124+01:00 DEBUG 2932 --- [auth-service] [nio-8085-exec-9] o.s.w.s.m.m.a.HttpEntityMethodProcessor  : Using 'application/json', given [application/json] and supported [application/json, application/*+json, application/yaml]
2026-04-30T15:22:34.127+01:00 DEBUG 2932 --- [auth-service] [nio-8085-exec-9] o.s.w.s.m.m.a.HttpEntityMethodProcessor  : Writing [AuthResponse(token=eyJhbGciOiJIUzI1NiJ9.eyJyb2xlIjoiUk9MRV9FTlNFSUdOQU5UIiwic3ViIjoiZXhhbS4wNDMwMTUy (truncated)...]
2026-04-30T15:22:34.128+01:00 DEBUG 2932 --- [auth-service] [nio-8085-exec-9] o.s.web.servlet.DispatcherServlet        : Completed 201 CREATED
2026-04-30T15:22:34.161+01:00 DEBUG 2932 --- [auth-service] [nio-8085-exec-8] o.s.security.web.FilterChainProxy        : Securing POST /api/auth/admin/create-user
2026-04-30T15:22:34.267+01:00 DEBUG 2932 --- [auth-service] [nio-8085-exec-8] o.s.security.web.FilterChainProxy        : Secured POST /api/auth/admin/create-user
2026-04-30T15:22:34.271+01:00 DEBUG 2932 --- [auth-service] [nio-8085-exec-8] o.s.web.servlet.DispatcherServlet        : POST "/api/auth/admin/create-user", parameters={}
2026-04-30T15:22:34.271+01:00 DEBUG 2932 --- [auth-service] [nio-8085-exec-8] s.w.s.m.m.a.RequestMappingHandlerMapping : Mapped to com.microservices.auth_service.controller.AuthController#createUser(RegisterRequest)
2026-04-30T15:22:34.273+01:00 DEBUG 2932 --- [auth-service] [nio-8085-exec-8] m.m.a.RequestResponseBodyMethodProcessor : Read "application/json;charset=UTF-8" to [RegisterRequest(externalId=390430152230, nom=Ens, prenom=Intrus, email=intrus.0430152230@test.tn, pa (truncated)...]
2026-04-30T15:22:34.273+01:00 DEBUG 2932 --- [auth-service] [nio-8085-exec-8] horizationManagerBeforeMethodInterceptor : Authorizing method invocation ReflectiveMethodInvocation: public org.springframework.http.ResponseEntity com.microservices.auth_service.controller.AuthController.createUser(com.microservices.auth_service.dto.RegisterRequest); target is of class [com.microservices.auth_service.controller.AuthController]
2026-04-30T15:22:34.274+01:00 DEBUG 2932 --- [auth-service] [nio-8085-exec-8] horizationManagerBeforeMethodInterceptor : Authorized method invocation ReflectiveMethodInvocation: public org.springframework.http.ResponseEntity com.microservices.auth_service.controller.AuthController.createUser(com.microservices.auth_service.dto.RegisterRequest); target is of class [com.microservices.auth_service.controller.AuthController]
2026-04-30T15:22:34.620+01:00 DEBUG 2932 --- [auth-service] [nio-8085-exec-8] o.s.w.s.m.m.a.HttpEntityMethodProcessor  : Using 'application/json', given [application/json] and supported [application/json, application/*+json, application/yaml]
2026-04-30T15:22:34.623+01:00 DEBUG 2932 --- [auth-service] [nio-8085-exec-8] o.s.w.s.m.m.a.HttpEntityMethodProcessor  : Writing [AuthResponse(token=eyJhbGciOiJIUzI1NiJ9.eyJyb2xlIjoiUk9MRV9FTlNFSUdOQU5UIiwic3ViIjoiaW50cnVzLjA0MzAx (truncated)...]
2026-04-30T15:22:34.625+01:00 DEBUG 2932 --- [auth-service] [nio-8085-exec-8] o.s.web.servlet.DispatcherServlet        : Completed 201 CREATED
2026-04-30T15:22:35.271+01:00 DEBUG 2932 --- [auth-service] [nio-8085-exec-5] o.s.security.web.FilterChainProxy        : Securing GET /api/users/internal/100430152230/exists?role=ROLE_ETUDIANT
2026-04-30T15:22:35.272+01:00 DEBUG 2932 --- [auth-service] [nio-8085-exec-5] o.s.s.w.a.AnonymousAuthenticationFilter  : Set SecurityContextHolder to anonymous SecurityContext
2026-04-30T15:22:35.273+01:00 DEBUG 2932 --- [auth-service] [nio-8085-exec-5] o.s.security.web.FilterChainProxy        : Secured GET /api/users/internal/100430152230/exists?role=ROLE_ETUDIANT
2026-04-30T15:22:35.273+01:00 DEBUG 2932 --- [auth-service] [nio-8085-exec-5] o.s.web.servlet.DispatcherServlet        : GET "/api/users/internal/100430152230/exists?role=ROLE_ETUDIANT", parameters={masked}
2026-04-30T15:22:35.273+01:00 DEBUG 2932 --- [auth-service] [nio-8085-exec-5] s.w.s.m.m.a.RequestMappingHandlerMapping : Mapped to com.microservices.auth_service.controller.UserInternalController#existsByExternalIdAndRole(Long, Role)
2026-04-30T15:22:35.376+01:00 DEBUG 2932 --- [auth-service] [nio-8085-exec-5] o.s.w.s.m.m.a.HttpEntityMethodProcessor  : Using 'application/json', given [*/*] and supported [application/json, application/*+json, application/yaml]
2026-04-30T15:22:35.377+01:00 DEBUG 2932 --- [auth-service] [nio-8085-exec-5] o.s.w.s.m.m.a.HttpEntityMethodProcessor  : Writing [true]
2026-04-30T15:22:35.379+01:00 DEBUG 2932 --- [auth-service] [nio-8085-exec-5] o.s.web.servlet.DispatcherServlet        : Completed 200 OK
2026-04-30T15:22:35.383+01:00 DEBUG 2932 --- [auth-service] [io-8085-exec-10] o.s.security.web.FilterChainProxy        : Securing GET /api/users/internal/200430152230/exists?role=ROLE_ENSEIGNANT
2026-04-30T15:22:35.383+01:00 DEBUG 2932 --- [auth-service] [io-8085-exec-10] o.s.s.w.a.AnonymousAuthenticationFilter  : Set SecurityContextHolder to anonymous SecurityContext
2026-04-30T15:22:35.384+01:00 DEBUG 2932 --- [auth-service] [io-8085-exec-10] o.s.security.web.FilterChainProxy        : Secured GET /api/users/internal/200430152230/exists?role=ROLE_ENSEIGNANT
2026-04-30T15:22:35.384+01:00 DEBUG 2932 --- [auth-service] [io-8085-exec-10] o.s.web.servlet.DispatcherServlet        : GET "/api/users/internal/200430152230/exists?role=ROLE_ENSEIGNANT", parameters={masked}
2026-04-30T15:22:35.384+01:00 DEBUG 2932 --- [auth-service] [io-8085-exec-10] s.w.s.m.m.a.RequestMappingHandlerMapping : Mapped to com.microservices.auth_service.controller.UserInternalController#existsByExternalIdAndRole(Long, Role)
2026-04-30T15:22:35.489+01:00 DEBUG 2932 --- [auth-service] [io-8085-exec-10] o.s.w.s.m.m.a.HttpEntityMethodProcessor  : Using 'application/json', given [*/*] and supported [application/json, application/*+json, application/yaml]
2026-04-30T15:22:35.493+01:00 DEBUG 2932 --- [auth-service] [io-8085-exec-10] o.s.w.s.m.m.a.HttpEntityMethodProcessor  : Writing [true]
2026-04-30T15:22:35.494+01:00 DEBUG 2932 --- [auth-service] [io-8085-exec-10] o.s.web.servlet.DispatcherServlet        : Completed 200 OK
2026-04-30T15:22:36.285+01:00 DEBUG 2932 --- [auth-service] [nio-8085-exec-2] o.s.security.web.FilterChainProxy        : Securing GET /api/users/internal/100430152230/exists?role=ROLE_ETUDIANT
2026-04-30T15:22:36.286+01:00 DEBUG 2932 --- [auth-service] [nio-8085-exec-2] o.s.s.w.a.AnonymousAuthenticationFilter  : Set SecurityContextHolder to anonymous SecurityContext
2026-04-30T15:22:36.288+01:00 DEBUG 2932 --- [auth-service] [nio-8085-exec-2] o.s.security.web.FilterChainProxy        : Secured GET /api/users/internal/100430152230/exists?role=ROLE_ETUDIANT
2026-04-30T15:22:36.288+01:00 DEBUG 2932 --- [auth-service] [nio-8085-exec-2] o.s.web.servlet.DispatcherServlet        : GET "/api/users/internal/100430152230/exists?role=ROLE_ETUDIANT", parameters={masked}
2026-04-30T15:22:36.289+01:00 DEBUG 2932 --- [auth-service] [nio-8085-exec-2] s.w.s.m.m.a.RequestMappingHandlerMapping : Mapped to com.microservices.auth_service.controller.UserInternalController#existsByExternalIdAndRole(Long, Role)
2026-04-30T15:22:36.365+01:00 DEBUG 2932 --- [auth-service] [nio-8085-exec-2] o.s.w.s.m.m.a.HttpEntityMethodProcessor  : Using 'application/json', given [*/*] and supported [application/json, application/*+json, application/yaml]
2026-04-30T15:22:36.366+01:00 DEBUG 2932 --- [auth-service] [nio-8085-exec-2] o.s.w.s.m.m.a.HttpEntityMethodProcessor  : Writing [true]
2026-04-30T15:22:36.367+01:00 DEBUG 2932 --- [auth-service] [nio-8085-exec-2] o.s.web.servlet.DispatcherServlet        : Completed 200 OK
2026-04-30T15:22:36.369+01:00 DEBUG 2932 --- [auth-service] [nio-8085-exec-3] o.s.security.web.FilterChainProxy        : Securing GET /api/users/internal/200430152230/exists?role=ROLE_ENSEIGNANT
2026-04-30T15:22:36.370+01:00 DEBUG 2932 --- [auth-service] [nio-8085-exec-3] o.s.s.w.a.AnonymousAuthenticationFilter  : Set SecurityContextHolder to anonymous SecurityContext
2026-04-30T15:22:36.371+01:00 DEBUG 2932 --- [auth-service] [nio-8085-exec-3] o.s.security.web.FilterChainProxy        : Secured GET /api/users/internal/200430152230/exists?role=ROLE_ENSEIGNANT
2026-04-30T15:22:36.371+01:00 DEBUG 2932 --- [auth-service] [nio-8085-exec-3] o.s.web.servlet.DispatcherServlet        : GET "/api/users/internal/200430152230/exists?role=ROLE_ENSEIGNANT", parameters={masked}
2026-04-30T15:22:36.372+01:00 DEBUG 2932 --- [auth-service] [nio-8085-exec-3] s.w.s.m.m.a.RequestMappingHandlerMapping : Mapped to com.microservices.auth_service.controller.UserInternalController#existsByExternalIdAndRole(Long, Role)
2026-04-30T15:22:36.455+01:00 DEBUG 2932 --- [auth-service] [nio-8085-exec-3] o.s.w.s.m.m.a.HttpEntityMethodProcessor  : Using 'application/json', given [*/*] and supported [application/json, application/*+json, application/yaml]
2026-04-30T15:22:36.456+01:00 DEBUG 2932 --- [auth-service] [nio-8085-exec-3] o.s.w.s.m.m.a.HttpEntityMethodProcessor  : Writing [true]
2026-04-30T15:22:36.456+01:00 DEBUG 2932 --- [auth-service] [nio-8085-exec-3] o.s.web.servlet.DispatcherServlet        : Completed 200 OK
2026-04-30T15:22:36.952+01:00 DEBUG 2932 --- [auth-service] [nio-8085-exec-1] o.s.security.web.FilterChainProxy        : Securing GET /api/users/internal/999999999/exists?role=ROLE_ETUDIANT
2026-04-30T15:22:36.952+01:00 DEBUG 2932 --- [auth-service] [nio-8085-exec-1] o.s.s.w.a.AnonymousAuthenticationFilter  : Set SecurityContextHolder to anonymous SecurityContext
2026-04-30T15:22:36.953+01:00 DEBUG 2932 --- [auth-service] [nio-8085-exec-1] o.s.security.web.FilterChainProxy        : Secured GET /api/users/internal/999999999/exists?role=ROLE_ETUDIANT
2026-04-30T15:22:36.954+01:00 DEBUG 2932 --- [auth-service] [nio-8085-exec-1] o.s.web.servlet.DispatcherServlet        : GET "/api/users/internal/999999999/exists?role=ROLE_ETUDIANT", parameters={masked}
2026-04-30T15:22:36.954+01:00 DEBUG 2932 --- [auth-service] [nio-8085-exec-1] s.w.s.m.m.a.RequestMappingHandlerMapping : Mapped to com.microservices.auth_service.controller.UserInternalController#existsByExternalIdAndRole(Long, Role)
2026-04-30T15:22:37.035+01:00 DEBUG 2932 --- [auth-service] [nio-8085-exec-1] o.s.w.s.m.m.a.HttpEntityMethodProcessor  : Using 'application/json', given [*/*] and supported [application/json, application/*+json, application/yaml]
2026-04-30T15:22:37.036+01:00 DEBUG 2932 --- [auth-service] [nio-8085-exec-1] o.s.w.s.m.m.a.HttpEntityMethodProcessor  : Writing [false]
2026-04-30T15:22:37.037+01:00 DEBUG 2932 --- [auth-service] [nio-8085-exec-1] o.s.web.servlet.DispatcherServlet        : Completed 200 OK
2026-04-30T15:22:37.067+01:00 DEBUG 2932 --- [auth-service] [nio-8085-exec-4] o.s.security.web.FilterChainProxy        : Securing GET /api/users/internal/110430152230/exists?role=ROLE_ETUDIANT
2026-04-30T15:22:37.067+01:00 DEBUG 2932 --- [auth-service] [nio-8085-exec-4] o.s.s.w.a.AnonymousAuthenticationFilter  : Set SecurityContextHolder to anonymous SecurityContext
2026-04-30T15:22:37.067+01:00 DEBUG 2932 --- [auth-service] [nio-8085-exec-4] o.s.security.web.FilterChainProxy        : Secured GET /api/users/internal/110430152230/exists?role=ROLE_ETUDIANT
2026-04-30T15:22:37.068+01:00 DEBUG 2932 --- [auth-service] [nio-8085-exec-4] o.s.web.servlet.DispatcherServlet        : GET "/api/users/internal/110430152230/exists?role=ROLE_ETUDIANT", parameters={masked}
2026-04-30T15:22:37.068+01:00 DEBUG 2932 --- [auth-service] [nio-8085-exec-4] s.w.s.m.m.a.RequestMappingHandlerMapping : Mapped to com.microservices.auth_service.controller.UserInternalController#existsByExternalIdAndRole(Long, Role)
2026-04-30T15:22:37.153+01:00 DEBUG 2932 --- [auth-service] [nio-8085-exec-4] o.s.w.s.m.m.a.HttpEntityMethodProcessor  : Using 'application/json', given [*/*] and supported [application/json, application/*+json, application/yaml]
2026-04-30T15:22:37.155+01:00 DEBUG 2932 --- [auth-service] [nio-8085-exec-4] o.s.w.s.m.m.a.HttpEntityMethodProcessor  : Writing [true]
2026-04-30T15:22:37.156+01:00 DEBUG 2932 --- [auth-service] [nio-8085-exec-4] o.s.web.servlet.DispatcherServlet        : Completed 200 OK
2026-04-30T15:22:37.160+01:00 DEBUG 2932 --- [auth-service] [nio-8085-exec-7] o.s.security.web.FilterChainProxy        : Securing GET /api/users/internal/999999999/exists?role=ROLE_ENSEIGNANT
2026-04-30T15:22:37.161+01:00 DEBUG 2932 --- [auth-service] [nio-8085-exec-7] o.s.s.w.a.AnonymousAuthenticationFilter  : Set SecurityContextHolder to anonymous SecurityContext
2026-04-30T15:22:37.161+01:00 DEBUG 2932 --- [auth-service] [nio-8085-exec-7] o.s.security.web.FilterChainProxy        : Secured GET /api/users/internal/999999999/exists?role=ROLE_ENSEIGNANT
2026-04-30T15:22:37.161+01:00 DEBUG 2932 --- [auth-service] [nio-8085-exec-7] o.s.web.servlet.DispatcherServlet        : GET "/api/users/internal/999999999/exists?role=ROLE_ENSEIGNANT", parameters={masked}
2026-04-30T15:22:37.162+01:00 DEBUG 2932 --- [auth-service] [nio-8085-exec-7] s.w.s.m.m.a.RequestMappingHandlerMapping : Mapped to com.microservices.auth_service.controller.UserInternalController#existsByExternalIdAndRole(Long, Role)
2026-04-30T15:22:37.246+01:00 DEBUG 2932 --- [auth-service] [nio-8085-exec-7] o.s.w.s.m.m.a.HttpEntityMethodProcessor  : Using 'application/json', given [*/*] and supported [application/json, application/*+json, application/yaml]
2026-04-30T15:22:37.247+01:00 DEBUG 2932 --- [auth-service] [nio-8085-exec-7] o.s.w.s.m.m.a.HttpEntityMethodProcessor  : Writing [false]
2026-04-30T15:22:37.248+01:00 DEBUG 2932 --- [auth-service] [nio-8085-exec-7] o.s.web.servlet.DispatcherServlet        : Completed 200 OK
2026-04-30T15:22:37.264+01:00 DEBUG 2932 --- [auth-service] [nio-8085-exec-6] o.s.security.web.FilterChainProxy        : Securing GET /api/users/internal/110430152230/exists?role=ROLE_ETUDIANT
2026-04-30T15:22:37.265+01:00 DEBUG 2932 --- [auth-service] [nio-8085-exec-6] o.s.s.w.a.AnonymousAuthenticationFilter  : Set SecurityContextHolder to anonymous SecurityContext
2026-04-30T15:22:37.265+01:00 DEBUG 2932 --- [auth-service] [nio-8085-exec-6] o.s.security.web.FilterChainProxy        : Secured GET /api/users/internal/110430152230/exists?role=ROLE_ETUDIANT
2026-04-30T15:22:37.265+01:00 DEBUG 2932 --- [auth-service] [nio-8085-exec-6] o.s.web.servlet.DispatcherServlet        : GET "/api/users/internal/110430152230/exists?role=ROLE_ETUDIANT", parameters={masked}
2026-04-30T15:22:37.266+01:00 DEBUG 2932 --- [auth-service] [nio-8085-exec-6] s.w.s.m.m.a.RequestMappingHandlerMapping : Mapped to com.microservices.auth_service.controller.UserInternalController#existsByExternalIdAndRole(Long, Role)
2026-04-30T15:22:37.357+01:00 DEBUG 2932 --- [auth-service] [nio-8085-exec-6] o.s.w.s.m.m.a.HttpEntityMethodProcessor  : Using 'application/json', given [*/*] and supported [application/json, application/*+json, application/yaml]
2026-04-30T15:22:37.360+01:00 DEBUG 2932 --- [auth-service] [nio-8085-exec-6] o.s.w.s.m.m.a.HttpEntityMethodProcessor  : Writing [true]
2026-04-30T15:22:37.361+01:00 DEBUG 2932 --- [auth-service] [nio-8085-exec-6] o.s.web.servlet.DispatcherServlet        : Completed 200 OK
2026-04-30T15:22:37.365+01:00 DEBUG 2932 --- [auth-service] [nio-8085-exec-9] o.s.security.web.FilterChainProxy        : Securing GET /api/users/internal/210430152230/exists?role=ROLE_ENSEIGNANT
2026-04-30T15:22:37.366+01:00 DEBUG 2932 --- [auth-service] [nio-8085-exec-9] o.s.s.w.a.AnonymousAuthenticationFilter  : Set SecurityContextHolder to anonymous SecurityContext
2026-04-30T15:22:37.366+01:00 DEBUG 2932 --- [auth-service] [nio-8085-exec-9] o.s.security.web.FilterChainProxy        : Secured GET /api/users/internal/210430152230/exists?role=ROLE_ENSEIGNANT
2026-04-30T15:22:37.366+01:00 DEBUG 2932 --- [auth-service] [nio-8085-exec-9] o.s.web.servlet.DispatcherServlet        : GET "/api/users/internal/210430152230/exists?role=ROLE_ENSEIGNANT", parameters={masked}
2026-04-30T15:22:37.367+01:00 DEBUG 2932 --- [auth-service] [nio-8085-exec-9] s.w.s.m.m.a.RequestMappingHandlerMapping : Mapped to com.microservices.auth_service.controller.UserInternalController#existsByExternalIdAndRole(Long, Role)
2026-04-30T15:22:37.448+01:00 DEBUG 2932 --- [auth-service] [nio-8085-exec-9] o.s.w.s.m.m.a.HttpEntityMethodProcessor  : Using 'application/json', given [*/*] and supported [application/json, application/*+json, application/yaml]
2026-04-30T15:22:37.450+01:00 DEBUG 2932 --- [auth-service] [nio-8085-exec-9] o.s.w.s.m.m.a.HttpEntityMethodProcessor  : Writing [true]
2026-04-30T15:22:37.451+01:00 DEBUG 2932 --- [auth-service] [nio-8085-exec-9] o.s.web.servlet.DispatcherServlet        : Completed 200 OK
2026-04-30T15:22:37.790+01:00 DEBUG 2932 --- [auth-service] [nio-8085-exec-8] o.s.security.web.FilterChainProxy        : Securing GET /api/users/internal/110430152230/exists?role=ROLE_ETUDIANT
2026-04-30T15:22:37.791+01:00 DEBUG 2932 --- [auth-service] [nio-8085-exec-8] o.s.s.w.a.AnonymousAuthenticationFilter  : Set SecurityContextHolder to anonymous SecurityContext
2026-04-30T15:22:37.792+01:00 DEBUG 2932 --- [auth-service] [nio-8085-exec-8] o.s.security.web.FilterChainProxy        : Secured GET /api/users/internal/110430152230/exists?role=ROLE_ETUDIANT
2026-04-30T15:22:37.792+01:00 DEBUG 2932 --- [auth-service] [nio-8085-exec-8] o.s.web.servlet.DispatcherServlet        : GET "/api/users/internal/110430152230/exists?role=ROLE_ETUDIANT", parameters={masked}
2026-04-30T15:22:37.792+01:00 DEBUG 2932 --- [auth-service] [nio-8085-exec-8] s.w.s.m.m.a.RequestMappingHandlerMapping : Mapped to com.microservices.auth_service.controller.UserInternalController#existsByExternalIdAndRole(Long, Role)
2026-04-30T15:22:37.865+01:00 DEBUG 2932 --- [auth-service] [nio-8085-exec-8] o.s.w.s.m.m.a.HttpEntityMethodProcessor  : Using 'application/json', given [*/*] and supported [application/json, application/*+json, application/yaml]
2026-04-30T15:22:37.865+01:00 DEBUG 2932 --- [auth-service] [nio-8085-exec-8] o.s.w.s.m.m.a.HttpEntityMethodProcessor  : Writing [true]
2026-04-30T15:22:37.866+01:00 DEBUG 2932 --- [auth-service] [nio-8085-exec-8] o.s.web.servlet.DispatcherServlet        : Completed 200 OK
2026-04-30T15:22:37.869+01:00 DEBUG 2932 --- [auth-service] [nio-8085-exec-5] o.s.security.web.FilterChainProxy        : Securing GET /api/users/internal/200430152230/exists?role=ROLE_ENSEIGNANT
2026-04-30T15:22:37.869+01:00 DEBUG 2932 --- [auth-service] [nio-8085-exec-5] o.s.s.w.a.AnonymousAuthenticationFilter  : Set SecurityContextHolder to anonymous SecurityContext
2026-04-30T15:22:37.869+01:00 DEBUG 2932 --- [auth-service] [nio-8085-exec-5] o.s.security.web.FilterChainProxy        : Secured GET /api/users/internal/200430152230/exists?role=ROLE_ENSEIGNANT
2026-04-30T15:22:37.870+01:00 DEBUG 2932 --- [auth-service] [nio-8085-exec-5] o.s.web.servlet.DispatcherServlet        : GET "/api/users/internal/200430152230/exists?role=ROLE_ENSEIGNANT", parameters={masked}
2026-04-30T15:22:37.870+01:00 DEBUG 2932 --- [auth-service] [nio-8085-exec-5] s.w.s.m.m.a.RequestMappingHandlerMapping : Mapped to com.microservices.auth_service.controller.UserInternalController#existsByExternalIdAndRole(Long, Role)
2026-04-30T15:22:37.952+01:00 DEBUG 2932 --- [auth-service] [nio-8085-exec-5] o.s.w.s.m.m.a.HttpEntityMethodProcessor  : Using 'application/json', given [*/*] and supported [application/json, application/*+json, application/yaml]
2026-04-30T15:22:37.953+01:00 DEBUG 2932 --- [auth-service] [nio-8085-exec-5] o.s.w.s.m.m.a.HttpEntityMethodProcessor  : Writing [true]
2026-04-30T15:22:37.954+01:00 DEBUG 2932 --- [auth-service] [nio-8085-exec-5] o.s.web.servlet.DispatcherServlet        : Completed 200 OK
2026-04-30T15:22:38.312+01:00 DEBUG 2932 --- [auth-service] [io-8085-exec-10] o.s.security.web.FilterChainProxy        : Securing GET /api/users/internal/100430152230/exists?role=ROLE_ETUDIANT
2026-04-30T15:22:38.313+01:00 DEBUG 2932 --- [auth-service] [io-8085-exec-10] o.s.s.w.a.AnonymousAuthenticationFilter  : Set SecurityContextHolder to anonymous SecurityContext
2026-04-30T15:22:38.313+01:00 DEBUG 2932 --- [auth-service] [io-8085-exec-10] o.s.security.web.FilterChainProxy        : Secured GET /api/users/internal/100430152230/exists?role=ROLE_ETUDIANT
2026-04-30T15:22:38.313+01:00 DEBUG 2932 --- [auth-service] [io-8085-exec-10] o.s.web.servlet.DispatcherServlet        : GET "/api/users/internal/100430152230/exists?role=ROLE_ETUDIANT", parameters={masked}
2026-04-30T15:22:38.314+01:00 DEBUG 2932 --- [auth-service] [io-8085-exec-10] s.w.s.m.m.a.RequestMappingHandlerMapping : Mapped to com.microservices.auth_service.controller.UserInternalController#existsByExternalIdAndRole(Long, Role)
2026-04-30T15:22:38.409+01:00 DEBUG 2932 --- [auth-service] [io-8085-exec-10] o.s.w.s.m.m.a.HttpEntityMethodProcessor  : Using 'application/json', given [*/*] and supported [application/json, application/*+json, application/yaml]
2026-04-30T15:22:38.413+01:00 DEBUG 2932 --- [auth-service] [io-8085-exec-10] o.s.w.s.m.m.a.HttpEntityMethodProcessor  : Writing [true]
2026-04-30T15:22:38.414+01:00 DEBUG 2932 --- [auth-service] [io-8085-exec-10] o.s.web.servlet.DispatcherServlet        : Completed 200 OK
2026-04-30T15:22:38.417+01:00 DEBUG 2932 --- [auth-service] [nio-8085-exec-2] o.s.security.web.FilterChainProxy        : Securing GET /api/users/internal/210430152230/exists?role=ROLE_ENSEIGNANT
2026-04-30T15:22:38.418+01:00 DEBUG 2932 --- [auth-service] [nio-8085-exec-2] o.s.s.w.a.AnonymousAuthenticationFilter  : Set SecurityContextHolder to anonymous SecurityContext
2026-04-30T15:22:38.418+01:00 DEBUG 2932 --- [auth-service] [nio-8085-exec-2] o.s.security.web.FilterChainProxy        : Secured GET /api/users/internal/210430152230/exists?role=ROLE_ENSEIGNANT
2026-04-30T15:22:38.419+01:00 DEBUG 2932 --- [auth-service] [nio-8085-exec-2] o.s.web.servlet.DispatcherServlet        : GET "/api/users/internal/210430152230/exists?role=ROLE_ENSEIGNANT", parameters={masked}
2026-04-30T15:22:38.419+01:00 DEBUG 2932 --- [auth-service] [nio-8085-exec-2] s.w.s.m.m.a.RequestMappingHandlerMapping : Mapped to com.microservices.auth_service.controller.UserInternalController#existsByExternalIdAndRole(Long, Role)
2026-04-30T15:22:38.508+01:00 DEBUG 2932 --- [auth-service] [nio-8085-exec-2] o.s.w.s.m.m.a.HttpEntityMethodProcessor  : Using 'application/json', given [*/*] and supported [application/json, application/*+json, application/yaml]
2026-04-30T15:22:38.509+01:00 DEBUG 2932 --- [auth-service] [nio-8085-exec-2] o.s.w.s.m.m.a.HttpEntityMethodProcessor  : Writing [true]
2026-04-30T15:22:38.510+01:00 DEBUG 2932 --- [auth-service] [nio-8085-exec-2] o.s.web.servlet.DispatcherServlet        : Completed 200 OK
2026-04-30T15:22:39.881+01:00 DEBUG 2932 --- [auth-service] [beatExecutor-%d] o.s.web.client.RestTemplate              : HTTP PUT http://localhost:8761/eureka/apps/AUTH-SERVICE/localhost:auth-service:8085?status=UP&lastDirtyTimestamp=1777558779729
2026-04-30T15:22:39.883+01:00 DEBUG 2932 --- [auth-service] [beatExecutor-%d] o.s.web.client.RestTemplate              : Accept=[application/json, application/yaml, application/*+json]
2026-04-30T15:22:39.898+01:00 DEBUG 2932 --- [auth-service] [beatExecutor-%d] o.s.web.client.RestTemplate              : Response 200 OK
2026-04-30T15:22:39.900+01:00 DEBUG 2932 --- [auth-service] [reshExecutor-%d] o.s.web.client.RestTemplate              : HTTP GET http://localhost:8761/eureka/apps/delta
2026-04-30T15:22:39.901+01:00 DEBUG 2932 --- [auth-service] [reshExecutor-%d] o.s.web.client.RestTemplate              : Accept=[application/json, application/yaml, application/*+json]
2026-04-30T15:22:39.915+01:00 DEBUG 2932 --- [auth-service] [reshExecutor-%d] o.s.web.client.RestTemplate              : Response 200 OK
2026-04-30T15:22:39.915+01:00 DEBUG 2932 --- [auth-service] [reshExecutor-%d] o.s.web.client.RestTemplate              : Reading to [org.springframework.cloud.netflix.eureka.http.EurekaApplications]
2026-04-30T15:23:09.903+01:00 DEBUG 2932 --- [auth-service] [beatExecutor-%d] o.s.web.client.RestTemplate              : HTTP PUT http://localhost:8761/eureka/apps/AUTH-SERVICE/localhost:auth-service:8085?status=UP&lastDirtyTimestamp=1777558779729
2026-04-30T15:23:09.907+01:00 DEBUG 2932 --- [auth-service] [beatExecutor-%d] o.s.web.client.RestTemplate              : Accept=[application/json, application/yaml, application/*+json]
2026-04-30T15:23:09.919+01:00 DEBUG 2932 --- [auth-service] [reshExecutor-%d] o.s.web.client.RestTemplate              : HTTP GET http://localhost:8761/eureka/apps/delta
2026-04-30T15:23:09.920+01:00 DEBUG 2932 --- [auth-service] [reshExecutor-%d] o.s.web.client.RestTemplate              : Accept=[application/json, application/yaml, application/*+json]
2026-04-30T15:23:09.922+01:00 DEBUG 2932 --- [auth-service] [beatExecutor-%d] o.s.web.client.RestTemplate              : Response 200 OK
2026-04-30T15:23:09.937+01:00 DEBUG 2932 --- [auth-service] [reshExecutor-%d] o.s.web.client.RestTemplate              : Response 200 OK
2026-04-30T15:23:09.939+01:00 DEBUG 2932 --- [auth-service] [reshExecutor-%d] o.s.web.client.RestTemplate              : Reading to [org.springframework.cloud.netflix.eureka.http.EurekaApplications]
2026-04-30T15:23:39.937+01:00 DEBUG 2932 --- [auth-service] [beatExecutor-%d] o.s.web.client.RestTemplate              : HTTP PUT http://localhost:8761/eureka/apps/AUTH-SERVICE/localhost:auth-service:8085?status=UP&lastDirtyTimestamp=1777558779729
2026-04-30T15:23:39.940+01:00 DEBUG 2932 --- [auth-service] [beatExecutor-%d] o.s.web.client.RestTemplate              : Accept=[application/json, application/yaml, application/*+json]
2026-04-30T15:23:39.952+01:00 DEBUG 2932 --- [auth-service] [reshExecutor-%d] o.s.web.client.RestTemplate              : HTTP GET http://localhost:8761/eureka/apps/delta
2026-04-30T15:23:39.953+01:00 DEBUG 2932 --- [auth-service] [reshExecutor-%d] o.s.web.client.RestTemplate              : Accept=[application/json, application/yaml, application/*+json]
2026-04-30T15:23:39.955+01:00 DEBUG 2932 --- [auth-service] [beatExecutor-%d] o.s.web.client.RestTemplate              : Response 200 OK
2026-04-30T15:23:39.970+01:00 DEBUG 2932 --- [auth-service] [reshExecutor-%d] o.s.web.client.RestTemplate              : Response 200 OK
2026-04-30T15:23:39.971+01:00 DEBUG 2932 --- [auth-service] [reshExecutor-%d] o.s.web.client.RestTemplate              : Reading to [org.springframework.cloud.netflix.eureka.http.EurekaApplications]
2026-04-30T15:24:09.972+01:00 DEBUG 2932 --- [auth-service] [beatExecutor-%d] o.s.web.client.RestTemplate              : HTTP PUT http://localhost:8761/eureka/apps/AUTH-SERVICE/localhost:auth-service:8085?status=UP&lastDirtyTimestamp=1777558779729
2026-04-30T15:24:09.975+01:00 DEBUG 2932 --- [auth-service] [beatExecutor-%d] o.s.web.client.RestTemplate              : Accept=[application/json, application/yaml, application/*+json]
2026-04-30T15:24:09.987+01:00 DEBUG 2932 --- [auth-service] [reshExecutor-%d] o.s.web.client.RestTemplate              : HTTP GET http://localhost:8761/eureka/apps/delta
2026-04-30T15:24:09.988+01:00 DEBUG 2932 --- [auth-service] [reshExecutor-%d] o.s.web.client.RestTemplate              : Accept=[application/json, application/yaml, application/*+json]
2026-04-30T15:24:09.989+01:00 DEBUG 2932 --- [auth-service] [beatExecutor-%d] o.s.web.client.RestTemplate              : Response 200 OK
2026-04-30T15:24:10.004+01:00 DEBUG 2932 --- [auth-service] [reshExecutor-%d] o.s.web.client.RestTemplate              : Response 200 OK
2026-04-30T15:24:10.005+01:00 DEBUG 2932 --- [auth-service] [reshExecutor-%d] o.s.web.client.RestTemplate              : Reading to [org.springframework.cloud.netflix.eureka.http.EurekaApplications]
2026-04-30T15:24:39.492+01:00  INFO 2932 --- [auth-service] [rap-executor-%d] c.n.d.s.r.aws.ConfigClusterResolver      : Resolving eureka endpoints via configuration
2026-04-30T15:24:40.004+01:00 DEBUG 2932 --- [auth-service] [beatExecutor-%d] o.s.web.client.RestTemplate              : HTTP PUT http://localhost:8761/eureka/apps/AUTH-SERVICE/localhost:auth-service:8085?status=UP&lastDirtyTimestamp=1777558779729
2026-04-30T15:24:40.005+01:00 DEBUG 2932 --- [auth-service] [beatExecutor-%d] o.s.web.client.RestTemplate              : Accept=[application/json, application/yaml, application/*+json]
2026-04-30T15:24:40.019+01:00 DEBUG 2932 --- [auth-service] [reshExecutor-%d] o.s.web.client.RestTemplate              : HTTP GET http://localhost:8761/eureka/apps/delta
2026-04-30T15:24:40.020+01:00 DEBUG 2932 --- [auth-service] [reshExecutor-%d] o.s.web.client.RestTemplate              : Accept=[application/json, application/yaml, application/*+json]
2026-04-30T15:24:40.023+01:00 DEBUG 2932 --- [auth-service] [beatExecutor-%d] o.s.web.client.RestTemplate              : Response 200 OK
2026-04-30T15:24:40.037+01:00 DEBUG 2932 --- [auth-service] [reshExecutor-%d] o.s.web.client.RestTemplate              : Response 200 OK
2026-04-30T15:24:40.038+01:00 DEBUG 2932 --- [auth-service] [reshExecutor-%d] o.s.web.client.RestTemplate              : Reading to [org.springframework.cloud.netflix.eureka.http.EurekaApplications]
2026-04-30T15:25:10.026+01:00 DEBUG 2932 --- [auth-service] [beatExecutor-%d] o.s.web.client.RestTemplate              : HTTP PUT http://localhost:8761/eureka/apps/AUTH-SERVICE/localhost:auth-service:8085?status=UP&lastDirtyTimestamp=1777558779729
2026-04-30T15:25:10.030+01:00 DEBUG 2932 --- [auth-service] [beatExecutor-%d] o.s.web.client.RestTemplate              : Accept=[application/json, application/yaml, application/*+json]
2026-04-30T15:25:10.042+01:00 DEBUG 2932 --- [auth-service] [reshExecutor-%d] o.s.web.client.RestTemplate              : HTTP GET http://localhost:8761/eureka/apps/delta
2026-04-30T15:25:10.043+01:00 DEBUG 2932 --- [auth-service] [reshExecutor-%d] o.s.web.client.RestTemplate              : Accept=[application/json, application/yaml, application/*+json]
2026-04-30T15:25:10.045+01:00 DEBUG 2932 --- [auth-service] [beatExecutor-%d] o.s.web.client.RestTemplate              : Response 200 OK
2026-04-30T15:25:10.061+01:00 DEBUG 2932 --- [auth-service] [reshExecutor-%d] o.s.web.client.RestTemplate              : Response 200 OK
2026-04-30T15:25:10.061+01:00 DEBUG 2932 --- [auth-service] [reshExecutor-%d] o.s.web.client.RestTemplate              : Reading to [org.springframework.cloud.netflix.eureka.http.EurekaApplications]
2026-04-30T15:25:40.052+01:00 DEBUG 2932 --- [auth-service] [beatExecutor-%d] o.s.web.client.RestTemplate              : HTTP PUT http://localhost:8761/eureka/apps/AUTH-SERVICE/localhost:auth-service:8085?status=UP&lastDirtyTimestamp=1777558779729
2026-04-30T15:25:40.053+01:00 DEBUG 2932 --- [auth-service] [beatExecutor-%d] o.s.web.client.RestTemplate              : Accept=[application/json, application/yaml, application/*+json]
2026-04-30T15:25:40.070+01:00 DEBUG 2932 --- [auth-service] [reshExecutor-%d] o.s.web.client.RestTemplate              : HTTP GET http://localhost:8761/eureka/apps/delta
2026-04-30T15:25:40.071+01:00 DEBUG 2932 --- [auth-service] [reshExecutor-%d] o.s.web.client.RestTemplate              : Accept=[application/json, application/yaml, application/*+json]
2026-04-30T15:25:40.074+01:00 DEBUG 2932 --- [auth-service] [beatExecutor-%d] o.s.web.client.RestTemplate              : Response 200 OK
2026-04-30T15:25:40.089+01:00 DEBUG 2932 --- [auth-service] [reshExecutor-%d] o.s.web.client.RestTemplate              : Response 200 OK
2026-04-30T15:25:40.089+01:00 DEBUG 2932 --- [auth-service] [reshExecutor-%d] o.s.web.client.RestTemplate              : Reading to [org.springframework.cloud.netflix.eureka.http.EurekaApplications]
2026-04-30T15:26:10.080+01:00 DEBUG 2932 --- [auth-service] [beatExecutor-%d] o.s.web.client.RestTemplate              : HTTP PUT http://localhost:8761/eureka/apps/AUTH-SERVICE/localhost:auth-service:8085?status=UP&lastDirtyTimestamp=1777558779729
2026-04-30T15:26:10.084+01:00 DEBUG 2932 --- [auth-service] [beatExecutor-%d] o.s.web.client.RestTemplate              : Accept=[application/json, application/yaml, application/*+json]
2026-04-30T15:26:10.096+01:00 DEBUG 2932 --- [auth-service] [reshExecutor-%d] o.s.web.client.RestTemplate              : HTTP GET http://localhost:8761/eureka/apps/delta
2026-04-30T15:26:10.097+01:00 DEBUG 2932 --- [auth-service] [reshExecutor-%d] o.s.web.client.RestTemplate              : Accept=[application/json, application/yaml, application/*+json]
2026-04-30T15:26:10.098+01:00 DEBUG 2932 --- [auth-service] [beatExecutor-%d] o.s.web.client.RestTemplate              : Response 200 OK
2026-04-30T15:26:10.114+01:00 DEBUG 2932 --- [auth-service] [reshExecutor-%d] o.s.web.client.RestTemplate              : Response 200 OK
2026-04-30T15:26:10.114+01:00 DEBUG 2932 --- [auth-service] [reshExecutor-%d] o.s.web.client.RestTemplate              : Reading to [org.springframework.cloud.netflix.eureka.http.EurekaApplications]
2026-04-30T15:26:40.108+01:00 DEBUG 2932 --- [auth-service] [beatExecutor-%d] o.s.web.client.RestTemplate              : HTTP PUT http://localhost:8761/eureka/apps/AUTH-SERVICE/localhost:auth-service:8085?status=UP&lastDirtyTimestamp=1777558779729
2026-04-30T15:26:40.109+01:00 DEBUG 2932 --- [auth-service] [beatExecutor-%d] o.s.web.client.RestTemplate              : Accept=[application/json, application/yaml, application/*+json]
2026-04-30T15:26:40.123+01:00 DEBUG 2932 --- [auth-service] [reshExecutor-%d] o.s.web.client.RestTemplate              : HTTP GET http://localhost:8761/eureka/apps/delta
2026-04-30T15:26:40.124+01:00 DEBUG 2932 --- [auth-service] [reshExecutor-%d] o.s.web.client.RestTemplate              : Accept=[application/json, application/yaml, application/*+json]
2026-04-30T15:26:40.126+01:00 DEBUG 2932 --- [auth-service] [beatExecutor-%d] o.s.web.client.RestTemplate              : Response 200 OK
2026-04-30T15:26:40.140+01:00 DEBUG 2932 --- [auth-service] [reshExecutor-%d] o.s.web.client.RestTemplate              : Response 200 OK
2026-04-30T15:26:40.141+01:00 DEBUG 2932 --- [auth-service] [reshExecutor-%d] o.s.web.client.RestTemplate              : Reading to [org.springframework.cloud.netflix.eureka.http.EurekaApplications]
2026-04-30T15:27:10.130+01:00 DEBUG 2932 --- [auth-service] [beatExecutor-%d] o.s.web.client.RestTemplate              : HTTP PUT http://localhost:8761/eureka/apps/AUTH-SERVICE/localhost:auth-service:8085?status=UP&lastDirtyTimestamp=1777558779729
2026-04-30T15:27:10.134+01:00 DEBUG 2932 --- [auth-service] [beatExecutor-%d] o.s.web.client.RestTemplate              : Accept=[application/json, application/yaml, application/*+json]
2026-04-30T15:27:10.145+01:00 DEBUG 2932 --- [auth-service] [reshExecutor-%d] o.s.web.client.RestTemplate              : HTTP GET http://localhost:8761/eureka/apps/delta
2026-04-30T15:27:10.147+01:00 DEBUG 2932 --- [auth-service] [reshExecutor-%d] o.s.web.client.RestTemplate              : Accept=[application/json, application/yaml, application/*+json]
2026-04-30T15:27:10.149+01:00 DEBUG 2932 --- [auth-service] [beatExecutor-%d] o.s.web.client.RestTemplate              : Response 200 OK
2026-04-30T15:27:10.164+01:00 DEBUG 2932 --- [auth-service] [reshExecutor-%d] o.s.web.client.RestTemplate              : Response 200 OK
2026-04-30T15:27:10.166+01:00 DEBUG 2932 --- [auth-service] [reshExecutor-%d] o.s.web.client.RestTemplate              : Reading to [org.springframework.cloud.netflix.eureka.http.EurekaApplications]
