[INFO] Scanning for projects...
[INFO] 
[INFO] ---------------------< com.microservices:gateway >----------------------
[INFO] Building gateway-service 1.0.0
[INFO]   from pom.xml
[INFO] --------------------------------[ jar ]---------------------------------
[INFO] 
[INFO] >>> spring-boot:3.5.13:run (default-cli) > test-compile @ gateway >>>
[INFO] 
[INFO] --- resources:3.3.1:resources (default-resources) @ gateway ---
[INFO] Copying 1 resource from src\main\resources to target\classes
[INFO] Copying 0 resource from src\main\resources to target\classes
[INFO] 
[INFO] --- compiler:3.14.1:compile (default-compile) @ gateway ---
[INFO] Nothing to compile - all classes are up to date.
[INFO] 
[INFO] --- resources:3.3.1:testResources (default-testResources) @ gateway ---
[INFO] skip non existing resourceDirectory C:\Users\mouha\projet_microservice\gateway-service\src\test\resources
[INFO] 
[INFO] --- compiler:3.14.1:testCompile (default-testCompile) @ gateway ---
[INFO] Nothing to compile - all classes are up to date.
[INFO] 
[INFO] <<< spring-boot:3.5.13:run (default-cli) < test-compile @ gateway <<<
[INFO] 
[INFO] 
[INFO] --- spring-boot:3.5.13:run (default-cli) @ gateway ---
[INFO] Attaching agents: []

  .   ____          _            __ _ _
 /\\ / ___'_ __ _ _(_)_ __  __ _ \ \ \ \
( ( )\___ | '_ | '_| | '_ \/ _` | \ \ \ \
 \\/  ___)| |_)| | | | | || (_| |  ) ) ) )
  '  |____| .__|_| |_|_| |_\__, | / / / /
 =========|_|==============|___/=/_/_/_/

 :: Spring Boot ::               (v3.5.13)

2026-04-30T15:20:26.180+01:00  INFO 16572 --- [gateway-service] [           main] c.m.g.GatewayServiceApplication          : Starting GatewayServiceApplication using Java 23.0.2 with PID 16572 (C:\Users\mouha\projet_microservice\gateway-service\target\classes started by mouha in C:\Users\mouha\projet_microservice\gateway-service)
2026-04-30T15:20:26.183+01:00  INFO 16572 --- [gateway-service] [           main] c.m.g.GatewayServiceApplication          : No active profile set, falling back to 1 default profile: "default"
2026-04-30T15:20:26.184+01:00 DEBUG 16572 --- [gateway-service] [           main] o.s.boot.SpringApplication               : Loading source class com.microservices.gateway_service.GatewayServiceApplication
2026-04-30T15:20:26.240+01:00  INFO 16572 --- [gateway-service] [           main] o.s.c.c.c.ConfigServerConfigDataLoader   : Fetching config from server at : http://localhost:8888
2026-04-30T15:20:26.241+01:00  INFO 16572 --- [gateway-service] [           main] o.s.c.c.c.ConfigServerConfigDataLoader   : Located environment: name=gateway-service, profiles=[default], label=null, version=3d4c59ac665295bf9462d6c1b52b409e36603013, state=
2026-04-30T15:20:26.374+01:00 DEBUG 16572 --- [gateway-service] [           main] onfigReactiveWebServerApplicationContext : Refreshing org.springframework.boot.web.reactive.context.AnnotationConfigReactiveWebServerApplicationContext@340b7ef6
2026-04-30T15:20:27.255+01:00  INFO 16572 --- [gateway-service] [           main] o.s.cloud.context.scope.GenericScope     : BeanFactory id=ee00bf93-7991-3e43-b852-eb4265ec5bd8
2026-04-30T15:20:27.543+01:00 DEBUG 16572 --- [gateway-service] [           main] o.s.b.a.AutoConfigurationPackages        : @EnableAutoConfiguration was declared on a class in the package 'com.microservices.gateway_service'. Automatic @Repository and @Entity scanning is enabled.
2026-04-30T15:20:28.760+01:00  INFO 16572 --- [gateway-service] [           main] o.s.cloud.commons.util.InetUtils         : Cannot determine local hostname
2026-04-30T15:20:29.786+01:00  INFO 16572 --- [gateway-service] [           main] o.s.cloud.commons.util.InetUtils         : Cannot determine local hostname
2026-04-30T15:20:30.097+01:00  INFO 16572 --- [gateway-service] [           main] o.s.c.g.r.RouteDefinitionRouteLocator    : Loaded RoutePredicateFactory [After]
2026-04-30T15:20:30.098+01:00  INFO 16572 --- [gateway-service] [           main] o.s.c.g.r.RouteDefinitionRouteLocator    : Loaded RoutePredicateFactory [Before]
2026-04-30T15:20:30.098+01:00  INFO 16572 --- [gateway-service] [           main] o.s.c.g.r.RouteDefinitionRouteLocator    : Loaded RoutePredicateFactory [Between]
2026-04-30T15:20:30.098+01:00  INFO 16572 --- [gateway-service] [           main] o.s.c.g.r.RouteDefinitionRouteLocator    : Loaded RoutePredicateFactory [Cookie]
2026-04-30T15:20:30.098+01:00  INFO 16572 --- [gateway-service] [           main] o.s.c.g.r.RouteDefinitionRouteLocator    : Loaded RoutePredicateFactory [Header]
2026-04-30T15:20:30.098+01:00  INFO 16572 --- [gateway-service] [           main] o.s.c.g.r.RouteDefinitionRouteLocator    : Loaded RoutePredicateFactory [Host]
2026-04-30T15:20:30.098+01:00  INFO 16572 --- [gateway-service] [           main] o.s.c.g.r.RouteDefinitionRouteLocator    : Loaded RoutePredicateFactory [Method]
2026-04-30T15:20:30.098+01:00  INFO 16572 --- [gateway-service] [           main] o.s.c.g.r.RouteDefinitionRouteLocator    : Loaded RoutePredicateFactory [Path]
2026-04-30T15:20:30.099+01:00  INFO 16572 --- [gateway-service] [           main] o.s.c.g.r.RouteDefinitionRouteLocator    : Loaded RoutePredicateFactory [Query]
2026-04-30T15:20:30.099+01:00  INFO 16572 --- [gateway-service] [           main] o.s.c.g.r.RouteDefinitionRouteLocator    : Loaded RoutePredicateFactory [ReadBody]
2026-04-30T15:20:30.099+01:00  INFO 16572 --- [gateway-service] [           main] o.s.c.g.r.RouteDefinitionRouteLocator    : Loaded RoutePredicateFactory [RemoteAddr]
2026-04-30T15:20:30.099+01:00  INFO 16572 --- [gateway-service] [           main] o.s.c.g.r.RouteDefinitionRouteLocator    : Loaded RoutePredicateFactory [XForwardedRemoteAddr]
2026-04-30T15:20:30.099+01:00  INFO 16572 --- [gateway-service] [           main] o.s.c.g.r.RouteDefinitionRouteLocator    : Loaded RoutePredicateFactory [Weight]
2026-04-30T15:20:30.099+01:00  INFO 16572 --- [gateway-service] [           main] o.s.c.g.r.RouteDefinitionRouteLocator    : Loaded RoutePredicateFactory [CloudFoundryRouteService]
2026-04-30T15:20:30.172+01:00 DEBUG 16572 --- [gateway-service] [           main] o.s.w.r.handler.SimpleUrlHandlerMapping  : Patterns [/webjars/**, /**] in 'resourceHandlerMapping'
2026-04-30T15:20:31.236+01:00  INFO 16572 --- [gateway-service] [           main] o.s.cloud.commons.util.InetUtils         : Cannot determine local hostname
2026-04-30T15:20:31.294+01:00  INFO 16572 --- [gateway-service] [           main] o.s.b.a.e.web.EndpointLinksResolver      : Exposing 3 endpoints beneath base path '/actuator'
2026-04-30T15:20:31.311+01:00 DEBUG 16572 --- [gateway-service] [           main] .b.a.e.w.r.WebFluxEndpointHandlerMapping : 4 mappings in 'webEndpointReactiveHandlerMapping'
2026-04-30T15:20:31.325+01:00 DEBUG 16572 --- [gateway-service] [           main] a.e.w.r.ControllerEndpointHandlerMapping : 12 mappings in 'controllerEndpointHandlerMapping'
2026-04-30T15:20:31.352+01:00 DEBUG 16572 --- [gateway-service] [           main] o.s.w.r.r.m.a.ControllerMethodResolver   : ControllerAdvice beans: none
2026-04-30T15:20:31.381+01:00 DEBUG 16572 --- [gateway-service] [           main] o.s.w.s.adapter.HttpWebHandlerAdapter    : enableLoggingRequestDetails='false': form data and headers will be masked to prevent unsafe logging of potentially sensitive data
2026-04-30T15:20:31.471+01:00  INFO 16572 --- [gateway-service] [           main] DiscoveryClientOptionalArgsConfiguration : Eureka HTTP Client uses RestTemplate.
2026-04-30T15:20:31.492+01:00  WARN 16572 --- [gateway-service] [           main] iguration$LoadBalancerCaffeineWarnLogger : Spring Cloud LoadBalancer is currently working with the default cache. While this cache implementation is useful for development and tests, it's recommended to use Caffeine cache in production.You can switch to using Caffeine cache, by adding it and org.springframework.cache.caffeine.CaffeineCacheManager to the classpath.
2026-04-30T15:20:31.535+01:00  INFO 16572 --- [gateway-service] [           main] o.s.c.n.eureka.InstanceInfoFactory       : Setting initial instance status as: STARTING
2026-04-30T15:20:31.566+01:00  INFO 16572 --- [gateway-service] [           main] com.netflix.discovery.DiscoveryClient    : Initializing Eureka in region us-east-1
2026-04-30T15:20:31.570+01:00  INFO 16572 --- [gateway-service] [           main] c.n.d.s.r.aws.ConfigClusterResolver      : Resolving eureka endpoints via configuration
2026-04-30T15:20:31.577+01:00  INFO 16572 --- [gateway-service] [           main] com.netflix.discovery.DiscoveryClient    : Disable delta property : false
2026-04-30T15:20:31.578+01:00  INFO 16572 --- [gateway-service] [           main] com.netflix.discovery.DiscoveryClient    : Single vip registry refresh property : null
2026-04-30T15:20:31.578+01:00  INFO 16572 --- [gateway-service] [           main] com.netflix.discovery.DiscoveryClient    : Force full registry fetch : false
2026-04-30T15:20:31.579+01:00  INFO 16572 --- [gateway-service] [           main] com.netflix.discovery.DiscoveryClient    : Application is null : false
2026-04-30T15:20:31.579+01:00  INFO 16572 --- [gateway-service] [           main] com.netflix.discovery.DiscoveryClient    : Registered Applications size is zero : true
2026-04-30T15:20:31.579+01:00  INFO 16572 --- [gateway-service] [           main] com.netflix.discovery.DiscoveryClient    : Application version is -1: true
2026-04-30T15:20:31.579+01:00  INFO 16572 --- [gateway-service] [           main] com.netflix.discovery.DiscoveryClient    : Getting all instance registry info from the eureka server
2026-04-30T15:20:31.691+01:00 DEBUG 16572 --- [gateway-service] [           main] o.s.web.client.RestTemplate              : HTTP GET http://localhost:8761/eureka/apps/
2026-04-30T15:20:31.735+01:00 DEBUG 16572 --- [gateway-service] [           main] o.s.web.client.RestTemplate              : Accept=[application/json, application/*+json]
2026-04-30T15:20:31.769+01:00 DEBUG 16572 --- [gateway-service] [           main] o.s.web.client.RestTemplate              : Response 200 OK
2026-04-30T15:20:31.772+01:00 DEBUG 16572 --- [gateway-service] [           main] o.s.web.client.RestTemplate              : Reading to [org.springframework.cloud.netflix.eureka.http.EurekaApplications]
2026-04-30T15:20:31.788+01:00  INFO 16572 --- [gateway-service] [           main] com.netflix.discovery.DiscoveryClient    : The response status is 200
2026-04-30T15:20:31.789+01:00  INFO 16572 --- [gateway-service] [           main] com.netflix.discovery.DiscoveryClient    : Starting heartbeat executor: renew interval is: 30
2026-04-30T15:20:31.791+01:00  INFO 16572 --- [gateway-service] [           main] c.n.discovery.InstanceInfoReplicator     : InstanceInfoReplicator onDemand update allowed rate per min is 4
2026-04-30T15:20:31.791+01:00  INFO 16572 --- [gateway-service] [           main] com.netflix.discovery.DiscoveryClient    : Discovery Client initialized at timestamp 1777558831791 with initial instances count: 5
2026-04-30T15:20:31.794+01:00  INFO 16572 --- [gateway-service] [           main] o.s.c.n.e.s.EurekaServiceRegistry        : Registering application GATEWAY-SERVICE with eureka with status UP
2026-04-30T15:20:31.794+01:00  INFO 16572 --- [gateway-service] [           main] com.netflix.discovery.DiscoveryClient    : Saw local status change event StatusChangeEvent [timestamp=1777558831794, current=UP, previous=STARTING]
2026-04-30T15:20:31.796+01:00  INFO 16572 --- [gateway-service] [foReplicator-%d] com.netflix.discovery.DiscoveryClient    : DiscoveryClient_GATEWAY-SERVICE/localhost:gateway-service:8089: registering service...
2026-04-30T15:20:31.798+01:00 DEBUG 16572 --- [gateway-service] [foReplicator-%d] o.s.web.client.RestTemplate              : HTTP POST http://localhost:8761/eureka/apps/GATEWAY-SERVICE
2026-04-30T15:20:31.800+01:00 DEBUG 16572 --- [gateway-service] [foReplicator-%d] o.s.web.client.RestTemplate              : Accept=[application/json, application/*+json]
2026-04-30T15:20:31.819+01:00 DEBUG 16572 --- [gateway-service] [foReplicator-%d] o.s.web.client.RestTemplate              : Writing [InstanceInfo [instanceId = localhost:gateway-service:8089, appName = GATEWAY-SERVICE, hostName = 192.168.56.1, status = UP, ipAddr = 192.168.56.1, port = 8089, securePort = 443, dataCenterInfo = com.netflix.appinfo.MyDataCenterInfo@56ab4656] as "application/json"
2026-04-30T15:20:31.841+01:00 DEBUG 16572 --- [gateway-service] [foReplicator-%d] o.s.web.client.RestTemplate              : Response 204 NO_CONTENT
2026-04-30T15:20:31.841+01:00  INFO 16572 --- [gateway-service] [foReplicator-%d] com.netflix.discovery.DiscoveryClient    : DiscoveryClient_GATEWAY-SERVICE/localhost:gateway-service:8089 - registration status: 204
2026-04-30T15:20:31.983+01:00  INFO 16572 --- [gateway-service] [           main] o.s.b.web.embedded.netty.NettyWebServer  : Netty started on port 8089 (http)
2026-04-30T15:20:31.985+01:00  INFO 16572 --- [gateway-service] [           main] .s.c.n.e.s.EurekaAutoServiceRegistration : Updating port to 8089
2026-04-30T15:20:32.993+01:00  INFO 16572 --- [gateway-service] [           main] o.s.cloud.commons.util.InetUtils         : Cannot determine local hostname
2026-04-30T15:20:34.004+01:00  INFO 16572 --- [gateway-service] [           main] o.s.cloud.commons.util.InetUtils         : Cannot determine local hostname
2026-04-30T15:20:34.023+01:00 DEBUG 16572 --- [gateway-service] [           main] .s.b.a.l.ConditionEvaluationReportLogger : 


============================
CONDITIONS EVALUATION REPORT
============================


Positive matches:
-----------------

   AopAutoConfiguration matched:
      - @ConditionalOnBooleanProperty (spring.aop.auto=true) matched (OnPropertyCondition)

   AopAutoConfiguration.ClassProxyingConfiguration matched:
      - @ConditionalOnMissingClass did not find unwanted class 'org.aspectj.weaver.Advice' (OnClassCondition)
      - @ConditionalOnBooleanProperty (spring.aop.proxy-target-class=true) matched (OnPropertyCondition)

   ApplicationAvailabilityAutoConfiguration#applicationAvailability matched:
      - @ConditionalOnMissingBean (types: org.springframework.boot.availability.ApplicationAvailability; SearchStrategy: all) did not find any beans (OnBeanCondition)

   AutoServiceRegistrationAutoConfiguration matched:
      - @ConditionalOnProperty (spring.cloud.service-registry.auto-registration.enabled) matched (OnPropertyCondition)

   AutoServiceRegistrationConfiguration matched:
      - @ConditionalOnProperty (spring.cloud.service-registry.auto-registration.enabled) matched (OnPropertyCondition)

   BlockingLoadBalancerClientAutoConfiguration matched:
      - @ConditionalOnProperty (spring.cloud.loadbalancer.enabled=true) matched (OnPropertyCondition)
      - AnyNestedCondition 2 matched 0 did not; NestedCondition on BlockingRestClassesPresentCondition.RestClientPresent @ConditionalOnClass found required class 'org.springframework.web.client.RestClient'; NestedCondition on BlockingRestClassesPresentCondition.RestTemplatePresent @ConditionalOnClass found required class 'org.springframework.web.client.RestTemplate' (BlockingRestClassesPresentCondition)

   BlockingLoadBalancerClientAutoConfiguration#blockingLoadBalancerClient matched:
      - @ConditionalOnBean (types: org.springframework.cloud.loadbalancer.support.LoadBalancerClientFactory; SearchStrategy: all) found bean 'loadBalancerClientFactory'; @ConditionalOnMissingBean (types: org.springframework.cloud.client.loadbalancer.LoadBalancerClient; SearchStrategy: all) did not find any beans (OnBeanCondition)

   BlockingLoadBalancerClientAutoConfiguration#loadBalancerServiceInstanceCookieTransformer matched:
      - @ConditionalOnBean (types: org.springframework.cloud.loadbalancer.support.LoadBalancerClientFactory; SearchStrategy: all) found bean 'loadBalancerClientFactory'; @ConditionalOnMissingBean (types: org.springframework.cloud.loadbalancer.core.LoadBalancerServiceInstanceCookieTransformer; SearchStrategy: all) did not find any beans (OnBeanCondition)

   BlockingLoadBalancerClientAutoConfiguration#xForwarderHeadersTransformer matched:
      - @ConditionalOnBean (types: org.springframework.cloud.loadbalancer.support.LoadBalancerClientFactory; SearchStrategy: all) found bean 'loadBalancerClientFactory'; @ConditionalOnMissingBean (types: org.springframework.cloud.loadbalancer.blocking.XForwardedHeadersTransformer; SearchStrategy: all) did not find any beans (OnBeanCondition)

   CacheMeterBinderProvidersConfiguration matched:
      - @ConditionalOnClass found required class 'io.micrometer.core.instrument.binder.MeterBinder' (OnClassCondition)

   org.springframework.boot.autoconfigure.http.client.reactive.ClientHttpConnectorAutoConfiguration matched:
      - @ConditionalOnClass found required classes 'org.springframework.http.client.reactive.ClientHttpConnector', 'reactor.core.publisher.Mono' (OnClassCondition)
      - Detected ClientHttpConnectorBuilder (ConditionalOnClientHttpConnectorBuilderDetection)

   org.springframework.boot.autoconfigure.web.reactive.function.client.ClientHttpConnectorAutoConfiguration matched:
      - @ConditionalOnClass found required class 'org.springframework.web.reactive.function.client.WebClient' (OnClassCondition)

   ClientHttpConnectorAutoConfiguration#clientHttpConnector matched:
      - @ConditionalOnMissingBean (types: org.springframework.http.client.reactive.ClientHttpConnector; SearchStrategy: all) did not find any beans (OnBeanCondition)

   ClientHttpConnectorAutoConfiguration#clientHttpConnectorBuilder matched:
      - @ConditionalOnMissingBean (types: org.springframework.boot.http.client.reactive.ClientHttpConnectorBuilder<?>; SearchStrategy: all) did not find any beans (OnBeanCondition)

   ClientHttpConnectorAutoConfiguration#clientHttpConnectorSettings matched:
      - @ConditionalOnMissingBean (types: org.springframework.boot.http.client.reactive.ClientHttpConnectorSettings; SearchStrategy: all) did not find any beans (OnBeanCondition)

   org.springframework.boot.autoconfigure.http.client.reactive.ClientHttpConnectorAutoConfiguration$ReactorNetty matched:
      - @ConditionalOnClass found required class 'reactor.netty.http.client.HttpClient' (OnClassCondition)

   org.springframework.boot.autoconfigure.web.reactive.function.client.ClientHttpConnectorAutoConfiguration$ReactorNetty matched:
      - @ConditionalOnClass found required class 'reactor.netty.http.client.HttpClient' (OnClassCondition)

   CodecsAutoConfiguration matched:
      - @ConditionalOnClass found required classes 'org.springframework.http.codec.CodecConfigurer', 'org.springframework.web.reactive.function.client.WebClient' (OnClassCondition)

   CodecsAutoConfiguration.JacksonCodecConfiguration matched:
      - @ConditionalOnClass found required class 'com.fasterxml.jackson.databind.ObjectMapper' (OnClassCondition)

   CodecsAutoConfiguration.JacksonCodecConfiguration#jacksonCodecCustomizer matched:
      - @ConditionalOnBean (types: com.fasterxml.jackson.databind.ObjectMapper; SearchStrategy: all) found bean 'jacksonObjectMapper' (OnBeanCondition)

   CommonsClientAutoConfiguration.ActuatorConfiguration matched:
      - @ConditionalOnClass found required class 'org.springframework.boot.actuate.endpoint.annotation.Endpoint' (OnClassCondition)
      - @ConditionalOnProperty (spring.cloud.features.enabled) matched (OnPropertyCondition)

   CommonsClientAutoConfiguration.DiscoveryLoadBalancerConfiguration matched:
      - @ConditionalOnClass found required class 'org.springframework.boot.actuate.health.HealthIndicator' (OnClassCondition)
      - @ConditionalOnProperty (spring.cloud.discovery.enabled) matched; @ConditionalOnProperty (spring.cloud.discovery.blocking.enabled) matched (OnPropertyCondition)
      - @ConditionalOnBean (types: org.springframework.cloud.client.discovery.DiscoveryClient; SearchStrategy: all) found beans 'discoveryClient', 'simpleDiscoveryClient', 'compositeDiscoveryClient' (OnBeanCondition)

   CommonsClientAutoConfiguration.DiscoveryLoadBalancerConfiguration#discoveryClientHealthIndicator matched:
      - @ConditionalOnProperty (spring.cloud.discovery.client.health-indicator.enabled) matched (OnPropertyCondition)

   CommonsClientAutoConfiguration.DiscoveryLoadBalancerConfiguration#discoveryCompositeHealthContributor matched:
      - @ConditionalOnProperty (spring.cloud.discovery.client.composite-indicator.enabled) matched (OnPropertyCondition)
      - @ConditionalOnBean (types: org.springframework.cloud.client.discovery.health.DiscoveryHealthIndicator; SearchStrategy: all) found beans 'eurekaHealthIndicator', 'discoveryClientHealthIndicator' (OnBeanCondition)

   CompatibilityVerifierAutoConfiguration matched:
      - @ConditionalOnProperty (spring.cloud.compatibility-verifier.enabled) matched (OnPropertyCondition)

   CompositeMeterRegistryAutoConfiguration matched:
      - @ConditionalOnClass found required class 'io.micrometer.core.instrument.composite.CompositeMeterRegistry' (OnClassCondition)

   ConfigClientAutoConfiguration.ConfigServerHealthIndicatorConfiguration matched:
      - @ConditionalOnClass found required class 'org.springframework.boot.actuate.health.HealthIndicator' (OnClassCondition)
      - @ConditionalOnEnabledHealthIndicator management.health.defaults.enabled is considered true (OnEnabledHealthIndicatorCondition)

   ConfigurationPropertiesRebinderAutoConfiguration matched:
      - @ConditionalOnBean (types: org.springframework.boot.context.properties.ConfigurationPropertiesBindingPostProcessor; SearchStrategy: all) found bean 'org.springframework.boot.context.properties.ConfigurationPropertiesBindingPostProcessor' (OnBeanCondition)

   ConfigurationPropertiesRebinderAutoConfiguration#configurationPropertiesBeans matched:
      - @ConditionalOnMissingBean (types: org.springframework.cloud.context.properties.ConfigurationPropertiesBeans; SearchStrategy: current) did not find any beans (OnBeanCondition)

   ConfigurationPropertiesRebinderAutoConfiguration#configurationPropertiesRebinder matched:
      - @ConditionalOnMissingBean (types: org.springframework.cloud.context.properties.ConfigurationPropertiesRebinder; SearchStrategy: current) did not find any beans (OnBeanCondition)

   DiscoveryClientOptionalArgsConfiguration.RestTemplateConfiguration matched:
      - AllNestedConditions 4 matched 0 did not; NestedCondition on DiscoveryClientOptionalArgsConfiguration.OnRestTemplatePresentAndEnabledCondition.OnRestClientDisabled @ConditionalOnProperty (eureka.client.restclient.enabled=false) matched; NestedCondition on DiscoveryClientOptionalArgsConfiguration.OnRestTemplatePresentAndEnabledCondition.OnWebClientDisabled @ConditionalOnProperty (eureka.client.webclient.enabled=false) matched; NestedCondition on DiscoveryClientOptionalArgsConfiguration.OnRestTemplatePresentAndEnabledCondition.OnJerseyClientNotPresentOrNotEnabled AnyNestedCondition 1 matched 1 did not; NestedCondition on DiscoveryClientOptionalArgsConfiguration.OnJerseyClientNotPresentOrNotEnabledCondition.OnJerseyClientDisabled @ConditionalOnProperty (eureka.client.jersey.enabled=false) did not find property 'eureka.client.jersey.enabled'; NestedCondition on DiscoveryClientOptionalArgsConfiguration.OnJerseyClientNotPresentOrNotEnabledCondition.OnJerseyClientMissing @ConditionalOnMissingClass did not find unwanted class 'org.glassfish.jersey.client.JerseyClient'; NestedCondition on DiscoveryClientOptionalArgsConfiguration.OnRestTemplatePresentAndEnabledCondition.OnRestTemplatePresent @ConditionalOnClass found required class 'org.springframework.web.client.RestTemplate' (DiscoveryClientOptionalArgsConfiguration.OnRestTemplatePresentAndEnabledCondition)

   DiscoveryClientOptionalArgsConfiguration.RestTemplateConfiguration#defaultEurekaClientHttpRequestFactorySupplier matched:
      - @ConditionalOnMissingBean (types: org.springframework.cloud.netflix.eureka.http.EurekaClientHttpRequestFactorySupplier; SearchStrategy: all) did not find any beans (OnBeanCondition)

   DiscoveryClientOptionalArgsConfiguration.RestTemplateConfiguration#restTemplateDiscoveryClientOptionalArgs matched:
      - @ConditionalOnMissingBean (types: com.netflix.discovery.AbstractDiscoveryClientOptionalArgs; SearchStrategy: current) did not find any beans (OnBeanCondition)

   DiscoveryClientOptionalArgsConfiguration.RestTemplateConfiguration#restTemplateTransportClientFactories matched:
      - @ConditionalOnMissingBean (types: com.netflix.discovery.shared.transport.jersey.TransportClientFactories; SearchStrategy: current) did not find any beans (OnBeanCondition)

   DiskSpaceHealthContributorAutoConfiguration matched:
      - @ConditionalOnEnabledHealthIndicator management.health.defaults.enabled is considered true (OnEnabledHealthIndicatorCondition)

   DiskSpaceHealthContributorAutoConfiguration#diskSpaceHealthIndicator matched:
      - @ConditionalOnMissingBean (names: diskSpaceHealthIndicator; SearchStrategy: all) did not find any beans (OnBeanCondition)

   EmbeddedWebServerFactoryCustomizerAutoConfiguration matched:
      - @ConditionalOnWebApplication (required) found ConfigurableReactiveWebEnvironment (OnWebApplicationCondition)
      - @ConditionalOnWarDeployment the application is not deployed as a WAR file. (OnWarDeploymentCondition)

   EmbeddedWebServerFactoryCustomizerAutoConfiguration.NettyWebServerFactoryCustomizerConfiguration matched:
      - @ConditionalOnClass found required class 'reactor.netty.http.server.HttpServer' (OnClassCondition)

   EndpointAutoConfiguration#endpointCachingOperationInvokerAdvisor matched:
      - @ConditionalOnMissingBean (types: org.springframework.boot.actuate.endpoint.invoker.cache.CachingOperationInvokerAdvisor; SearchStrategy: all) did not find any beans (OnBeanCondition)

   EndpointAutoConfiguration#endpointOperationParameterMapper matched:
      - @ConditionalOnMissingBean (types: org.springframework.boot.actuate.endpoint.invoke.ParameterValueMapper; SearchStrategy: all) did not find any beans (OnBeanCondition)

   EndpointAutoConfiguration#propertiesEndpointAccessResolver matched:
      - @ConditionalOnMissingBean (types: org.springframework.boot.actuate.endpoint.EndpointAccessResolver; SearchStrategy: all) did not find any beans (OnBeanCondition)

   ErrorWebFluxAutoConfiguration matched:
      - @ConditionalOnClass found required class 'org.springframework.web.reactive.config.WebFluxConfigurer' (OnClassCondition)
      - found ConfigurableReactiveWebEnvironment (OnWebApplicationCondition)

   ErrorWebFluxAutoConfiguration#errorAttributes matched:
      - @ConditionalOnMissingBean (types: org.springframework.boot.web.reactive.error.ErrorAttributes; SearchStrategy: current) did not find any beans (OnBeanCondition)

   ErrorWebFluxAutoConfiguration#errorWebExceptionHandler matched:
      - @ConditionalOnMissingBean (types: org.springframework.boot.web.reactive.error.ErrorWebExceptionHandler; SearchStrategy: current) did not find any beans (OnBeanCondition)

   EurekaClientAutoConfiguration matched:
      - @ConditionalOnClass found required class 'com.netflix.discovery.EurekaClientConfig' (OnClassCondition)
      - @ConditionalOnProperty (eureka.client.enabled) matched; @ConditionalOnProperty (spring.cloud.discovery.enabled) matched (OnPropertyCondition)

   EurekaClientAutoConfiguration#eurekaAutoServiceRegistration matched:
      - @ConditionalOnProperty (spring.cloud.service-registry.auto-registration.enabled) matched (OnPropertyCondition)
      - @ConditionalOnBean (types: org.springframework.cloud.client.serviceregistry.AutoServiceRegistrationProperties; SearchStrategy: all) found bean 'spring.cloud.service-registry.auto-registration-org.springframework.cloud.client.serviceregistry.AutoServiceRegistrationProperties' (OnBeanCondition)

   EurekaClientAutoConfiguration#eurekaClientConfigBean matched:
      - @ConditionalOnMissingBean (types: com.netflix.discovery.EurekaClientConfig; SearchStrategy: current) did not find any beans (OnBeanCondition)

   EurekaClientAutoConfiguration#eurekaInstanceConfigBean matched:
      - @ConditionalOnMissingBean (types: com.netflix.appinfo.EurekaInstanceConfig; SearchStrategy: current) did not find any beans (OnBeanCondition)

   EurekaClientAutoConfiguration#serviceManagementMetadataProvider matched:
      - @ConditionalOnMissingBean (types: org.springframework.cloud.netflix.eureka.metadata.ManagementMetadataProvider; SearchStrategy: all) did not find any beans (OnBeanCondition)

   EurekaClientAutoConfiguration.EurekaHealthIndicatorConfiguration matched:
      - @ConditionalOnClass found required class 'org.springframework.boot.actuate.health.Health' (OnClassCondition)

   EurekaClientAutoConfiguration.EurekaHealthIndicatorConfiguration#eurekaHealthIndicator matched:
      - @ConditionalOnMissingBean (types: org.springframework.cloud.netflix.eureka.EurekaHealthIndicator; SearchStrategy: all) did not find any beans (OnBeanCondition)
      - @ConditionalOnEnabledHealthIndicator management.health.defaults.enabled is considered true (OnEnabledHealthIndicatorCondition)

   EurekaClientAutoConfiguration.RefreshableEurekaClientConfiguration matched:
      - @ConditionalOnClass found required class 'org.springframework.cloud.context.scope.refresh.RefreshScope' (OnClassCondition)
      - @ConditionalOnProperty (eureka.client.refresh.enable=true) matched (OnPropertyCondition)
      - @ConditionalOnBean (types: org.springframework.cloud.autoconfigure.RefreshAutoConfiguration; SearchStrategy: all) found bean 'org.springframework.cloud.autoconfigure.RefreshAutoConfiguration' (OnBeanCondition)

   EurekaClientAutoConfiguration.RefreshableEurekaClientConfiguration#eurekaApplicationInfoManager matched:
      - @ConditionalOnMissingBean (types: com.netflix.appinfo.ApplicationInfoManager; SearchStrategy: current) did not find any beans (OnBeanCondition)

   EurekaClientAutoConfiguration.RefreshableEurekaClientConfiguration#eurekaClient matched:
      - @ConditionalOnMissingBean (types: com.netflix.discovery.EurekaClient; SearchStrategy: current) did not find any beans (OnBeanCondition)

   EurekaClientAutoConfiguration.RefreshableEurekaClientConfiguration#eurekaRegistration matched:
      - @ConditionalOnProperty (spring.cloud.service-registry.auto-registration.enabled) matched (OnPropertyCondition)
      - @ConditionalOnBean (types: org.springframework.cloud.client.serviceregistry.AutoServiceRegistrationProperties; SearchStrategy: all) found bean 'spring.cloud.service-registry.auto-registration-org.springframework.cloud.client.serviceregistry.AutoServiceRegistrationProperties' (OnBeanCondition)

   EurekaDiscoveryClientConfiguration matched:
      - @ConditionalOnClass found required class 'com.netflix.discovery.EurekaClientConfig' (OnClassCondition)
      - @ConditionalOnProperty (eureka.client.enabled) matched; @ConditionalOnProperty (spring.cloud.discovery.enabled) matched; @ConditionalOnProperty (spring.cloud.discovery.blocking.enabled) matched (OnPropertyCondition)

   EurekaDiscoveryClientConfiguration#discoveryClient matched:
      - @ConditionalOnMissingBean (types: org.springframework.cloud.netflix.eureka.EurekaDiscoveryClient; SearchStrategy: all) did not find any beans (OnBeanCondition)

   EurekaDiscoveryClientConfiguration.EurekaClientConfigurationRefresher matched:
      - @ConditionalOnClass found required class 'org.springframework.cloud.context.scope.refresh.RefreshScopeRefreshedEvent' (OnClassCondition)

   EurekaReactiveDiscoveryClientConfiguration matched:
      - @ConditionalOnClass found required classes 'com.netflix.discovery.EurekaClientConfig', 'org.springframework.web.reactive.function.client.WebClient' (OnClassCondition)
      - @ConditionalOnProperty (eureka.client.enabled) matched; @ConditionalOnProperty (spring.cloud.discovery.enabled) matched; @ConditionalOnProperty (spring.cloud.discovery.reactive.enabled) matched (OnPropertyCondition)

   EurekaReactiveDiscoveryClientConfiguration#eurekaReactiveDiscoveryClient matched:
      - @ConditionalOnMissingBean (types: org.springframework.cloud.netflix.eureka.reactive.EurekaReactiveDiscoveryClient; SearchStrategy: all) did not find any beans (OnBeanCondition)

   EurekaReactiveDiscoveryClientConfiguration#eurekaReactiveDiscoveryClientHealthIndicator matched:
      - @ConditionalOnClass found required class 'org.springframework.boot.actuate.health.ReactiveHealthIndicator' (OnClassCondition)
      - @ConditionalOnProperty (spring.cloud.discovery.client.health-indicator.enabled) matched (OnPropertyCondition)

   GatewayAutoConfiguration matched:
      - @ConditionalOnClass found required class 'org.springframework.web.reactive.DispatcherHandler' (OnClassCondition)
      - @ConditionalOnProperty (spring.cloud.gateway.server.webflux.enabled) matched (OnPropertyCondition)

   GatewayAutoConfiguration#adaptCachedBodyGlobalFilter matched:
      - matched (OnEnabledGlobalFilter)

   GatewayAutoConfiguration#addRequestHeaderGatewayFilterFactory matched:
      - matched (OnEnabledFilter)

   GatewayAutoConfiguration#addRequestHeadersIfNotPresentGatewayFilterFactory matched:
      - matched (OnEnabledFilter)

   GatewayAutoConfiguration#addRequestParameterGatewayFilterFactory matched:
      - matched (OnEnabledFilter)

   GatewayAutoConfiguration#addResponseHeaderGatewayFilterFactory matched:
      - matched (OnEnabledFilter)

   GatewayAutoConfiguration#afterRoutePredicateFactory matched:
      - matched (OnEnabledPredicate)

   GatewayAutoConfiguration#beforeRoutePredicateFactory matched:
      - matched (OnEnabledPredicate)

   GatewayAutoConfiguration#betweenRoutePredicateFactory matched:
      - matched (OnEnabledPredicate)

   GatewayAutoConfiguration#cacheRequestBodyGatewayFilterFactory matched:
      - matched (OnEnabledFilter)

   GatewayAutoConfiguration#cachedCompositeRouteLocator matched:
      - @ConditionalOnMissingBean (names: cachedCompositeRouteLocator; SearchStrategy: all) did not find any beans (OnBeanCondition)

   GatewayAutoConfiguration#cloudFoundryRouteServiceRoutePredicateFactory matched:
      - matched (OnEnabledPredicate)

   GatewayAutoConfiguration#cookieRoutePredicateFactory matched:
      - matched (OnEnabledPredicate)

   GatewayAutoConfiguration#corsGatewayFilterApplicationListener matched:
      - @ConditionalOnProperty (spring.cloud.gateway.server.webflux.globalcors.enabled) matched (OnPropertyCondition)

   GatewayAutoConfiguration#dedupeResponseHeaderGatewayFilterFactory matched:
      - matched (OnEnabledFilter)

   GatewayAutoConfiguration#filteringWebHandler matched:
      - @ConditionalOnMissingBean (types: org.springframework.cloud.gateway.handler.FilteringWebHandler; SearchStrategy: all) did not find any beans (OnBeanCondition)

   GatewayAutoConfiguration#forwardPathFilter matched:
      - matched (OnEnabledGlobalFilter)

   GatewayAutoConfiguration#forwardRoutingFilter matched:
      - matched (OnEnabledGlobalFilter)

   GatewayAutoConfiguration#gRPCRequestHeadersFilter matched:
      - @ConditionalOnProperty (server.http2.enabled) matched (OnPropertyCondition)

   GatewayAutoConfiguration#gRPCResponseHeadersFilter matched:
      - @ConditionalOnProperty (server.http2.enabled) matched (OnPropertyCondition)

   GatewayAutoConfiguration#headerRoutePredicateFactory matched:
      - matched (OnEnabledPredicate)

   GatewayAutoConfiguration#hostRoutePredicateFactory matched:
      - matched (OnEnabledPredicate)

   GatewayAutoConfiguration#inMemoryRouteDefinitionRepository matched:
      - @ConditionalOnMissingBean (types: org.springframework.cloud.gateway.route.RouteDefinitionRepository; SearchStrategy: all) did not find any beans (OnBeanCondition)

   GatewayAutoConfiguration#mapRequestHeaderGatewayFilterFactory matched:
      - matched (OnEnabledFilter)

   GatewayAutoConfiguration#methodRoutePredicateFactory matched:
      - matched (OnEnabledPredicate)

   GatewayAutoConfiguration#modifyRequestBodyGatewayFilterFactory matched:
      - matched (OnEnabledFilter)

   GatewayAutoConfiguration#modifyResponseBodyGatewayFilterFactory matched:
      - matched (OnEnabledFilter)

   GatewayAutoConfiguration#pathRoutePredicateFactory matched:
      - matched (OnEnabledPredicate)

   GatewayAutoConfiguration#prefixPathGatewayFilterFactory matched:
      - matched (OnEnabledFilter)

   GatewayAutoConfiguration#preserveHostHeaderGatewayFilterFactory matched:
      - matched (OnEnabledFilter)

   GatewayAutoConfiguration#propertiesRouteDefinitionLocator matched:
      - @ConditionalOnMissingBean (types: org.springframework.cloud.gateway.config.PropertiesRouteDefinitionLocator; SearchStrategy: all) did not find any beans (OnBeanCondition)

   GatewayAutoConfiguration#queryRoutePredicateFactory matched:
      - matched (OnEnabledPredicate)

   GatewayAutoConfiguration#readBodyPredicateFactory matched:
      - matched (OnEnabledPredicate)

   GatewayAutoConfiguration#redirectToGatewayFilterFactory matched:
      - matched (OnEnabledFilter)

   GatewayAutoConfiguration#remoteAddrRoutePredicateFactory matched:
      - matched (OnEnabledPredicate)

   GatewayAutoConfiguration#removeCachedBodyFilter matched:
      - matched (OnEnabledGlobalFilter)

   GatewayAutoConfiguration#removeJsonAttributesResponseBodyGatewayFilterFactory matched:
      - matched (OnEnabledFilter)

   GatewayAutoConfiguration#removeRequestHeaderGatewayFilterFactory matched:
      - matched (OnEnabledFilter)

   GatewayAutoConfiguration#removeRequestParameterGatewayFilterFactory matched:
      - matched (OnEnabledFilter)

   GatewayAutoConfiguration#removeResponseHeaderGatewayFilterFactory matched:
      - matched (OnEnabledFilter)

   GatewayAutoConfiguration#requestHeaderSizeGatewayFilterFactory matched:
      - matched (OnEnabledFilter)

   GatewayAutoConfiguration#requestHeaderToRequestUriGatewayFilterFactory matched:
      - matched (OnEnabledFilter)

   GatewayAutoConfiguration#requestSizeGatewayFilterFactory matched:
      - matched (OnEnabledFilter)

   GatewayAutoConfiguration#retryGatewayFilterFactory matched:
      - matched (OnEnabledFilter)

   GatewayAutoConfiguration#rewriteLocationResponseHeaderGatewayFilterFactory matched:
      - matched (OnEnabledFilter)

   GatewayAutoConfiguration#rewritePathGatewayFilterFactory matched:
      - matched (OnEnabledFilter)

   GatewayAutoConfiguration#rewriteRequestParameterGatewayFilterFactory matched:
      - matched (OnEnabledFilter)

   GatewayAutoConfiguration#rewriteResponseHeaderGatewayFilterFactory matched:
      - matched (OnEnabledFilter)

   GatewayAutoConfiguration#routePredicateHandlerMapping matched:
      - @ConditionalOnMissingBean (types: org.springframework.cloud.gateway.handler.RoutePredicateHandlerMapping; SearchStrategy: all) did not find any beans (OnBeanCondition)

   GatewayAutoConfiguration#routeRefreshListener matched:
      - @ConditionalOnClass found required class 'org.springframework.cloud.client.discovery.event.HeartbeatMonitor' (OnClassCondition)
      - @ConditionalOnProperty (spring.cloud.gateway.server.webflux.route-refresh-listener.enabled) matched (OnPropertyCondition)

   GatewayAutoConfiguration#routeToRequestUrlFilter matched:
      - matched (OnEnabledGlobalFilter)

   GatewayAutoConfiguration#saveSessionGatewayFilterFactory matched:
      - matched (OnEnabledFilter)

   GatewayAutoConfiguration#secureHeadersGatewayFilterFactory matched:
      - matched (OnEnabledFilter)

   GatewayAutoConfiguration#setPathGatewayFilterFactory matched:
      - matched (OnEnabledFilter)

   GatewayAutoConfiguration#setRequestHeaderGatewayFilterFactory matched:
      - matched (OnEnabledFilter)

   GatewayAutoConfiguration#setRequestHostHeaderGatewayFilterFactory matched:
      - matched (OnEnabledFilter)

   GatewayAutoConfiguration#setRequestUriGatewayFilterFactory matched:
      - matched (OnEnabledFilter)

   GatewayAutoConfiguration#setResponseHeaderGatewayFilterFactory matched:
      - matched (OnEnabledFilter)

   GatewayAutoConfiguration#setStatusGatewayFilterFactory matched:
      - matched (OnEnabledFilter)

   GatewayAutoConfiguration#stripPrefixGatewayFilterFactory matched:
      - matched (OnEnabledFilter)

   GatewayAutoConfiguration#webSocketService matched:
      - matched (OnEnabledGlobalFilter)

   GatewayAutoConfiguration#websocketRoutingFilter matched:
      - matched (OnEnabledGlobalFilter)

   GatewayAutoConfiguration#weightCalculatorWebFilter matched:
      - matched (OnEnabledPredicate)

   GatewayAutoConfiguration#weightRoutePredicateFactory matched:
      - matched (OnEnabledPredicate)

   GatewayAutoConfiguration#xForwardedRemoteAddrRoutePredicateFactory matched:
      - matched (OnEnabledPredicate)

   GatewayAutoConfiguration.GatewayActuatorConfiguration matched:
      - @ConditionalOnClass found required class 'org.springframework.boot.actuate.health.Health' (OnClassCondition)

   GatewayAutoConfiguration.GatewayActuatorConfiguration#gatewayControllerEndpoint matched:
      - @ConditionalOnProperty (spring.cloud.gateway.server.webflux.actuator.verbose.enabled) matched (OnPropertyCondition)
      - @ConditionalOnAvailableEndpoint marked as exposed by a 'management.endpoints.web.exposure' property (OnAvailableEndpointCondition)

   GatewayAutoConfiguration.NettyConfiguration matched:
      - @ConditionalOnClass found required class 'reactor.netty.http.client.HttpClient' (OnClassCondition)

   GatewayAutoConfiguration.NettyConfiguration#gatewayHttpClientFactory matched:
      - @ConditionalOnMissingBean (types: reactor.netty.http.client.HttpClient,org.springframework.cloud.gateway.config.HttpClientFactory; SearchStrategy: all) did not find any beans (OnBeanCondition)

   GatewayAutoConfiguration.NettyConfiguration#nettyWriteResponseFilter matched:
      - matched (OnEnabledGlobalFilter)

   GatewayAutoConfiguration.NettyConfiguration#reactorNettyRequestUpgradeStrategy matched:
      - matched (OnEnabledGlobalFilter)

   GatewayAutoConfiguration.NettyConfiguration#reactorNettyWebSocketClient matched:
      - matched (OnEnabledGlobalFilter)

   GatewayAutoConfiguration.NettyConfiguration#routingFilter matched:
      - matched (OnEnabledGlobalFilter)

   GatewayClassPathWarningAutoConfiguration matched:
      - @ConditionalOnProperty (spring.cloud.gateway.server.webflux.enabled) matched (OnPropertyCondition)

   GatewayDiscoveryClientAutoConfiguration matched:
      - @ConditionalOnClass found required classes 'org.springframework.web.reactive.DispatcherHandler', 'org.springframework.cloud.client.discovery.composite.CompositeDiscoveryClientAutoConfiguration' (OnClassCondition)
      - @ConditionalOnProperty (spring.cloud.gateway.server.webflux.enabled) matched (OnPropertyCondition)

   GatewayDiscoveryClientAutoConfiguration.ReactiveDiscoveryClientRouteDefinitionLocatorConfiguration matched:
      - @ConditionalOnProperty (spring.cloud.discovery.reactive.enabled) matched (OnPropertyCondition)

   GatewayDiscoveryClientAutoConfiguration.ReactiveDiscoveryClientRouteDefinitionLocatorConfiguration#discoveryClientRouteDefinitionLocator matched:
      - @ConditionalOnProperty (spring.cloud.gateway.server.webflux.discovery.locator.enabled) matched (OnPropertyCondition)

   GatewayMetricsAutoConfiguration matched:
      - @ConditionalOnClass found required classes 'org.springframework.web.reactive.DispatcherHandler', 'io.micrometer.core.instrument.MeterRegistry', 'org.springframework.boot.actuate.autoconfigure.metrics.MetricsAutoConfiguration' (OnClassCondition)
      - @ConditionalOnProperty (spring.cloud.gateway.server.webflux.enabled) matched (OnPropertyCondition)

   GatewayMetricsAutoConfiguration#gatewayMetricFilter matched:
      - @ConditionalOnProperty (spring.cloud.gateway.server.webflux.metrics.enabled) matched (OnPropertyCondition)
      - @ConditionalOnBean (types: io.micrometer.core.instrument.MeterRegistry; SearchStrategy: all) found bean 'simpleMeterRegistry' (OnBeanCondition)

   GatewayMetricsAutoConfiguration#routeDefinitionMetrics matched:
      - @ConditionalOnProperty (spring.cloud.gateway.server.webflux.metrics.enabled) matched (OnPropertyCondition)
      - @ConditionalOnBean (types: io.micrometer.core.instrument.MeterRegistry; SearchStrategy: all) found bean 'simpleMeterRegistry' (OnBeanCondition)

   GatewayMetricsAutoConfiguration.ObservabilityConfiguration matched:
      - @ConditionalOnProperty (spring.cloud.gateway.server.webflux.observability.enabled) matched (OnPropertyCondition)
      - @ConditionalOnBean (types: io.micrometer.observation.ObservationRegistry; SearchStrategy: all) found bean 'observationRegistry' (OnBeanCondition)

   GatewayMetricsAutoConfiguration.ObservabilityConfiguration#observedRequestHttpHeadersFilter matched:
      - @ConditionalOnMissingBean (types: org.springframework.cloud.gateway.filter.headers.observation.ObservedRequestHttpHeadersFilter; SearchStrategy: all) did not find any beans (OnBeanCondition)

   GatewayMetricsAutoConfiguration.ObservabilityConfiguration#observedResponseHttpHeadersFilter matched:
      - @ConditionalOnMissingBean (types: org.springframework.cloud.gateway.filter.headers.observation.ObservedResponseHttpHeadersFilter; SearchStrategy: all) did not find any beans (OnBeanCondition)

   GatewayReactiveLoadBalancerClientAutoConfiguration matched:
      - @ConditionalOnClass found required classes 'org.springframework.cloud.client.loadbalancer.reactive.ReactiveLoadBalancer', 'org.springframework.cloud.loadbalancer.config.LoadBalancerAutoConfiguration', 'org.springframework.web.reactive.DispatcherHandler' (OnClassCondition)

   GatewayReactiveLoadBalancerClientAutoConfiguration#gatewayLoadBalancerClientFilter matched:
      - @ConditionalOnBean (types: org.springframework.cloud.loadbalancer.support.LoadBalancerClientFactory; SearchStrategy: all) found bean 'loadBalancerClientFactory'; @ConditionalOnMissingBean (types: org.springframework.cloud.gateway.filter.ReactiveLoadBalancerClientFilter; SearchStrategy: all) did not find any beans (OnBeanCondition)
      - matched (OnEnabledGlobalFilter)

   GatewayReactiveLoadBalancerClientAutoConfiguration#loadBalancerServiceInstanceCookieFilter matched:
      - @ConditionalOnBean (types: org.springframework.cloud.gateway.filter.ReactiveLoadBalancerClientFilter,org.springframework.cloud.loadbalancer.support.LoadBalancerClientFactory; SearchStrategy: all) found beans 'loadBalancerClientFactory', 'gatewayLoadBalancerClientFilter'; @ConditionalOnMissingBean (types: org.springframework.cloud.gateway.filter.LoadBalancerServiceInstanceCookieFilter; SearchStrategy: all) did not find any beans (OnBeanCondition)
      - matched (OnEnabledGlobalFilter)

   GenericCacheConfiguration matched:
      - Cache org.springframework.boot.autoconfigure.cache.GenericCacheConfiguration automatic cache type (CacheCondition)

   GsonAutoConfiguration matched:
      - @ConditionalOnClass found required class 'com.google.gson.Gson' (OnClassCondition)

   GsonAutoConfiguration#gson matched:
      - @ConditionalOnMissingBean (types: com.google.gson.Gson; SearchStrategy: all) did not find any beans (OnBeanCondition)

   GsonAutoConfiguration#gsonBuilder matched:
      - @ConditionalOnMissingBean (types: com.google.gson.GsonBuilder; SearchStrategy: all) did not find any beans (OnBeanCondition)

   HealthContributorAutoConfiguration#pingHealthContributor matched:
      - @ConditionalOnEnabledHealthIndicator management.health.defaults.enabled is considered true (OnEnabledHealthIndicatorCondition)

   HealthEndpointAutoConfiguration matched:
      - @ConditionalOnAvailableEndpoint marked as exposed by a 'management.endpoints.web.exposure' property (OnAvailableEndpointCondition)

   HealthEndpointConfiguration#healthContributorRegistry matched:
      - @ConditionalOnMissingBean (types: org.springframework.boot.actuate.health.HealthContributorRegistry; SearchStrategy: all) did not find any beans (OnBeanCondition)

   HealthEndpointConfiguration#healthEndpoint matched:
      - @ConditionalOnMissingBean (types: org.springframework.boot.actuate.health.HealthEndpoint; SearchStrategy: all) did not find any beans (OnBeanCondition)

   HealthEndpointConfiguration#healthEndpointGroupMembershipValidator matched:
      - @ConditionalOnBooleanProperty (management.endpoint.health.validate-group-membership=true) matched (OnPropertyCondition)

   HealthEndpointConfiguration#healthEndpointGroups matched:
      - @ConditionalOnMissingBean (types: org.springframework.boot.actuate.health.HealthEndpointGroups; SearchStrategy: all) did not find any beans (OnBeanCondition)

   HealthEndpointConfiguration#healthHttpCodeStatusMapper matched:
      - @ConditionalOnMissingBean (types: org.springframework.boot.actuate.health.HttpCodeStatusMapper; SearchStrategy: all) did not find any beans (OnBeanCondition)

   HealthEndpointConfiguration#healthStatusAggregator matched:
      - @ConditionalOnMissingBean (types: org.springframework.boot.actuate.health.StatusAggregator; SearchStrategy: all) did not find any beans (OnBeanCondition)

   HealthEndpointReactiveWebExtensionConfiguration matched:
      - found ConfigurableReactiveWebEnvironment (OnWebApplicationCondition)
      - @ConditionalOnAvailableEndpoint marked as exposed by a 'management.endpoints.web.exposure' property (OnAvailableEndpointCondition)

   HealthEndpointReactiveWebExtensionConfiguration#reactiveHealthEndpointWebExtension matched:
      - @ConditionalOnBean (types: org.springframework.boot.actuate.health.HealthEndpoint; SearchStrategy: all) found bean 'healthEndpoint'; @ConditionalOnMissingBean (types: org.springframework.boot.actuate.health.ReactiveHealthEndpointWebExtension; SearchStrategy: all) did not find any beans (OnBeanCondition)

   HttpClientObservationsAutoConfiguration matched:
      - @ConditionalOnClass found required class 'io.micrometer.observation.Observation' (OnClassCondition)
      - @ConditionalOnBean (types: io.micrometer.observation.ObservationRegistry; SearchStrategy: all) found bean 'observationRegistry' (OnBeanCondition)

   HttpClientObservationsAutoConfiguration.MeterFilterConfiguration matched:
      - @ConditionalOnClass found required class 'io.micrometer.core.instrument.MeterRegistry' (OnClassCondition)
      - @ConditionalOnBean (types: io.micrometer.core.instrument.MeterRegistry; SearchStrategy: all) found bean 'simpleMeterRegistry' (OnBeanCondition)

   HttpHandlerAutoConfiguration matched:
      - @ConditionalOnClass found required classes 'org.springframework.web.reactive.DispatcherHandler', 'org.springframework.http.server.reactive.HttpHandler' (OnClassCondition)
      - found ConfigurableReactiveWebEnvironment (OnWebApplicationCondition)
      - @ConditionalOnMissingBean (types: org.springframework.http.server.reactive.HttpHandler; SearchStrategy: all) did not find any beans (OnBeanCondition)

   InfoEndpointAutoConfiguration matched:
      - @ConditionalOnAvailableEndpoint marked as exposed by a 'management.endpoints.web.exposure' property (OnAvailableEndpointCondition)

   InfoEndpointAutoConfiguration#infoEndpoint matched:
      - @ConditionalOnMissingBean (types: org.springframework.boot.actuate.info.InfoEndpoint; SearchStrategy: all) did not find any beans (OnBeanCondition)

   JacksonAutoConfiguration matched:
      - @ConditionalOnClass found required class 'com.fasterxml.jackson.databind.ObjectMapper' (OnClassCondition)

   JacksonAutoConfiguration.Jackson2ObjectMapperBuilderCustomizerConfiguration matched:
      - @ConditionalOnClass found required class 'org.springframework.http.converter.json.Jackson2ObjectMapperBuilder' (OnClassCondition)

   JacksonAutoConfiguration.JacksonObjectMapperBuilderConfiguration matched:
      - @ConditionalOnClass found required class 'org.springframework.http.converter.json.Jackson2ObjectMapperBuilder' (OnClassCondition)

   JacksonAutoConfiguration.JacksonObjectMapperBuilderConfiguration#jacksonObjectMapperBuilder matched:
      - @ConditionalOnMissingBean (types: org.springframework.http.converter.json.Jackson2ObjectMapperBuilder; SearchStrategy: all) did not find any beans (OnBeanCondition)

   JacksonAutoConfiguration.JacksonObjectMapperConfiguration matched:
      - @ConditionalOnClass found required class 'org.springframework.http.converter.json.Jackson2ObjectMapperBuilder' (OnClassCondition)

   JacksonAutoConfiguration.JacksonObjectMapperConfiguration#jacksonObjectMapper matched:
      - @ConditionalOnMissingBean (types: com.fasterxml.jackson.databind.ObjectMapper; SearchStrategy: all) did not find any beans (OnBeanCondition)

   JacksonAutoConfiguration.ParameterNamesModuleConfiguration matched:
      - @ConditionalOnClass found required class 'com.fasterxml.jackson.module.paramnames.ParameterNamesModule' (OnClassCondition)

   JacksonAutoConfiguration.ParameterNamesModuleConfiguration#parameterNamesModule matched:
      - @ConditionalOnMissingBean (types: com.fasterxml.jackson.module.paramnames.ParameterNamesModule; SearchStrategy: all) did not find any beans (OnBeanCondition)

   JacksonEndpointAutoConfiguration matched:
      - @ConditionalOnClass found required classes 'com.fasterxml.jackson.databind.ObjectMapper', 'org.springframework.http.converter.json.Jackson2ObjectMapperBuilder' (OnClassCondition)

   JacksonEndpointAutoConfiguration#endpointObjectMapper matched:
      - @ConditionalOnBooleanProperty (management.endpoints.jackson.isolated-object-mapper=true) matched (OnPropertyCondition)

   JvmMetricsAutoConfiguration matched:
      - @ConditionalOnClass found required class 'io.micrometer.core.instrument.MeterRegistry' (OnClassCondition)
      - @ConditionalOnBean (types: io.micrometer.core.instrument.MeterRegistry; SearchStrategy: all) found bean 'simpleMeterRegistry' (OnBeanCondition)

   JvmMetricsAutoConfiguration#classLoaderMetrics matched:
      - @ConditionalOnMissingBean (types: io.micrometer.core.instrument.binder.jvm.ClassLoaderMetrics; SearchStrategy: all) did not find any beans (OnBeanCondition)

   JvmMetricsAutoConfiguration#jvmCompilationMetrics matched:
      - @ConditionalOnMissingBean (types: io.micrometer.core.instrument.binder.jvm.JvmCompilationMetrics; SearchStrategy: all) did not find any beans (OnBeanCondition)

   JvmMetricsAutoConfiguration#jvmGcMetrics matched:
      - @ConditionalOnMissingBean (types: io.micrometer.core.instrument.binder.jvm.JvmGcMetrics; SearchStrategy: all) did not find any beans (OnBeanCondition)

   JvmMetricsAutoConfiguration#jvmHeapPressureMetrics matched:
      - @ConditionalOnMissingBean (types: io.micrometer.core.instrument.binder.jvm.JvmHeapPressureMetrics; SearchStrategy: all) did not find any beans (OnBeanCondition)

   JvmMetricsAutoConfiguration#jvmInfoMetrics matched:
      - @ConditionalOnMissingBean (types: io.micrometer.core.instrument.binder.jvm.JvmInfoMetrics; SearchStrategy: all) did not find any beans (OnBeanCondition)

   JvmMetricsAutoConfiguration#jvmMemoryMetrics matched:
      - @ConditionalOnMissingBean (types: io.micrometer.core.instrument.binder.jvm.JvmMemoryMetrics; SearchStrategy: all) did not find any beans (OnBeanCondition)

   JvmMetricsAutoConfiguration#jvmThreadMetrics matched:
      - @ConditionalOnMissingBean (types: io.micrometer.core.instrument.binder.jvm.JvmThreadMetrics; SearchStrategy: all) did not find any beans (OnBeanCondition)

   LifecycleAutoConfiguration#defaultLifecycleProcessor matched:
      - @ConditionalOnMissingBean (names: lifecycleProcessor; SearchStrategy: current) did not find any beans (OnBeanCondition)

   LifecycleMvcEndpointAutoConfiguration#environmentManager matched:
      - @ConditionalOnMissingBean (types: org.springframework.cloud.context.environment.EnvironmentManager; SearchStrategy: all) did not find any beans (OnBeanCondition)

   org.springframework.cloud.client.loadbalancer.LoadBalancerAutoConfiguration matched:
      - AnyNestedCondition 2 matched 0 did not; NestedCondition on BlockingRestClassesPresentCondition.RestClientPresent @ConditionalOnClass found required class 'org.springframework.web.client.RestClient'; NestedCondition on BlockingRestClassesPresentCondition.RestTemplatePresent @ConditionalOnClass found required class 'org.springframework.web.client.RestTemplate' (BlockingRestClassesPresentCondition)
      - @ConditionalOnBean (types: org.springframework.cloud.client.loadbalancer.LoadBalancerClient; SearchStrategy: all) found bean 'blockingLoadBalancerClient' (OnBeanCondition)

   org.springframework.cloud.loadbalancer.config.LoadBalancerAutoConfiguration matched:
      - @ConditionalOnProperty (spring.cloud.loadbalancer.enabled=true) matched (OnPropertyCondition)

   LoadBalancerAutoConfiguration#loadBalancerClientFactory matched:
      - @ConditionalOnMissingBean (types: org.springframework.cloud.loadbalancer.support.LoadBalancerClientFactory; SearchStrategy: all) did not find any beans (OnBeanCondition)

   LoadBalancerAutoConfiguration#loadBalancerRequestFactory matched:
      - @ConditionalOnMissingBean (types: org.springframework.cloud.client.loadbalancer.LoadBalancerRequestFactory; SearchStrategy: all) did not find any beans (OnBeanCondition)

   LoadBalancerAutoConfiguration#zoneConfig matched:
      - @ConditionalOnMissingBean (types: org.springframework.cloud.loadbalancer.config.LoadBalancerZoneConfig; SearchStrategy: all) did not find any beans (OnBeanCondition)

   LoadBalancerAutoConfiguration.DeferringLoadBalancerInterceptorConfig#deferringLoadBalancerInterceptor matched:
      - @ConditionalOnMissingBean (types: org.springframework.cloud.client.loadbalancer.DeferringLoadBalancerInterceptor; SearchStrategy: all) did not find any beans (OnBeanCondition)

   LoadBalancerAutoConfiguration.DeferringLoadBalancerInterceptorConfig#lbRestClientPostProcessor matched:
      - @ConditionalOnBean (types: org.springframework.cloud.client.loadbalancer.DeferringLoadBalancerInterceptor; SearchStrategy: all) found bean 'deferringLoadBalancerInterceptor'; @ConditionalOnMissingBean (types: org.springframework.cloud.client.loadbalancer.LoadBalancerRestClientBuilderBeanPostProcessor; SearchStrategy: all) did not find any beans (OnBeanCondition)

   LoadBalancerAutoConfiguration.DeferringLoadBalancerInterceptorConfig#lbRestTemplateBuilderPostProcessor matched:
      - @ConditionalOnBean (types: org.springframework.cloud.client.loadbalancer.DeferringLoadBalancerInterceptor; SearchStrategy: all) found bean 'deferringLoadBalancerInterceptor'; @ConditionalOnMissingBean (types: org.springframework.cloud.client.loadbalancer.LoadBalancerRestTemplateBuilderBeanPostProcessor; SearchStrategy: all) did not find any beans (OnBeanCondition)

   LoadBalancerAutoConfiguration.LoadBalancerInterceptorConfig matched:
      - AnyNestedCondition 1 matched 1 did not; NestedCondition on LoadBalancerAutoConfiguration.RetryMissingOrDisabledCondition.RetryDisabled @ConditionalOnProperty (spring.cloud.loadbalancer.retry.enabled=false) did not find property 'spring.cloud.loadbalancer.retry.enabled'; NestedCondition on LoadBalancerAutoConfiguration.RetryMissingOrDisabledCondition.RetryTemplateMissing @ConditionalOnMissingClass did not find unwanted class 'org.springframework.retry.support.RetryTemplate' (LoadBalancerAutoConfiguration.RetryMissingOrDisabledCondition)

   LoadBalancerAutoConfiguration.LoadBalancerInterceptorConfig#restTemplateCustomizer matched:
      - @ConditionalOnMissingBean (types: org.springframework.cloud.client.loadbalancer.RestTemplateCustomizer; SearchStrategy: all) did not find any beans (OnBeanCondition)

   LoadBalancerBeanPostProcessorAutoConfiguration matched:
      - @ConditionalOnClass found required class 'org.springframework.web.reactive.function.client.WebClient' (OnClassCondition)
      - AnyNestedCondition 2 matched 0 did not; NestedCondition on LoadBalancerBeanPostProcessorAutoConfiguration.OnAnyLoadBalancerImplementationPresentCondition.LoadBalancerClientPresent @ConditionalOnBean (types: org.springframework.cloud.client.loadbalancer.LoadBalancerClient; SearchStrategy: all) found bean 'blockingLoadBalancerClient'; NestedCondition on LoadBalancerBeanPostProcessorAutoConfiguration.OnAnyLoadBalancerImplementationPresentCondition.ReactiveLoadBalancerFactoryPresent @ConditionalOnBean (types: org.springframework.cloud.client.loadbalancer.reactive.ReactiveLoadBalancer$Factory; SearchStrategy: all) found bean 'loadBalancerClientFactory' (LoadBalancerBeanPostProcessorAutoConfiguration.OnAnyLoadBalancerImplementationPresentCondition)

   LoadBalancerBeanPostProcessorAutoConfiguration.ReactorDeferringLoadBalancerFilterConfig matched:
      - @ConditionalOnBean (types: org.springframework.cloud.client.loadbalancer.reactive.ReactiveLoadBalancer$Factory; SearchStrategy: all) found bean 'loadBalancerClientFactory' (OnBeanCondition)

   LoadBalancerCacheAutoConfiguration matched:
      - @ConditionalOnClass found required classes 'org.springframework.cache.CacheManager', 'org.springframework.boot.autoconfigure.cache.CacheAutoConfiguration' (OnClassCondition)
      - AllNestedConditions 2 matched 0 did not; NestedCondition on LoadBalancerCacheAutoConfiguration.OnLoadBalancerCachingEnabledCondition.LoadBalancerCacheEnabled @ConditionalOnProperty (spring.cloud.loadbalancer.cache.enabled) matched; NestedCondition on LoadBalancerCacheAutoConfiguration.OnLoadBalancerCachingEnabledCondition.LoadBalancerEnabled @ConditionalOnProperty (spring.cloud.loadbalancer.enabled=true) matched (LoadBalancerCacheAutoConfiguration.OnLoadBalancerCachingEnabledCondition)

   LoadBalancerCacheAutoConfiguration.DefaultLoadBalancerCacheManagerConfiguration matched:
      - @ConditionalOnClass found required class 'com.stoyanr.evictor.ConcurrentMapWithTimedEviction' (OnClassCondition)
      - AnyNestedCondition 1 matched 1 did not; NestedCondition on LoadBalancerCacheAutoConfiguration.OnCaffeineCacheMissingCondition.CaffeineCacheManagerClassMissing @ConditionalOnMissingClass found unwanted class 'org.springframework.cache.caffeine.CaffeineCacheManager'; NestedCondition on LoadBalancerCacheAutoConfiguration.OnCaffeineCacheMissingCondition.CaffeineClassMissing @ConditionalOnMissingClass did not find unwanted class 'com.github.benmanes.caffeine.cache.Caffeine' (LoadBalancerCacheAutoConfiguration.OnCaffeineCacheMissingCondition)

   LoadBalancerCacheAutoConfiguration.DefaultLoadBalancerCacheManagerConfiguration#defaultLoadBalancerCacheManager matched:
      - @ConditionalOnMissingBean (types: org.springframework.cloud.loadbalancer.cache.LoadBalancerCacheManager; SearchStrategy: all) did not find any beans (OnBeanCondition)

   LoadBalancerCacheAutoConfiguration.LoadBalancerCacheManagerWarnConfiguration matched:
      - AnyNestedCondition 1 matched 1 did not; NestedCondition on LoadBalancerCacheAutoConfiguration.OnCaffeineCacheMissingCondition.CaffeineCacheManagerClassMissing @ConditionalOnMissingClass found unwanted class 'org.springframework.cache.caffeine.CaffeineCacheManager'; NestedCondition on LoadBalancerCacheAutoConfiguration.OnCaffeineCacheMissingCondition.CaffeineClassMissing @ConditionalOnMissingClass did not find unwanted class 'com.github.benmanes.caffeine.cache.Caffeine' (LoadBalancerCacheAutoConfiguration.OnCaffeineCacheMissingCondition)

   LoadBalancerEurekaAutoConfiguration matched:
      - @ConditionalOnClass found required class 'org.springframework.cloud.loadbalancer.annotation.LoadBalancerClientConfigurationRegistrar' (OnClassCondition)
      - @ConditionalOnProperty (eureka.client.enabled) matched (OnPropertyCondition)

   LoadBalancerEurekaAutoConfiguration#eurekaLoadBalancerProperties matched:
      - @ConditionalOnMissingBean (types: org.springframework.cloud.netflix.eureka.loadbalancer.EurekaLoadBalancerProperties; SearchStrategy: all) did not find any beans (OnBeanCondition)

   LogbackMetricsAutoConfiguration matched:
      - @ConditionalOnClass found required classes 'io.micrometer.core.instrument.MeterRegistry', 'ch.qos.logback.classic.LoggerContext', 'org.slf4j.LoggerFactory' (OnClassCondition)
      - LogbackLoggingCondition ILoggerFactory is a Logback LoggerContext (LogbackMetricsAutoConfiguration.LogbackLoggingCondition)
      - @ConditionalOnBean (types: io.micrometer.core.instrument.MeterRegistry; SearchStrategy: all) found bean 'simpleMeterRegistry' (OnBeanCondition)

   LogbackMetricsAutoConfiguration#logbackMetrics matched:
      - @ConditionalOnMissingBean (types: io.micrometer.core.instrument.binder.logging.LogbackMetrics; SearchStrategy: all) did not find any beans (OnBeanCondition)

   ManagementContextAutoConfiguration.SameManagementContextConfiguration matched:
      - Management Port actual port type (SAME) matched required type (OnManagementPortCondition)

   MetricsAutoConfiguration matched:
      - @ConditionalOnClass found required class 'io.micrometer.core.annotation.Timed' (OnClassCondition)

   MetricsAutoConfiguration#micrometerClock matched:
      - @ConditionalOnMissingBean (types: io.micrometer.core.instrument.Clock; SearchStrategy: all) did not find any beans (OnBeanCondition)

   NettyAutoConfiguration matched:
      - @ConditionalOnClass found required class 'io.netty.util.NettyRuntime' (OnClassCondition)

   NoOpCacheConfiguration matched:
      - Cache org.springframework.boot.autoconfigure.cache.NoOpCacheConfiguration automatic cache type (CacheCondition)

   ObservationAutoConfiguration matched:
      - @ConditionalOnClass found required class 'io.micrometer.observation.ObservationRegistry' (OnClassCondition)

   ObservationAutoConfiguration#observationRegistry matched:
      - @ConditionalOnMissingBean (types: io.micrometer.observation.ObservationRegistry; SearchStrategy: all) did not find any beans (OnBeanCondition)

   ObservationAutoConfiguration.MeterObservationHandlerConfiguration matched:
      - @ConditionalOnBean (types: io.micrometer.core.instrument.MeterRegistry; SearchStrategy: all) found bean 'simpleMeterRegistry'; @ConditionalOnMissingBean (types: io.micrometer.core.instrument.observation.MeterObservationHandler; SearchStrategy: all) did not find any beans (OnBeanCondition)

   ObservationAutoConfiguration.MeterObservationHandlerConfiguration.OnlyMetricsMeterObservationHandlerConfiguration matched:
      - @ConditionalOnMissingBean (types: io.micrometer.tracing.Tracer; SearchStrategy: all) did not find any beans (OnBeanCondition)

   ObservationAutoConfiguration.OnlyMetricsConfiguration matched:
      - @ConditionalOnClass found required class 'io.micrometer.core.instrument.MeterRegistry'; @ConditionalOnMissingClass did not find unwanted class 'io.micrometer.tracing.Tracer' (OnClassCondition)

   PropertyPlaceholderAutoConfiguration#propertySourcesPlaceholderConfigurer matched:
      - @ConditionalOnMissingBean (types: org.springframework.context.support.PropertySourcesPlaceholderConfigurer; SearchStrategy: current) did not find any beans (OnBeanCondition)

   ReactiveCommonsClientAutoConfiguration.ReactiveDiscoveryLoadBalancerConfiguration matched:
      - @ConditionalOnClass found required classes 'org.springframework.boot.actuate.health.ReactiveHealthIndicator', 'org.springframework.web.reactive.function.client.WebClient' (OnClassCondition)
      - @ConditionalOnProperty (spring.cloud.discovery.enabled) matched; @ConditionalOnProperty (spring.cloud.discovery.reactive.enabled) matched (OnPropertyCondition)
      - @ConditionalOnBean (types: org.springframework.cloud.client.discovery.ReactiveDiscoveryClient; SearchStrategy: all) found beans 'eurekaReactiveDiscoveryClient', 'simpleReactiveDiscoveryClient', 'reactiveCompositeDiscoveryClient' (OnBeanCondition)

   ReactiveCommonsClientAutoConfiguration.ReactiveDiscoveryLoadBalancerConfiguration#reactiveDiscoveryClients matched:
      - @ConditionalOnProperty (spring.cloud.discovery.client.composite-indicator.enabled) matched (OnPropertyCondition)
      - @ConditionalOnBean (types: org.springframework.cloud.client.discovery.health.reactive.ReactiveDiscoveryHealthIndicator; SearchStrategy: all) found beans 'eurekaReactiveDiscoveryClientHealthIndicator', 'simpleReactiveDiscoveryClientHealthIndicator' (OnBeanCondition)

   ReactiveCompositeDiscoveryClientAutoConfiguration matched:
      - @ConditionalOnClass found required class 'org.springframework.web.reactive.function.client.WebClient' (OnClassCondition)
      - @ConditionalOnProperty (spring.cloud.discovery.enabled) matched; @ConditionalOnProperty (spring.cloud.discovery.reactive.enabled) matched (OnPropertyCondition)

   ReactiveHealthEndpointConfiguration matched:
      - @ConditionalOnClass found required class 'reactor.core.publisher.Flux' (OnClassCondition)
      - @ConditionalOnBean (types: org.springframework.boot.actuate.health.HealthEndpoint; SearchStrategy: all) found bean 'healthEndpoint' (OnBeanCondition)

   ReactiveHealthEndpointConfiguration#reactiveHealthContributorRegistry matched:
      - @ConditionalOnMissingBean (types: org.springframework.boot.actuate.health.ReactiveHealthContributorRegistry; SearchStrategy: all) did not find any beans (OnBeanCondition)

   ReactiveManagementContextAutoConfiguration matched:
      - @ConditionalOnClass found required class 'reactor.core.publisher.Flux' (OnClassCondition)
      - found ConfigurableReactiveWebEnvironment (OnWebApplicationCondition)

   ReactiveMultipartAutoConfiguration matched:
      - @ConditionalOnClass found required classes 'org.springframework.http.codec.multipart.DefaultPartHttpMessageReader', 'org.springframework.web.reactive.config.WebFluxConfigurer' (OnClassCondition)
      - found ConfigurableReactiveWebEnvironment (OnWebApplicationCondition)

   ReactiveWebServerFactoryAutoConfiguration matched:
      - @ConditionalOnClass found required class 'org.springframework.http.ReactiveHttpInputMessage' (OnClassCondition)
      - found ConfigurableReactiveWebEnvironment (OnWebApplicationCondition)

   ReactiveWebServerFactoryConfiguration.EmbeddedNetty matched:
      - @ConditionalOnClass found required class 'reactor.netty.http.server.HttpServer' (OnClassCondition)
      - @ConditionalOnMissingBean (types: org.springframework.boot.web.reactive.server.ReactiveWebServerFactory; SearchStrategy: all) did not find any beans (OnBeanCondition)

   ReactorAutoConfiguration matched:
      - @ConditionalOnClass found required class 'reactor.core.publisher.Hooks' (OnClassCondition)

   ReactorLoadBalancerClientAutoConfiguration matched:
      - @ConditionalOnClass found required class 'org.springframework.web.reactive.function.client.WebClient' (OnClassCondition)
      - @ConditionalOnBean (types: org.springframework.cloud.client.loadbalancer.reactive.ReactiveLoadBalancer$Factory; SearchStrategy: all) found bean 'loadBalancerClientFactory' (OnBeanCondition)

   ReactorLoadBalancerClientAutoConfiguration#loadBalancerExchangeFilterFunction matched:
      - @ConditionalOnProperty (spring.cloud.loadbalancer.retry.enabled=false) matched (OnPropertyCondition)
      - @ConditionalOnMissingBean (types: org.springframework.cloud.client.loadbalancer.reactive.ReactorLoadBalancerExchangeFilterFunction; SearchStrategy: all) did not find any beans (OnBeanCondition)

   ReactorNettyConfigurations.ReactorResourceFactoryConfiguration#reactorResourceFactory matched:
      - @ConditionalOnMissingBean (types: org.springframework.http.client.ReactorResourceFactory; SearchStrategy: all) did not find any beans (OnBeanCondition)

   RefreshAutoConfiguration matched:
      - @ConditionalOnClass found required class 'org.springframework.cloud.context.scope.refresh.RefreshScope' (OnClassCondition)
      - @ConditionalOnProperty (spring.cloud.refresh.enabled) matched (OnPropertyCondition)

   RefreshAutoConfiguration#configDataContextRefresher matched:
      - @ConditionalOnMissingBean (types: org.springframework.cloud.context.refresh.ConfigDataContextRefresher; SearchStrategy: all) did not find any beans (OnBeanCondition)
      - NoneNestedConditions 0 matched 3 did not; NestedCondition on ConditionalOnBootstrapDisabled.OnBootstrapDisabledCondition.OnBootstrapEnabled @ConditionalOnProperty (spring.cloud.bootstrap.enabled) did not find property 'spring.cloud.bootstrap.enabled'; NestedCondition on ConditionalOnBootstrapDisabled.OnBootstrapDisabledCondition.OnUseLegacyProcessingEnabled @ConditionalOnProperty (spring.config.use-legacy-processing) did not find property 'spring.config.use-legacy-processing'; NestedCondition on ConditionalOnBootstrapDisabled.OnBootstrapDisabledCondition.OnBootstrapMarkerClassPresent @ConditionalOnClass did not find required class 'org.springframework.cloud.bootstrap.marker.Marker' (ConditionalOnBootstrapDisabled.OnBootstrapDisabledCondition)

   RefreshAutoConfiguration#loggingRebinder matched:
      - @ConditionalOnMissingBean (types: org.springframework.cloud.logging.LoggingRebinder; SearchStrategy: all) did not find any beans (OnBeanCondition)

   RefreshAutoConfiguration#refreshScope matched:
      - @ConditionalOnMissingBean (types: org.springframework.cloud.context.scope.refresh.RefreshScope; SearchStrategy: all) did not find any beans (OnBeanCondition)

   RefreshAutoConfiguration#refreshScopeLifecycle matched:
      - @ConditionalOnProperty (spring.cloud.refresh.on-restart.enabled) matched (OnPropertyCondition)

   RefreshEndpointAutoConfiguration matched:
      - @ConditionalOnClass found required classes 'org.springframework.boot.actuate.autoconfigure.endpoint.EndpointAutoConfiguration', 'org.springframework.boot.actuate.health.Health' (OnClassCondition)

   RefreshEndpointAutoConfiguration#refreshScopeHealthIndicator matched:
      - @ConditionalOnMissingBean (types: org.springframework.cloud.health.RefreshScopeHealthIndicator; SearchStrategy: all) did not find any beans (OnBeanCondition)
      - @ConditionalOnEnabledHealthIndicator management.health.defaults.enabled is considered true (OnEnabledHealthIndicatorCondition)

   RestartEndpointWithoutIntegrationConfiguration matched:
      - @ConditionalOnMissingClass did not find unwanted class 'org.springframework.integration.monitor.IntegrationMBeanExporter' (OnClassCondition)

   ScheduledTasksObservabilityAutoConfiguration matched:
      - @ConditionalOnClass found required class 'org.springframework.scheduling.concurrent.ThreadPoolTaskScheduler' (OnClassCondition)
      - @ConditionalOnBean (types: io.micrometer.observation.ObservationRegistry; SearchStrategy: all) found bean 'observationRegistry' (OnBeanCondition)

   ServiceRegistryAutoConfiguration.ServiceRegistryEndpointConfiguration matched:
      - @ConditionalOnClass found required class 'org.springframework.boot.actuate.endpoint.annotation.Endpoint' (OnClassCondition)
      - @ConditionalOnBean (types: org.springframework.cloud.client.serviceregistry.ServiceRegistry; SearchStrategy: all) found bean 'eurekaServiceRegistry' (OnBeanCondition)

   SimpleCacheConfiguration matched:
      - Cache org.springframework.boot.autoconfigure.cache.SimpleCacheConfiguration automatic cache type (CacheCondition)

   SimpleDiscoveryClientAutoConfiguration#simpleDiscoveryProperties matched:
      - @ConditionalOnMissingBean (types: org.springframework.cloud.client.discovery.simple.SimpleDiscoveryProperties; SearchStrategy: all) did not find any beans (OnBeanCondition)

   SimpleMetricsExportAutoConfiguration matched:
      - @ConditionalOnEnabledMetricsExport management.defaults.metrics.export.enabled is considered true (OnMetricsExportEnabledCondition)
      - @ConditionalOnBean (types: io.micrometer.core.instrument.Clock; SearchStrategy: all) found bean 'micrometerClock'; @ConditionalOnMissingBean (types: io.micrometer.core.instrument.MeterRegistry; SearchStrategy: all) did not find any beans (OnBeanCondition)

   SimpleMetricsExportAutoConfiguration#simpleConfig matched:
      - @ConditionalOnMissingBean (types: io.micrometer.core.instrument.simple.SimpleConfig; SearchStrategy: all) did not find any beans (OnBeanCondition)

   SimpleReactiveDiscoveryClientAutoConfiguration matched:
      - @ConditionalOnClass found required class 'org.springframework.web.reactive.function.client.WebClient' (OnClassCondition)
      - @ConditionalOnProperty (spring.cloud.discovery.enabled) matched; @ConditionalOnProperty (spring.cloud.discovery.reactive.enabled) matched (OnPropertyCondition)

   SimpleReactiveDiscoveryClientAutoConfiguration.HealthConfiguration matched:
      - @ConditionalOnClass found required class 'org.springframework.boot.actuate.health.ReactiveHealthIndicator' (OnClassCondition)

   SimpleReactiveDiscoveryClientAutoConfiguration.HealthConfiguration#simpleReactiveDiscoveryClientHealthIndicator matched:
      - @ConditionalOnProperty (spring.cloud.discovery.client.health-indicator.enabled) matched (OnPropertyCondition)

   SqlInitializationAutoConfiguration matched:
      - @ConditionalOnBooleanProperty (spring.sql.init.enabled=true) matched (OnPropertyCondition)
      - NoneNestedConditions 0 matched 1 did not; NestedCondition on SqlInitializationAutoConfiguration.SqlInitializationModeCondition.ModeIsNever @ConditionalOnProperty (spring.sql.init.mode=never) did not find property 'spring.sql.init.mode' (SqlInitializationAutoConfiguration.SqlInitializationModeCondition)

   SslAutoConfiguration#sslBundleRegistry matched:
      - @ConditionalOnMissingBean (types: org.springframework.boot.ssl.SslBundleRegistry,org.springframework.boot.ssl.SslBundles; SearchStrategy: all) did not find any beans (OnBeanCondition)

   SslHealthContributorAutoConfiguration matched:
      - @ConditionalOnEnabledHealthIndicator management.health.defaults.enabled is considered true (OnEnabledHealthIndicatorCondition)

   SslHealthContributorAutoConfiguration#sslHealthIndicator matched:
      - @ConditionalOnMissingBean (names: sslHealthIndicator; SearchStrategy: all) did not find any beans (OnBeanCondition)

   SslHealthContributorAutoConfiguration#sslInfo matched:
      - @ConditionalOnMissingBean (types: org.springframework.boot.info.SslInfo; SearchStrategy: all) did not find any beans (OnBeanCondition)

   SslObservabilityAutoConfiguration matched:
      - @ConditionalOnClass found required class 'io.micrometer.core.instrument.MeterRegistry' (OnClassCondition)
      - @ConditionalOnBean (types: io.micrometer.core.instrument.MeterRegistry,org.springframework.boot.ssl.SslBundles; SearchStrategy: all) found beans 'sslBundleRegistry', 'simpleMeterRegistry' (OnBeanCondition)

   StartupTimeMetricsListenerAutoConfiguration matched:
      - @ConditionalOnClass found required class 'io.micrometer.core.instrument.MeterRegistry' (OnClassCondition)
      - @ConditionalOnBean (types: io.micrometer.core.instrument.MeterRegistry; SearchStrategy: all) found bean 'simpleMeterRegistry' (OnBeanCondition)

   StartupTimeMetricsListenerAutoConfiguration#startupTimeMetrics matched:
      - @ConditionalOnMissingBean (types: org.springframework.boot.actuate.metrics.startup.StartupTimeMetricsListener; SearchStrategy: all) did not find any beans (OnBeanCondition)

   SystemMetricsAutoConfiguration matched:
      - @ConditionalOnClass found required class 'io.micrometer.core.instrument.MeterRegistry' (OnClassCondition)
      - @ConditionalOnBean (types: io.micrometer.core.instrument.MeterRegistry; SearchStrategy: all) found bean 'simpleMeterRegistry' (OnBeanCondition)

   SystemMetricsAutoConfiguration#diskSpaceMetrics matched:
      - @ConditionalOnMissingBean (types: org.springframework.boot.actuate.metrics.system.DiskSpaceMetricsBinder; SearchStrategy: all) did not find any beans (OnBeanCondition)

   SystemMetricsAutoConfiguration#fileDescriptorMetrics matched:
      - @ConditionalOnMissingBean (types: io.micrometer.core.instrument.binder.system.FileDescriptorMetrics; SearchStrategy: all) did not find any beans (OnBeanCondition)

   SystemMetricsAutoConfiguration#processorMetrics matched:
      - @ConditionalOnMissingBean (types: io.micrometer.core.instrument.binder.system.ProcessorMetrics; SearchStrategy: all) did not find any beans (OnBeanCondition)

   SystemMetricsAutoConfiguration#uptimeMetrics matched:
      - @ConditionalOnMissingBean (types: io.micrometer.core.instrument.binder.system.UptimeMetrics; SearchStrategy: all) did not find any beans (OnBeanCondition)

   TaskExecutionAutoConfiguration matched:
      - @ConditionalOnClass found required class 'org.springframework.scheduling.concurrent.ThreadPoolTaskExecutor' (OnClassCondition)

   TaskExecutorConfigurations.AsyncConfigurerConfiguration matched:
      - @ConditionalOnMissingBean (types: org.springframework.scheduling.annotation.AsyncConfigurer; SearchStrategy: all) did not find any beans (OnBeanCondition)

   TaskExecutorConfigurations.AsyncConfigurerConfiguration#applicationTaskExecutorAsyncConfigurer matched:
      - @ConditionalOnMissingBean (types: org.springframework.scheduling.annotation.AsyncConfigurer; SearchStrategy: all) did not find any beans (OnBeanCondition)

   TaskExecutorConfigurations.SimpleAsyncTaskExecutorBuilderConfiguration#simpleAsyncTaskExecutorBuilder matched:
      - @ConditionalOnMissingBean (types: org.springframework.boot.task.SimpleAsyncTaskExecutorBuilder; SearchStrategy: all) did not find any beans (OnBeanCondition)
      - @ConditionalOnThreading found PLATFORM (OnThreadingCondition)

   TaskExecutorConfigurations.TaskExecutorConfiguration matched:
      - AnyNestedCondition 1 matched 1 did not; NestedCondition on TaskExecutorConfigurations.OnExecutorCondition.ModelCondition @ConditionalOnProperty (spring.task.execution.mode=force) did not find property 'spring.task.execution.mode'; NestedCondition on TaskExecutorConfigurations.OnExecutorCondition.ExecutorBeanCondition @ConditionalOnMissingBean (types: java.util.concurrent.Executor; SearchStrategy: all) did not find any beans (TaskExecutorConfigurations.OnExecutorCondition)

   TaskExecutorConfigurations.TaskExecutorConfiguration#applicationTaskExecutor matched:
      - @ConditionalOnThreading found PLATFORM (OnThreadingCondition)

   TaskExecutorConfigurations.ThreadPoolTaskExecutorBuilderConfiguration#threadPoolTaskExecutorBuilder matched:
      - @ConditionalOnMissingBean (types: org.springframework.boot.task.ThreadPoolTaskExecutorBuilder; SearchStrategy: all) did not find any beans (OnBeanCondition)

   TaskExecutorMetricsAutoConfiguration matched:
      - @ConditionalOnClass found required class 'io.micrometer.core.instrument.binder.jvm.ExecutorServiceMetrics' (OnClassCondition)
      - @ConditionalOnBean (types: java.util.concurrent.Executor,io.micrometer.core.instrument.MeterRegistry; SearchStrategy: all) found beans 'applicationTaskExecutor', 'simpleMeterRegistry' (OnBeanCondition)

   TaskSchedulingAutoConfiguration matched:
      - @ConditionalOnClass found required class 'org.springframework.scheduling.concurrent.ThreadPoolTaskScheduler' (OnClassCondition)

   TaskSchedulingConfigurations.SimpleAsyncTaskSchedulerBuilderConfiguration#simpleAsyncTaskSchedulerBuilder matched:
      - @ConditionalOnMissingBean (types: org.springframework.boot.task.SimpleAsyncTaskSchedulerBuilder; SearchStrategy: all) did not find any beans (OnBeanCondition)
      - @ConditionalOnThreading found PLATFORM (OnThreadingCondition)

   TaskSchedulingConfigurations.ThreadPoolTaskSchedulerBuilderConfiguration#threadPoolTaskSchedulerBuilder matched:
      - @ConditionalOnMissingBean (types: org.springframework.boot.task.ThreadPoolTaskSchedulerBuilder; SearchStrategy: all) did not find any beans (OnBeanCondition)

   UtilAutoConfiguration matched:
      - @ConditionalOnProperty (spring.cloud.util.enabled) matched (OnPropertyCondition)

   UtilAutoConfiguration#inetUtils matched:
      - @ConditionalOnMissingBean (types: org.springframework.cloud.commons.util.InetUtils; SearchStrategy: all) did not find any beans (OnBeanCondition)

   ValidationAutoConfiguration matched:
      - @ConditionalOnClass found required class 'jakarta.validation.executable.ExecutableValidator' (OnClassCondition)
      - @ConditionalOnResource found location classpath:META-INF/services/jakarta.validation.spi.ValidationProvider (OnResourceCondition)

   ValidationAutoConfiguration#defaultValidator matched:
      - @ConditionalOnMissingBean (types: jakarta.validation.Validator; SearchStrategy: all) did not find any beans (OnBeanCondition)

   ValidationAutoConfiguration#methodValidationPostProcessor matched:
      - @ConditionalOnMissingBean (types: org.springframework.validation.beanvalidation.MethodValidationPostProcessor; SearchStrategy: current) did not find any beans (OnBeanCondition)

   WebClientAutoConfiguration matched:
      - @ConditionalOnClass found required class 'org.springframework.web.reactive.function.client.WebClient' (OnClassCondition)

   WebClientAutoConfiguration#webClientBuilder matched:
      - @ConditionalOnMissingBean (types: org.springframework.web.reactive.function.client.WebClient$Builder; SearchStrategy: all) did not find any beans (OnBeanCondition)

   WebClientAutoConfiguration#webClientHttpConnectorCustomizer matched:
      - @ConditionalOnBean (types: org.springframework.http.client.reactive.ClientHttpConnector; SearchStrategy: all) found bean 'clientHttpConnector' (OnBeanCondition)

   WebClientAutoConfiguration#webClientSsl matched:
      - @ConditionalOnBean (types: org.springframework.boot.ssl.SslBundles; SearchStrategy: all) found bean 'sslBundleRegistry'; @ConditionalOnMissingBean (types: org.springframework.boot.autoconfigure.web.reactive.function.client.WebClientSsl; SearchStrategy: all) did not find any beans (OnBeanCondition)

   WebClientAutoConfiguration.WebClientCodecsConfiguration matched:
      - @ConditionalOnBean (types: org.springframework.boot.web.codec.CodecCustomizer; SearchStrategy: all) found beans 'jacksonCodecCustomizer', 'defaultCodecCustomizer', 'defaultPartHttpMessageReaderCustomizer' (OnBeanCondition)

   WebClientAutoConfiguration.WebClientCodecsConfiguration#exchangeStrategiesCustomizer matched:
      - @ConditionalOnMissingBean (types: org.springframework.boot.autoconfigure.web.reactive.function.client.WebClientCodecCustomizer; SearchStrategy: all) did not find any beans (OnBeanCondition)

   WebClientObservationConfiguration matched:
      - @ConditionalOnClass found required class 'org.springframework.web.reactive.function.client.WebClient' (OnClassCondition)

   WebEndpointAutoConfiguration matched:
      - @ConditionalOnWebApplication (required) found ConfigurableReactiveWebEnvironment (OnWebApplicationCondition)

   WebEndpointAutoConfiguration#controllerEndpointDiscoverer matched:
      - @ConditionalOnMissingBean (types: org.springframework.boot.actuate.endpoint.web.annotation.ControllerEndpointsSupplier; SearchStrategy: all) did not find any beans (OnBeanCondition)

   WebEndpointAutoConfiguration#endpointMediaTypes matched:
      - @ConditionalOnMissingBean (types: org.springframework.boot.actuate.endpoint.web.EndpointMediaTypes; SearchStrategy: all) did not find any beans (OnBeanCondition)

   WebEndpointAutoConfiguration#pathMappedEndpoints matched:
      - @ConditionalOnMissingBean (types: org.springframework.boot.actuate.endpoint.web.PathMappedEndpoints; SearchStrategy: all) did not find any beans (OnBeanCondition)

   WebEndpointAutoConfiguration#webEndpointDiscoverer matched:
      - @ConditionalOnMissingBean (types: org.springframework.boot.actuate.endpoint.web.WebEndpointsSupplier; SearchStrategy: all) did not find any beans (OnBeanCondition)

   WebFluxAutoConfiguration matched:
      - @ConditionalOnClass found required class 'org.springframework.web.reactive.config.WebFluxConfigurer' (OnClassCondition)
      - found ConfigurableReactiveWebEnvironment (OnWebApplicationCondition)
      - @ConditionalOnMissingBean (types: org.springframework.web.reactive.config.WebFluxConfigurationSupport; SearchStrategy: all) did not find any beans (OnBeanCondition)

   WebFluxAutoConfiguration.EnableWebFluxConfiguration#localeContextResolver matched:
      - @ConditionalOnMissingBean (names: localeContextResolver; SearchStrategy: all) did not find any beans (OnBeanCondition)

   WebFluxAutoConfiguration.EnableWebFluxConfiguration#webSessionManager matched:
      - @ConditionalOnMissingBean (names: webSessionManager; SearchStrategy: all) did not find any beans (OnBeanCondition)

   WebFluxEndpointManagementContextConfiguration matched:
      - @ConditionalOnClass found required classes 'org.springframework.web.reactive.DispatcherHandler', 'org.springframework.http.server.reactive.HttpHandler' (OnClassCondition)
      - found ConfigurableReactiveWebEnvironment (OnWebApplicationCondition)
      - @ConditionalOnBean (types: org.springframework.boot.actuate.endpoint.web.WebEndpointsSupplier; SearchStrategy: all) found bean 'webEndpointDiscoverer' (OnBeanCondition)

   WebFluxEndpointManagementContextConfiguration#controllerEndpointHandlerMapping matched:
      - @ConditionalOnMissingBean (types: org.springframework.boot.actuate.endpoint.web.reactive.ControllerEndpointHandlerMapping; SearchStrategy: all) did not find any beans (OnBeanCondition)

   WebFluxEndpointManagementContextConfiguration#serverCodecConfigurerEndpointObjectMapperBeanPostProcessor matched:
      - @ConditionalOnBean (types: org.springframework.boot.actuate.endpoint.jackson.EndpointObjectMapper; SearchStrategy: all) found bean 'endpointObjectMapper' (OnBeanCondition)

   WebFluxEndpointManagementContextConfiguration#webEndpointReactiveHandlerMapping matched:
      - @ConditionalOnMissingBean (types: org.springframework.boot.actuate.endpoint.web.reactive.WebFluxEndpointHandlerMapping; SearchStrategy: all) did not find any beans (OnBeanCondition)

   WebFluxObservationAutoConfiguration matched:
      - @ConditionalOnClass found required classes 'io.micrometer.observation.Observation', 'io.micrometer.core.instrument.MeterRegistry' (OnClassCondition)
      - found ConfigurableReactiveWebEnvironment (OnWebApplicationCondition)
      - @ConditionalOnBean (types: io.micrometer.observation.ObservationRegistry,io.micrometer.core.instrument.MeterRegistry; SearchStrategy: all) found beans 'observationRegistry', 'simpleMeterRegistry' (OnBeanCondition)

   WebFluxObservationAutoConfiguration#defaultServerRequestObservationConvention matched:
      - @ConditionalOnMissingBean (types: org.springframework.http.server.reactive.observation.ServerRequestObservationConvention; SearchStrategy: all) did not find any beans (OnBeanCondition)

   WebSessionIdResolverAutoConfiguration matched:
      - @ConditionalOnClass found required classes 'org.springframework.web.server.session.WebSessionManager', 'reactor.core.publisher.Mono' (OnClassCondition)
      - found ConfigurableReactiveWebEnvironment (OnWebApplicationCondition)

   WebSessionIdResolverAutoConfiguration#webSessionIdResolver matched:
      - @ConditionalOnMissingBean (types: org.springframework.web.server.session.WebSessionIdResolver; SearchStrategy: all) did not find any beans (OnBeanCondition)


Negative matches:
-----------------

   ActiveMQAutoConfiguration:
      Did not match:
         - @ConditionalOnClass did not find required class 'jakarta.jms.ConnectionFactory' (OnClassCondition)

   AopAutoConfiguration.AspectJAutoProxyingConfiguration:
      Did not match:
         - @ConditionalOnClass did not find required class 'org.aspectj.weaver.Advice' (OnClassCondition)

   AppOpticsMetricsExportAutoConfiguration:
      Did not match:
         - @ConditionalOnClass did not find required class 'io.micrometer.appoptics.AppOpticsMeterRegistry' (OnClassCondition)

   ArtemisAutoConfiguration:
      Did not match:
         - @ConditionalOnClass did not find required class 'jakarta.jms.ConnectionFactory' (OnClassCondition)

   AtlasMetricsExportAutoConfiguration:
      Did not match:
         - @ConditionalOnClass did not find required class 'io.micrometer.atlas.AtlasMeterRegistry' (OnClassCondition)

   AuditAutoConfiguration:
      Did not match:
         - @ConditionalOnBean (types: org.springframework.boot.actuate.audit.AuditEventRepository; SearchStrategy: all) did not find any beans of type org.springframework.boot.actuate.audit.AuditEventRepository (OnBeanCondition)
      Matched:
         - @ConditionalOnBooleanProperty (management.auditevents.enabled=true) matched (OnPropertyCondition)

   AuditAutoConfiguration.AuthenticationAuditConfiguration:
      Did not match:
         - @ConditionalOnClass did not find required class 'org.springframework.security.authentication.event.AbstractAuthenticationEvent' (OnClassCondition)
         - Ancestor org.springframework.boot.actuate.autoconfigure.audit.AuditAutoConfiguration did not match (ConditionEvaluationReport.AncestorsMatchedCondition)

   AuditAutoConfiguration.AuthorizationAuditConfiguration:
      Did not match:
         - @ConditionalOnClass did not find required class 'org.springframework.security.access.event.AbstractAuthorizationEvent' (OnClassCondition)
         - Ancestor org.springframework.boot.actuate.autoconfigure.audit.AuditAutoConfiguration did not match (ConditionEvaluationReport.AncestorsMatchedCondition)

   AuditEventsEndpointAutoConfiguration:
      Did not match:
         - @ConditionalOnAvailableEndpoint not exposed (OnAvailableEndpointCondition)

   AvailabilityHealthContributorAutoConfiguration#livenessStateHealthIndicator:
      Did not match:
         - @ConditionalOnBooleanProperty (management.health.livenessstate.enabled=true) did not find property 'management.health.livenessstate.enabled' (OnPropertyCondition)

   AvailabilityHealthContributorAutoConfiguration#readinessStateHealthIndicator:
      Did not match:
         - @ConditionalOnBooleanProperty (management.health.readinessstate.enabled=true) did not find property 'management.health.readinessstate.enabled' (OnPropertyCondition)

   AvailabilityProbesAutoConfiguration:
      Did not match:
         - Probes availability not running on a supported cloud platform (AvailabilityProbesAutoConfiguration.ProbesCondition)

   BatchAutoConfiguration:
      Did not match:
         - @ConditionalOnClass did not find required class 'org.springframework.batch.core.launch.JobLauncher' (OnClassCondition)

   BatchObservationAutoConfiguration:
      Did not match:
         - @ConditionalOnClass did not find required class 'org.springframework.batch.core.configuration.annotation.BatchObservabilityBeanPostProcessor' (OnClassCondition)

   BeansEndpointAutoConfiguration:
      Did not match:
         - @ConditionalOnAvailableEndpoint not exposed (OnAvailableEndpointCondition)

   BlockingLoadBalancerClientAutoConfiguration.BlockingLoadBalancerRetryConfig:
      Did not match:
         - @ConditionalOnClass did not find required class 'org.springframework.retry.support.RetryTemplate' (OnClassCondition)

   BraveAutoConfiguration:
      Did not match:
         - @ConditionalOnClass did not find required class 'brave.Tracer' (OnClassCondition)

   Cache2kCacheConfiguration:
      Did not match:
         - @ConditionalOnClass did not find required class 'org.cache2k.Cache2kBuilder' (OnClassCondition)

   CacheAutoConfiguration:
      Did not match:
         - @ConditionalOnBean (types: org.springframework.cache.interceptor.CacheAspectSupport; SearchStrategy: all) did not find any beans of type org.springframework.cache.interceptor.CacheAspectSupport (OnBeanCondition)
      Matched:
         - @ConditionalOnClass found required class 'org.springframework.cache.CacheManager' (OnClassCondition)

   CacheAutoConfiguration.CacheManagerEntityManagerFactoryDependsOnPostProcessor:
      Did not match:
         - @ConditionalOnClass did not find required class 'org.springframework.orm.jpa.LocalContainerEntityManagerFactoryBean' (OnClassCondition)
         - Ancestor org.springframework.boot.autoconfigure.cache.CacheAutoConfiguration did not match (ConditionEvaluationReport.AncestorsMatchedCondition)

   CacheMeterBinderProvidersConfiguration.Cache2kCacheMeterBinderProviderConfiguration:
      Did not match:
         - @ConditionalOnClass did not find required classes 'org.cache2k.Cache2kBuilder', 'org.cache2k.extra.spring.SpringCache2kCache', 'org.cache2k.extra.micrometer.Cache2kCacheMetrics' (OnClassCondition)

   CacheMeterBinderProvidersConfiguration.CaffeineCacheMeterBinderProviderConfiguration:
      Did not match:
         - @ConditionalOnClass did not find required class 'com.github.benmanes.caffeine.cache.Cache' (OnClassCondition)

   CacheMeterBinderProvidersConfiguration.HazelcastCacheMeterBinderProviderConfiguration:
      Did not match:
         - @ConditionalOnClass did not find required classes 'com.hazelcast.spring.cache.HazelcastCache', 'com.hazelcast.core.Hazelcast' (OnClassCondition)

   CacheMeterBinderProvidersConfiguration.JCacheCacheMeterBinderProviderConfiguration:
      Did not match:
         - @ConditionalOnClass did not find required class 'javax.cache.CacheManager' (OnClassCondition)

   CacheMeterBinderProvidersConfiguration.RedisCacheMeterBinderProviderConfiguration:
      Did not match:
         - @ConditionalOnClass did not find required class 'org.springframework.data.redis.cache.RedisCache' (OnClassCondition)

   CacheMetricsAutoConfiguration:
      Did not match:
         - @ConditionalOnBean (types: org.springframework.cache.CacheManager; SearchStrategy: all) did not find any beans of type org.springframework.cache.CacheManager (OnBeanCondition)

   CachesEndpointAutoConfiguration:
      Did not match:
         - @ConditionalOnAvailableEndpoint not exposed (OnAvailableEndpointCondition)
      Matched:
         - @ConditionalOnClass found required class 'org.springframework.cache.CacheManager' (OnClassCondition)

   CaffeineCacheConfiguration:
      Did not match:
         - @ConditionalOnClass did not find required class 'com.github.benmanes.caffeine.cache.Caffeine' (OnClassCondition)

   CassandraAutoConfiguration:
      Did not match:
         - @ConditionalOnClass did not find required class 'com.datastax.oss.driver.api.core.CqlSession' (OnClassCondition)

   CassandraDataAutoConfiguration:
      Did not match:
         - @ConditionalOnClass did not find required class 'com.datastax.oss.driver.api.core.CqlSession' (OnClassCondition)

   CassandraHealthContributorAutoConfiguration:
      Did not match:
         - @ConditionalOnClass did not find required class 'com.datastax.oss.driver.api.core.CqlSession' (OnClassCondition)

   CassandraReactiveDataAutoConfiguration:
      Did not match:
         - @ConditionalOnClass did not find required class 'com.datastax.oss.driver.api.core.CqlSession' (OnClassCondition)

   CassandraReactiveHealthContributorAutoConfiguration:
      Did not match:
         - @ConditionalOnClass did not find required class 'com.datastax.oss.driver.api.core.CqlSession' (OnClassCondition)

   CassandraReactiveRepositoriesAutoConfiguration:
      Did not match:
         - @ConditionalOnClass did not find required class 'org.springframework.data.cassandra.ReactiveSession' (OnClassCondition)

   CassandraRepositoriesAutoConfiguration:
      Did not match:
         - @ConditionalOnClass did not find required class 'com.datastax.oss.driver.api.core.CqlSession' (OnClassCondition)

   CloudFoundryActuatorAutoConfiguration:
      Did not match:
         - @ConditionalOnClass did not find required class 'org.springframework.web.servlet.DispatcherServlet' (OnClassCondition)

   CloudHypermediaAutoConfiguration:
      Did not match:
         - @ConditionalOnClass did not find required class 'org.springframework.hateoas.Link' (OnClassCondition)

   CommonsClientAutoConfiguration.ActuatorConfiguration#featuresEndpoint:
      Did not match:
         - @ConditionalOnAvailableEndpoint not exposed (OnAvailableEndpointCondition)

   CompositeMeterRegistryConfiguration:
      Did not match:
         - NoneNestedConditions 1 matched 1 did not; NestedCondition on CompositeMeterRegistryConfiguration.MultipleNonPrimaryMeterRegistriesCondition.SingleInjectableMeterRegistry @ConditionalOnSingleCandidate (types: io.micrometer.core.instrument.MeterRegistry; SearchStrategy: all) found a single bean 'simpleMeterRegistry'; NestedCondition on CompositeMeterRegistryConfiguration.MultipleNonPrimaryMeterRegistriesCondition.NoMeterRegistryCondition @ConditionalOnMissingBean (types: io.micrometer.core.instrument.MeterRegistry; SearchStrategy: all) found beans of type 'io.micrometer.core.instrument.MeterRegistry' simpleMeterRegistry (CompositeMeterRegistryConfiguration.MultipleNonPrimaryMeterRegistriesCondition)

   ConditionsReportEndpointAutoConfiguration:
      Did not match:
         - @ConditionalOnAvailableEndpoint not exposed (OnAvailableEndpointCondition)

   ConfigClientAutoConfiguration#configClientProperties:
      Did not match:
         - @ConditionalOnMissingBean (types: org.springframework.cloud.config.client.ConfigClientProperties; SearchStrategy: all) found beans of type 'org.springframework.cloud.config.client.ConfigClientProperties' configDataConfigClientProperties (OnBeanCondition)

   ConfigClientAutoConfiguration.ConfigClientWatchConfiguration:
      Did not match:
         - @ConditionalOnProperty (spring.cloud.config.watch.enabled) did not find property 'spring.cloud.config.watch.enabled' (OnPropertyCondition)
      Matched:
         - @ConditionalOnClass found required class 'org.springframework.cloud.context.refresh.ContextRefresher' (OnClassCondition)

   ConfigurationPropertiesReportEndpointAutoConfiguration:
      Did not match:
         - @ConditionalOnAvailableEndpoint not exposed (OnAvailableEndpointCondition)

   ConnectionFactoryHealthContributorAutoConfiguration:
      Did not match:
         - @ConditionalOnClass did not find required class 'io.r2dbc.spi.ConnectionFactory' (OnClassCondition)

   ConnectionPoolMetricsAutoConfiguration:
      Did not match:
         - @ConditionalOnClass did not find required class 'io.r2dbc.pool.ConnectionPool' (OnClassCondition)

   CouchbaseAutoConfiguration:
      Did not match:
         - @ConditionalOnClass did not find required class 'com.couchbase.client.java.Cluster' (OnClassCondition)

   CouchbaseCacheConfiguration:
      Did not match:
         - @ConditionalOnClass did not find required class 'com.couchbase.client.java.Cluster' (OnClassCondition)

   CouchbaseDataAutoConfiguration:
      Did not match:
         - @ConditionalOnClass did not find required class 'com.couchbase.client.java.Bucket' (OnClassCondition)

   CouchbaseHealthContributorAutoConfiguration:
      Did not match:
         - @ConditionalOnClass did not find required class 'com.couchbase.client.java.Cluster' (OnClassCondition)

   CouchbaseReactiveDataAutoConfiguration:
      Did not match:
         - @ConditionalOnClass did not find required class 'com.couchbase.client.java.Cluster' (OnClassCondition)

   CouchbaseReactiveHealthContributorAutoConfiguration:
      Did not match:
         - @ConditionalOnClass did not find required class 'com.couchbase.client.java.Cluster' (OnClassCondition)

   CouchbaseReactiveRepositoriesAutoConfiguration:
      Did not match:
         - @ConditionalOnClass did not find required class 'com.couchbase.client.java.Cluster' (OnClassCondition)

   CouchbaseRepositoriesAutoConfiguration:
      Did not match:
         - @ConditionalOnClass did not find required class 'com.couchbase.client.java.Bucket' (OnClassCondition)

   DataSourceAutoConfiguration:
      Did not match:
         - @ConditionalOnClass did not find required class 'org.springframework.jdbc.datasource.embedded.EmbeddedDatabaseType' (OnClassCondition)

   DataSourceHealthContributorAutoConfiguration:
      Did not match:
         - @ConditionalOnClass did not find required class 'org.springframework.jdbc.core.JdbcTemplate' (OnClassCondition)

   DataSourceInitializationConfiguration:
      Did not match:
         - @ConditionalOnClass did not find required class 'org.springframework.jdbc.datasource.init.DatabasePopulator' (OnClassCondition)

   DataSourcePoolMetricsAutoConfiguration:
      Did not match:
         - @ConditionalOnBean (types: javax.sql.DataSource,io.micrometer.core.instrument.MeterRegistry; SearchStrategy: all) did not find any beans of type javax.sql.DataSource (OnBeanCondition)
      Matched:
         - @ConditionalOnClass found required classes 'javax.sql.DataSource', 'io.micrometer.core.instrument.MeterRegistry' (OnClassCondition)

   DataSourcePoolMetricsAutoConfiguration.HikariDataSourceMetricsConfiguration:
      Did not match:
         - @ConditionalOnClass did not find required class 'com.zaxxer.hikari.HikariDataSource' (OnClassCondition)
         - Ancestor org.springframework.boot.actuate.autoconfigure.metrics.jdbc.DataSourcePoolMetricsAutoConfiguration did not match (ConditionEvaluationReport.AncestorsMatchedCondition)

   DataSourceTransactionManagerAutoConfiguration:
      Did not match:
         - @ConditionalOnClass did not find required class 'org.springframework.jdbc.core.JdbcTemplate' (OnClassCondition)

   DatadogMetricsExportAutoConfiguration:
      Did not match:
         - @ConditionalOnClass did not find required class 'io.micrometer.datadog.DatadogMeterRegistry' (OnClassCondition)

   DiscoveryClientOptionalArgsConfiguration.DiscoveryClientOptionalArgsTlsConfiguration:
      Did not match:
         - AllNestedConditions 1 matched 1 did not; NestedCondition on DiscoveryClientOptionalArgsConfiguration.OnJerseyClientPresentAndEnabledCondition.OnJerseyClientEnabled @ConditionalOnProperty (eureka.client.jersey.enabled) matched; NestedCondition on DiscoveryClientOptionalArgsConfiguration.OnJerseyClientPresentAndEnabledCondition.OnJerseyClientPresent @ConditionalOnClass did not find required class 'org.glassfish.jersey.client.JerseyClient' (DiscoveryClientOptionalArgsConfiguration.OnJerseyClientPresentAndEnabledCondition)

   DiscoveryClientOptionalArgsConfiguration.RestClientConfiguration:
      Did not match:
         - AllNestedConditions 3 matched 1 did not; NestedCondition on DiscoveryClientOptionalArgsConfiguration.OnRestClientPresentAndEnabledCondition.OnRestClientEnabled @ConditionalOnProperty (eureka.client.restclient.enabled=true) did not find property 'restclient.enabled'; NestedCondition on DiscoveryClientOptionalArgsConfiguration.OnRestClientPresentAndEnabledCondition.OnWebClientDisabled @ConditionalOnProperty (eureka.client.webclient.enabled=false) matched; NestedCondition on DiscoveryClientOptionalArgsConfiguration.OnRestClientPresentAndEnabledCondition.OnJerseyClientNotPresentOrNotEnabled AnyNestedCondition 1 matched 1 did not; NestedCondition on DiscoveryClientOptionalArgsConfiguration.OnJerseyClientNotPresentOrNotEnabledCondition.OnJerseyClientDisabled @ConditionalOnProperty (eureka.client.jersey.enabled=false) did not find property 'eureka.client.jersey.enabled'; NestedCondition on DiscoveryClientOptionalArgsConfiguration.OnJerseyClientNotPresentOrNotEnabledCondition.OnJerseyClientMissing @ConditionalOnMissingClass did not find unwanted class 'org.glassfish.jersey.client.JerseyClient'; NestedCondition on DiscoveryClientOptionalArgsConfiguration.OnRestClientPresentAndEnabledCondition.OnRestClientPresent @ConditionalOnClass found required class 'org.springframework.web.client.RestClient' (DiscoveryClientOptionalArgsConfiguration.OnRestClientPresentAndEnabledCondition)

   DiscoveryClientOptionalArgsConfiguration.WebClientConfiguration:
      Did not match:
         - @ConditionalOnProperty (eureka.client.webclient.enabled=true) did not find property 'webclient.enabled' (OnPropertyCondition)
      Matched:
         - @ConditionalOnClass found required class 'org.springframework.web.reactive.function.client.WebClient' (OnClassCondition)

   DiscoveryClientOptionalArgsConfiguration.WebClientNotFoundConfiguration:
      Did not match:
         - @ConditionalOnMissingClass found unwanted class 'org.springframework.web.reactive.function.client.WebClient' (OnClassCondition)

   DispatcherServletAutoConfiguration:
      Did not match:
         - @ConditionalOnClass did not find required class 'org.springframework.web.servlet.DispatcherServlet' (OnClassCondition)

   DynatraceMetricsExportAutoConfiguration:
      Did not match:
         - @ConditionalOnClass did not find required class 'io.micrometer.dynatrace.DynatraceMeterRegistry' (OnClassCondition)

   ElasticMetricsExportAutoConfiguration:
      Did not match:
         - @ConditionalOnClass did not find required class 'io.micrometer.elastic.ElasticMeterRegistry' (OnClassCondition)

   ElasticsearchClientAutoConfiguration:
      Did not match:
         - @ConditionalOnClass did not find required class 'co.elastic.clients.elasticsearch.ElasticsearchClient' (OnClassCondition)

   ElasticsearchDataAutoConfiguration:
      Did not match:
         - @ConditionalOnClass did not find required class 'org.springframework.data.elasticsearch.client.elc.ElasticsearchTemplate' (OnClassCondition)

   ElasticsearchReactiveHealthContributorAutoConfiguration:
      Did not match:
         - @ConditionalOnClass did not find required class 'org.springframework.data.elasticsearch.client.elc.ReactiveElasticsearchClient' (OnClassCondition)

   ElasticsearchRepositoriesAutoConfiguration:
      Did not match:
         - @ConditionalOnClass did not find required class 'org.springframework.data.elasticsearch.repository.ElasticsearchRepository' (OnClassCondition)

   ElasticsearchRestClientAutoConfiguration:
      Did not match:
         - @ConditionalOnClass did not find required class 'org.elasticsearch.client.RestClientBuilder' (OnClassCondition)

   ElasticsearchRestHealthContributorAutoConfiguration:
      Did not match:
         - @ConditionalOnClass did not find required class 'org.elasticsearch.client.RestClient' (OnClassCondition)

   EmbeddedLdapAutoConfiguration:
      Did not match:
         - @ConditionalOnClass did not find required class 'com.unboundid.ldap.listener.InMemoryDirectoryServer' (OnClassCondition)

   EmbeddedWebServerFactoryCustomizerAutoConfiguration.JettyWebServerFactoryCustomizerConfiguration:
      Did not match:
         - @ConditionalOnClass did not find required classes 'org.eclipse.jetty.server.Server', 'org.eclipse.jetty.util.Loader', 'org.eclipse.jetty.ee10.webapp.WebAppContext' (OnClassCondition)

   EmbeddedWebServerFactoryCustomizerAutoConfiguration.TomcatWebServerFactoryCustomizerConfiguration:
      Did not match:
         - @ConditionalOnClass did not find required classes 'org.apache.catalina.startup.Tomcat', 'org.apache.coyote.UpgradeProtocol' (OnClassCondition)

   EmbeddedWebServerFactoryCustomizerAutoConfiguration.UndertowWebServerFactoryCustomizerConfiguration:
      Did not match:
         - @ConditionalOnClass did not find required classes 'io.undertow.Undertow', 'org.xnio.SslClientAuthMode' (OnClassCondition)

   EnvironmentEndpointAutoConfiguration:
      Did not match:
         - @ConditionalOnAvailableEndpoint not exposed (OnAvailableEndpointCondition)

   ErrorMvcAutoConfiguration:
      Did not match:
         - @ConditionalOnClass did not find required class 'jakarta.servlet.Servlet' (OnClassCondition)

   EurekaClientAutoConfiguration.EurekaClientConfiguration:
      Did not match:
         - AnyNestedCondition 0 matched 3 did not; NestedCondition on EurekaClientAutoConfiguration.OnMissingRefreshScopeCondition.OnPropertyDisabled @ConditionalOnProperty (eureka.client.refresh.enable=false) did not find property 'eureka.client.refresh.enable'; NestedCondition on EurekaClientAutoConfiguration.OnMissingRefreshScopeCondition.MissingScope @ConditionalOnMissingBean (types: org.springframework.cloud.autoconfigure.RefreshAutoConfiguration; SearchStrategy: all) found beans of type 'org.springframework.cloud.autoconfigure.RefreshAutoConfiguration' org.springframework.cloud.autoconfigure.RefreshAutoConfiguration; NestedCondition on EurekaClientAutoConfiguration.OnMissingRefreshScopeCondition.MissingClass @ConditionalOnMissingClass found unwanted class 'org.springframework.cloud.context.scope.refresh.RefreshScope' (EurekaClientAutoConfiguration.OnMissingRefreshScopeCondition)

   EurekaClientConfigServerAutoConfiguration:
      Did not match:
         - @ConditionalOnClass did not find required class 'org.springframework.cloud.config.server.config.ConfigServerProperties' (OnClassCondition)

   EurekaDiscoveryClientConfiguration.EurekaHealthCheckHandlerConfiguration:
      Did not match:
         - @ConditionalOnProperty (eureka.client.healthcheck.enabled) did not find property 'eureka.client.healthcheck.enabled' (OnPropertyCondition)

   FlywayAutoConfiguration:
      Did not match:
         - @ConditionalOnClass did not find required class 'org.flywaydb.core.Flyway' (OnClassCondition)

   FlywayEndpointAutoConfiguration:
      Did not match:
         - @ConditionalOnClass did not find required class 'org.flywaydb.core.Flyway' (OnClassCondition)

   FreeMarkerAutoConfiguration:
      Did not match:
         - @ConditionalOnClass did not find required class 'freemarker.template.Configuration' (OnClassCondition)

   GangliaMetricsExportAutoConfiguration:
      Did not match:
         - @ConditionalOnClass did not find required class 'io.micrometer.ganglia.GangliaMeterRegistry' (OnClassCondition)

   GatewayAutoConfiguration#forwardedHeadersFilter:
      Did not match:
         - AllNestedConditions 1 matched 1 did not; NestedCondition on TrustedProxies.ForwardedTrustedProxiesCondition.OnTrustedProxiesNotEmpty spring.cloud.gateway.server.webflux.trusted-proxies property is not set or is empty.; NestedCondition on TrustedProxies.ForwardedTrustedProxiesCondition.OnPropertyEnabled @ConditionalOnProperty (spring.cloud.gateway.server.webflux.forwarded.enabled) matched (TrustedProxies.ForwardedTrustedProxiesCondition)

   GatewayAutoConfiguration#grpcSslConfigurer:
      Did not match:
         - @ConditionalOnClass did not find required class 'io.grpc.Channel' (OnClassCondition)

   GatewayAutoConfiguration#jsonToGRPCFilterFactory:
      Did not match:
         - @ConditionalOnClass did not find required class 'io.grpc.Channel' (OnClassCondition)

   GatewayAutoConfiguration#principalNameKeyResolver:
      Did not match:
         - @ConditionalOnBean (types: org.springframework.cloud.gateway.filter.ratelimit.RateLimiter; SearchStrategy: all) did not find any beans of type org.springframework.cloud.gateway.filter.ratelimit.RateLimiter (OnBeanCondition)

   GatewayAutoConfiguration#requestRateLimiterGatewayFilterFactory:
      Did not match:
         - @ConditionalOnBean (types: org.springframework.cloud.gateway.filter.ratelimit.RateLimiter,org.springframework.cloud.gateway.filter.ratelimit.KeyResolver; SearchStrategy: all) did not find any beans of type org.springframework.cloud.gateway.filter.ratelimit.RateLimiter, org.springframework.cloud.gateway.filter.ratelimit.KeyResolver (OnBeanCondition)

   GatewayAutoConfiguration#xForwardedHeadersFilter:
      Did not match:
         - AllNestedConditions 1 matched 1 did not; NestedCondition on TrustedProxies.XForwardedTrustedProxiesCondition.OnTrustedProxiesNotEmpty spring.cloud.gateway.server.webflux.trusted-proxies property is not set or is empty.; NestedCondition on TrustedProxies.XForwardedTrustedProxiesCondition.OnPropertyEnabled @ConditionalOnProperty (spring.cloud.gateway.server.webflux.x-forwarded.enabled) matched (TrustedProxies.XForwardedTrustedProxiesCondition)

   GatewayAutoConfiguration.Bucket4jConfiguration:
      Did not match:
         - @ConditionalOnClass did not find required class 'io.github.bucket4j.distributed.proxy.AsyncProxyManager' (OnClassCondition)

   GatewayAutoConfiguration.GatewayActuatorConfiguration#gatewayLegacyControllerEndpoint:
      Did not match:
         - NoneNestedConditions 1 matched 0 did not; NestedCondition on GatewayAutoConfiguration.OnVerboseDisabledCondition.VerboseDisabled @ConditionalOnProperty (spring.cloud.gateway.server.webflux.actuator.verbose.enabled) matched (GatewayAutoConfiguration.OnVerboseDisabledCondition)

   GatewayAutoConfiguration.NettyConfiguration#gatewayNettyServerCustomizer:
      Did not match:
         - spring.cloud.gateway.server.webflux.trusted-proxies property is not set or is empty. (TrustedProxies.OnPropertyExistsCondition)

   GatewayAutoConfiguration.NettyConfiguration#nettyServerWiretapCustomizer:
      Did not match:
         - @ConditionalOnProperty (spring.cloud.gateway.server.webflux.httpserver.wiretap) did not find property 'spring.cloud.gateway.server.webflux.httpserver.wiretap' (OnPropertyCondition)

   GatewayAutoConfiguration.TokenRelayConfiguration:
      Did not match:
         - @ConditionalOnClass did not find required classes 'org.springframework.security.oauth2.client.OAuth2AuthorizedClient', 'org.springframework.security.web.server.SecurityWebFilterChain' (OnClassCondition)

   GatewayClassPathWarningAutoConfiguration.NewModuleConfiguration:
      Did not match:
         - @ConditionalOnMissingClass found unwanted class 'org.springframework.cloud.gateway.server.webflux.Marker' (OnClassCondition)

   GatewayClassPathWarningAutoConfiguration.SpringMvcFoundOnClasspathConfiguration:
      Did not match:
         - @ConditionalOnClass did not find required class 'org.springframework.web.servlet.DispatcherServlet' (OnClassCondition)

   GatewayClassPathWarningAutoConfiguration.WebfluxMissingFromClasspathConfiguration:
      Did not match:
         - @ConditionalOnMissingClass found unwanted class 'org.springframework.web.reactive.DispatcherHandler' (OnClassCondition)

   GatewayFunctionAutoConfiguration:
      Did not match:
         - @ConditionalOnClass did not find required class 'org.springframework.cloud.function.context.FunctionCatalog' (OnClassCondition)

   GatewayMetricsAutoConfiguration#gatewayPathTagsProvider:
      Did not match:
         - @ConditionalOnProperty (spring.cloud.gateway.server.webflux.metrics.tags.path.enabled) did not find property 'spring.cloud.gateway.server.webflux.metrics.tags.path.enabled' (OnPropertyCondition)

   GatewayMetricsAutoConfiguration.ObservabilityConfiguration.GatewayTracingConfiguration:
      Did not match:
         - @ConditionalOnClass did not find required class 'io.micrometer.tracing.Tracer' (OnClassCondition)

   GatewayNoLoadBalancerClientAutoConfiguration:
      Did not match:
         - @ConditionalOnMissingClass found unwanted class 'org.springframework.cloud.loadbalancer.core.ReactorLoadBalancer' (OnClassCondition)

   GatewayRedisAutoConfiguration:
      Did not match:
         - @ConditionalOnClass did not find required class 'org.springframework.data.redis.core.RedisTemplate' (OnClassCondition)

   GatewayResilience4JCircuitBreakerAutoConfiguration:
      Did not match:
         - @ConditionalOnClass did not find required class 'org.springframework.cloud.circuitbreaker.resilience4j.ReactiveResilience4JAutoConfiguration' (OnClassCondition)

   GatewayStreamAutoConfiguration:
      Did not match:
         - @ConditionalOnClass did not find required class 'org.springframework.cloud.stream.function.StreamBridge' (OnClassCondition)

   GraphQlAutoConfiguration:
      Did not match:
         - @ConditionalOnClass did not find required class 'graphql.GraphQL' (OnClassCondition)

   GraphQlObservationAutoConfiguration:
      Did not match:
         - @ConditionalOnClass did not find required class 'graphql.GraphQL' (OnClassCondition)

   GraphQlQueryByExampleAutoConfiguration:
      Did not match:
         - @ConditionalOnClass did not find required class 'graphql.GraphQL' (OnClassCondition)

   GraphQlQuerydslAutoConfiguration:
      Did not match:
         - @ConditionalOnClass did not find required class 'com.querydsl.core.Query' (OnClassCondition)

   GraphQlRSocketAutoConfiguration:
      Did not match:
         - @ConditionalOnClass did not find required class 'graphql.GraphQL' (OnClassCondition)

   GraphQlReactiveQueryByExampleAutoConfiguration:
      Did not match:
         - @ConditionalOnClass did not find required class 'graphql.GraphQL' (OnClassCondition)

   GraphQlReactiveQuerydslAutoConfiguration:
      Did not match:
         - @ConditionalOnClass did not find required class 'com.querydsl.core.Query' (OnClassCondition)

   GraphQlWebFluxAutoConfiguration:
      Did not match:
         - @ConditionalOnClass did not find required class 'graphql.GraphQL' (OnClassCondition)

   GraphQlWebFluxSecurityAutoConfiguration:
      Did not match:
         - @ConditionalOnClass did not find required class 'graphql.GraphQL' (OnClassCondition)

   GraphQlWebMvcAutoConfiguration:
      Did not match:
         - @ConditionalOnClass did not find required class 'graphql.GraphQL' (OnClassCondition)

   GraphQlWebMvcSecurityAutoConfiguration:
      Did not match:
         - @ConditionalOnClass did not find required class 'graphql.GraphQL' (OnClassCondition)

   GraphiteMetricsExportAutoConfiguration:
      Did not match:
         - @ConditionalOnClass did not find required class 'io.micrometer.graphite.GraphiteMeterRegistry' (OnClassCondition)

   GroovyTemplateAutoConfiguration:
      Did not match:
         - @ConditionalOnClass did not find required class 'groovy.text.markup.MarkupTemplateEngine' (OnClassCondition)

   H2ConsoleAutoConfiguration:
      Did not match:
         - @ConditionalOnClass did not find required class 'org.h2.server.web.JakartaWebServlet' (OnClassCondition)

   HazelcastAutoConfiguration:
      Did not match:
         - @ConditionalOnClass did not find required class 'com.hazelcast.core.HazelcastInstance' (OnClassCondition)

   HazelcastCacheConfiguration:
      Did not match:
         - @ConditionalOnClass did not find required class 'com.hazelcast.core.HazelcastInstance' (OnClassCondition)

   HazelcastHealthContributorAutoConfiguration:
      Did not match:
         - @ConditionalOnClass did not find required class 'com.hazelcast.core.HazelcastInstance' (OnClassCondition)

   HazelcastJpaDependencyAutoConfiguration:
      Did not match:
         - @ConditionalOnClass did not find required class 'com.hazelcast.core.HazelcastInstance' (OnClassCondition)

   HealthEndpointWebExtensionConfiguration:
      Did not match:
         - not a servlet web application (OnWebApplicationCondition)

   HeapDumpWebEndpointAutoConfiguration:
      Did not match:
         - @ConditionalOnAvailableEndpoint the configured access for endpoint 'heapdump' is NONE (OnAvailableEndpointCondition)

   HibernateJpaAutoConfiguration:
      Did not match:
         - @ConditionalOnClass did not find required class 'jakarta.persistence.EntityManager' (OnClassCondition)

   HibernateMetricsAutoConfiguration:
      Did not match:
         - @ConditionalOnClass did not find required class 'jakarta.persistence.EntityManagerFactory' (OnClassCondition)

   HttpClientAutoConfiguration:
      Did not match:
         - NoneNestedConditions 1 matched 0 did not; NestedCondition on NotReactiveWebApplicationCondition.ReactiveWebApplication found ConfigurableReactiveWebEnvironment (NotReactiveWebApplicationCondition)
      Matched:
         - @ConditionalOnClass found required class 'org.springframework.http.client.ClientHttpRequestFactory' (OnClassCondition)

   HttpEncodingAutoConfiguration:
      Did not match:
         - @ConditionalOnClass did not find required class 'org.springframework.web.filter.CharacterEncodingFilter' (OnClassCondition)

   HttpExchangesAutoConfiguration:
      Did not match:
         - @ConditionalOnBean (types: org.springframework.boot.actuate.web.exchanges.HttpExchangeRepository; SearchStrategy: all) did not find any beans of type org.springframework.boot.actuate.web.exchanges.HttpExchangeRepository (OnBeanCondition)
      Matched:
         - @ConditionalOnWebApplication (required) found ConfigurableReactiveWebEnvironment (OnWebApplicationCondition)
         - @ConditionalOnBooleanProperty (management.httpexchanges.recording.enabled=true) matched (OnPropertyCondition)

   HttpExchangesAutoConfiguration.ReactiveHttpExchangesConfiguration:
      Did not match:
         - Ancestor org.springframework.boot.actuate.autoconfigure.web.exchanges.HttpExchangesAutoConfiguration did not match (ConditionEvaluationReport.AncestorsMatchedCondition)
      Matched:
         - found ConfigurableReactiveWebEnvironment (OnWebApplicationCondition)

   HttpExchangesAutoConfiguration.ServletHttpExchangesConfiguration:
      Did not match:
         - not a servlet web application (OnWebApplicationCondition)
         - Ancestor org.springframework.boot.actuate.autoconfigure.web.exchanges.HttpExchangesAutoConfiguration did not match (ConditionEvaluationReport.AncestorsMatchedCondition)

   HttpExchangesEndpointAutoConfiguration:
      Did not match:
         - @ConditionalOnAvailableEndpoint not exposed (OnAvailableEndpointCondition)

   HttpMessageConvertersAutoConfiguration:
      Did not match:
         - NoneNestedConditions 1 matched 0 did not; NestedCondition on HttpMessageConvertersAutoConfiguration.NotReactiveWebApplicationCondition.ReactiveWebApplication found ConfigurableReactiveWebEnvironment (HttpMessageConvertersAutoConfiguration.NotReactiveWebApplicationCondition)
      Matched:
         - @ConditionalOnClass found required class 'org.springframework.http.converter.HttpMessageConverter' (OnClassCondition)

   HumioMetricsExportAutoConfiguration:
      Did not match:
         - @ConditionalOnClass did not find required class 'io.micrometer.humio.HumioMeterRegistry' (OnClassCondition)

   HypermediaAutoConfiguration:
      Did not match:
         - @ConditionalOnClass did not find required class 'org.springframework.hateoas.EntityModel' (OnClassCondition)

   InfinispanCacheConfiguration:
      Did not match:
         - @ConditionalOnClass did not find required class 'org.infinispan.spring.embedded.provider.SpringEmbeddedCacheManager' (OnClassCondition)

   InfluxMetricsExportAutoConfiguration:
      Did not match:
         - @ConditionalOnClass did not find required class 'io.micrometer.influx.InfluxMeterRegistry' (OnClassCondition)

   InfoContributorAutoConfiguration#buildInfoContributor:
      Did not match:
         - @ConditionalOnSingleCandidate (types: org.springframework.boot.info.BuildProperties; SearchStrategy: all) did not find any beans (OnBeanCondition)
      Matched:
         - @ConditionalOnEnabledInfoContributor management.info.defaults.enabled is considered true (OnEnabledInfoContributorCondition)

   InfoContributorAutoConfiguration#envInfoContributor:
      Did not match:
         - @ConditionalOnEnabledInfoContributor management.info.env.enabled is not true (OnEnabledInfoContributorCondition)

   InfoContributorAutoConfiguration#gitInfoContributor:
      Did not match:
         - @ConditionalOnSingleCandidate (types: org.springframework.boot.info.GitProperties; SearchStrategy: all) did not find any beans (OnBeanCondition)
      Matched:
         - @ConditionalOnEnabledInfoContributor management.info.defaults.enabled is considered true (OnEnabledInfoContributorCondition)

   InfoContributorAutoConfiguration#javaInfoContributor:
      Did not match:
         - @ConditionalOnEnabledInfoContributor management.info.java.enabled is not true (OnEnabledInfoContributorCondition)

   InfoContributorAutoConfiguration#osInfoContributor:
      Did not match:
         - @ConditionalOnEnabledInfoContributor management.info.os.enabled is not true (OnEnabledInfoContributorCondition)

   InfoContributorAutoConfiguration#processInfoContributor:
      Did not match:
         - @ConditionalOnEnabledInfoContributor management.info.process.enabled is not true (OnEnabledInfoContributorCondition)

   InfoContributorAutoConfiguration#sslInfo:
      Did not match:
         - @ConditionalOnEnabledInfoContributor management.info.ssl.enabled is not true (OnEnabledInfoContributorCondition)
      Matched:
         - @ConditionalOnMissingBean (types: org.springframework.boot.info.SslInfo; SearchStrategy: all) did not find any beans (OnBeanCondition)

   InfoContributorAutoConfiguration#sslInfoContributor:
      Did not match:
         - @ConditionalOnEnabledInfoContributor management.info.ssl.enabled is not true (OnEnabledInfoContributorCondition)

   IntegrationAutoConfiguration:
      Did not match:
         - @ConditionalOnClass did not find required class 'org.springframework.integration.config.EnableIntegration' (OnClassCondition)

   IntegrationGraphEndpointAutoConfiguration:
      Did not match:
         - @ConditionalOnClass did not find required class 'org.springframework.integration.graph.IntegrationGraphServer' (OnClassCondition)

   JCacheCacheConfiguration:
      Did not match:
         - @ConditionalOnClass did not find required class 'javax.cache.Caching' (OnClassCondition)

   JdbcClientAutoConfiguration:
      Did not match:
         - @ConditionalOnSingleCandidate did not find required type 'org.springframework.jdbc.core.namedparam.NamedParameterJdbcTemplate' (OnBeanCondition)

   JdbcRepositoriesAutoConfiguration:
      Did not match:
         - @ConditionalOnClass did not find required class 'org.springframework.data.jdbc.repository.config.AbstractJdbcConfiguration' (OnClassCondition)

   JdbcTemplateAutoConfiguration:
      Did not match:
         - @ConditionalOnClass did not find required class 'org.springframework.jdbc.core.JdbcTemplate' (OnClassCondition)

   JerseyAutoConfiguration:
      Did not match:
         - @ConditionalOnClass did not find required class 'jakarta.servlet.ServletRegistration' (OnClassCondition)

   JerseySameManagementContextConfiguration:
      Did not match:
         - @ConditionalOnClass did not find required class 'org.glassfish.jersey.server.ResourceConfig' (OnClassCondition)

   JerseyServerMetricsAutoConfiguration:
      Did not match:
         - @ConditionalOnClass did not find required class 'org.glassfish.jersey.micrometer.server.ObservationApplicationEventListener' (OnClassCondition)

   JerseyWebEndpointManagementContextConfiguration:
      Did not match:
         - @ConditionalOnClass did not find required class 'org.glassfish.jersey.server.ResourceConfig' (OnClassCondition)

   JettyMetricsAutoConfiguration:
      Did not match:
         - @ConditionalOnClass did not find required class 'org.eclipse.jetty.server.Server' (OnClassCondition)

   JmsAutoConfiguration:
      Did not match:
         - @ConditionalOnClass did not find required class 'jakarta.jms.Message' (OnClassCondition)

   JmsHealthContributorAutoConfiguration:
      Did not match:
         - @ConditionalOnClass did not find required class 'jakarta.jms.ConnectionFactory' (OnClassCondition)

   JmxAutoConfiguration:
      Did not match:
         - @ConditionalOnBooleanProperty (spring.jmx.enabled=true) did not find property 'spring.jmx.enabled' (OnPropertyCondition)
      Matched:
         - @ConditionalOnClass found required class 'org.springframework.jmx.export.MBeanExporter' (OnClassCondition)

   JmxEndpointAutoConfiguration:
      Did not match:
         - @ConditionalOnBooleanProperty (spring.jmx.enabled=true) did not find property 'spring.jmx.enabled' (OnPropertyCondition)

   JmxMetricsExportAutoConfiguration:
      Did not match:
         - @ConditionalOnClass did not find required class 'io.micrometer.jmx.JmxMeterRegistry' (OnClassCondition)

   JndiConnectionFactoryAutoConfiguration:
      Did not match:
         - @ConditionalOnClass did not find required class 'org.springframework.jms.core.JmsTemplate' (OnClassCondition)

   JndiDataSourceAutoConfiguration:
      Did not match:
         - @ConditionalOnClass did not find required class 'org.springframework.jdbc.datasource.embedded.EmbeddedDatabaseType' (OnClassCondition)

   JooqAutoConfiguration:
      Did not match:
         - @ConditionalOnClass did not find required class 'org.jooq.DSLContext' (OnClassCondition)

   JpaRepositoriesAutoConfiguration:
      Did not match:
         - @ConditionalOnClass did not find required class 'org.springframework.data.jpa.repository.JpaRepository' (OnClassCondition)

   JsonbAutoConfiguration:
      Did not match:
         - @ConditionalOnClass did not find required class 'jakarta.json.bind.Jsonb' (OnClassCondition)

   JtaAutoConfiguration:
      Did not match:
         - @ConditionalOnClass did not find required class 'jakarta.transaction.Transaction' (OnClassCondition)

   JvmMetricsAutoConfiguration.VirtualThreadMetricsConfiguration:
      Did not match:
         - @ConditionalOnClass did not find required class 'io.micrometer.java21.instrument.binder.jdk.VirtualThreadMetrics' (OnClassCondition)

   KafkaAutoConfiguration:
      Did not match:
         - @ConditionalOnClass did not find required class 'org.springframework.kafka.core.KafkaTemplate' (OnClassCondition)

   KafkaMetricsAutoConfiguration:
      Did not match:
         - @ConditionalOnClass did not find required class 'org.springframework.kafka.core.ProducerFactory' (OnClassCondition)

   KairosMetricsExportAutoConfiguration:
      Did not match:
         - @ConditionalOnClass did not find required class 'io.micrometer.kairos.KairosMeterRegistry' (OnClassCondition)

   LdapAutoConfiguration:
      Did not match:
         - @ConditionalOnClass did not find required class 'org.springframework.ldap.core.ContextSource' (OnClassCondition)

   LdapHealthContributorAutoConfiguration:
      Did not match:
         - @ConditionalOnClass did not find required class 'org.springframework.ldap.core.LdapOperations' (OnClassCondition)

   LdapRepositoriesAutoConfiguration:
      Did not match:
         - @ConditionalOnClass did not find required class 'org.springframework.data.ldap.repository.LdapRepository' (OnClassCondition)

   LettuceMetricsAutoConfiguration:
      Did not match:
         - @ConditionalOnClass did not find required class 'io.lettuce.core.metrics.MicrometerCommandLatencyRecorder' (OnClassCondition)

   LiquibaseAutoConfiguration:
      Did not match:
         - @ConditionalOnClass did not find required class 'liquibase.change.DatabaseChange' (OnClassCondition)

   LiquibaseEndpointAutoConfiguration:
      Did not match:
         - @ConditionalOnClass did not find required class 'liquibase.integration.spring.SpringLiquibase' (OnClassCondition)

   LoadBalancerAutoConfiguration.RetryAutoConfiguration:
      Did not match:
         - @ConditionalOnClass did not find required class 'org.springframework.retry.support.RetryTemplate' (OnClassCondition)

   LoadBalancerAutoConfiguration.RetryInterceptorAutoConfiguration:
      Did not match:
         - @ConditionalOnClass did not find required class 'org.springframework.retry.support.RetryTemplate' (OnClassCondition)

   LoadBalancerCacheAutoConfiguration.CaffeineLoadBalancerCacheManagerConfiguration:
      Did not match:
         - @ConditionalOnClass did not find required class 'com.github.benmanes.caffeine.cache.Caffeine' (OnClassCondition)

   LoadBalancerEurekaAutoConfiguration#zoneConfig:
      Did not match:
         - @ConditionalOnMissingBean (types: org.springframework.cloud.loadbalancer.config.LoadBalancerZoneConfig; SearchStrategy: all) found beans of type 'org.springframework.cloud.loadbalancer.config.LoadBalancerZoneConfig' zoneConfig (OnBeanCondition)

   LoadBalancerStatsAutoConfiguration:
      Did not match:
         - @ConditionalOnProperty (spring.cloud.loadbalancer.stats.micrometer.enabled=true) did not find property 'spring.cloud.loadbalancer.stats.micrometer.enabled' (OnPropertyCondition)
      Matched:
         - @ConditionalOnClass found required class 'io.micrometer.core.instrument.MeterRegistry' (OnClassCondition)

   LocalResponseCacheAutoConfiguration:
      Did not match:
         - @ConditionalOnClass did not find required class 'com.github.benmanes.caffeine.cache.Caffeine' (OnClassCondition)

   Log4J2MetricsAutoConfiguration:
      Did not match:
         - @ConditionalOnClass did not find required class 'org.apache.logging.log4j.core.LoggerContext' (OnClassCondition)

   LogFileWebEndpointAutoConfiguration:
      Did not match:
         - @ConditionalOnAvailableEndpoint not exposed (OnAvailableEndpointCondition)

   LoggersEndpointAutoConfiguration:
      Did not match:
         - @ConditionalOnAvailableEndpoint not exposed (OnAvailableEndpointCondition)

   MailHealthContributorAutoConfiguration:
      Did not match:
         - @ConditionalOnBean (types: org.springframework.mail.javamail.JavaMailSenderImpl; SearchStrategy: all) did not find any beans of type org.springframework.mail.javamail.JavaMailSenderImpl (OnBeanCondition)
      Matched:
         - @ConditionalOnClass found required class 'org.springframework.mail.javamail.JavaMailSenderImpl' (OnClassCondition)
         - @ConditionalOnEnabledHealthIndicator management.health.defaults.enabled is considered true (OnEnabledHealthIndicatorCondition)

   MailSenderAutoConfiguration:
      Did not match:
         - @ConditionalOnClass did not find required class 'jakarta.activation.MimeType' (OnClassCondition)

   MailSenderValidatorAutoConfiguration:
      Did not match:
         - @ConditionalOnBooleanProperty (spring.mail.test-connection=true) did not find property 'spring.mail.test-connection' (OnPropertyCondition)

   ManagementContextAutoConfiguration.DifferentManagementContextConfiguration:
      Did not match:
         - Management Port actual port type (SAME) did not match required type (DIFFERENT) (OnManagementPortCondition)

   ManagementWebSecurityAutoConfiguration:
      Did not match:
         - not a servlet web application (OnWebApplicationCondition)

   MappingsEndpointAutoConfiguration:
      Did not match:
         - @ConditionalOnAvailableEndpoint not exposed (OnAvailableEndpointCondition)

   MessageSourceAutoConfiguration:
      Did not match:
         - ResourceBundle did not find bundle with basename messages (MessageSourceAutoConfiguration.ResourceBundleCondition)

   MetricsAspectsAutoConfiguration:
      Did not match:
         - @ConditionalOnClass did not find required class 'org.aspectj.weaver.Advice' (OnClassCondition)

   MetricsEndpointAutoConfiguration:
      Did not match:
         - @ConditionalOnAvailableEndpoint not exposed (OnAvailableEndpointCondition)
      Matched:
         - @ConditionalOnClass found required class 'io.micrometer.core.annotation.Timed' (OnClassCondition)

   MicrometerTracingAutoConfiguration:
      Did not match:
         - @ConditionalOnClass did not find required class 'io.micrometer.tracing.Tracer' (OnClassCondition)

   MongoAutoConfiguration:
      Did not match:
         - @ConditionalOnClass did not find required class 'com.mongodb.client.MongoClient' (OnClassCondition)

   MongoDataAutoConfiguration:
      Did not match:
         - @ConditionalOnClass did not find required class 'com.mongodb.client.MongoClient' (OnClassCondition)

   MongoHealthContributorAutoConfiguration:
      Did not match:
         - @ConditionalOnClass did not find required class 'org.springframework.data.mongodb.core.MongoTemplate' (OnClassCondition)

   MongoMetricsAutoConfiguration:
      Did not match:
         - @ConditionalOnClass did not find required class 'com.mongodb.MongoClientSettings' (OnClassCondition)

   MongoReactiveAutoConfiguration:
      Did not match:
         - @ConditionalOnClass did not find required class 'com.mongodb.reactivestreams.client.MongoClient' (OnClassCondition)

   MongoReactiveDataAutoConfiguration:
      Did not match:
         - @ConditionalOnClass did not find required class 'com.mongodb.reactivestreams.client.MongoClient' (OnClassCondition)

   MongoReactiveHealthContributorAutoConfiguration:
      Did not match:
         - @ConditionalOnClass did not find required class 'org.springframework.data.mongodb.core.ReactiveMongoTemplate' (OnClassCondition)

   MongoReactiveRepositoriesAutoConfiguration:
      Did not match:
         - @ConditionalOnClass did not find required class 'com.mongodb.reactivestreams.client.MongoClient' (OnClassCondition)

   MongoRepositoriesAutoConfiguration:
      Did not match:
         - @ConditionalOnClass did not find required class 'com.mongodb.client.MongoClient' (OnClassCondition)

   MultipartAutoConfiguration:
      Did not match:
         - @ConditionalOnClass did not find required class 'jakarta.servlet.MultipartConfigElement' (OnClassCondition)

   MustacheAutoConfiguration:
      Did not match:
         - @ConditionalOnClass did not find required class 'com.samskivert.mustache.Mustache' (OnClassCondition)

   Neo4jAutoConfiguration:
      Did not match:
         - @ConditionalOnClass did not find required class 'org.neo4j.driver.Driver' (OnClassCondition)

   Neo4jDataAutoConfiguration:
      Did not match:
         - @ConditionalOnClass did not find required class 'org.neo4j.driver.Driver' (OnClassCondition)

   Neo4jHealthContributorAutoConfiguration:
      Did not match:
         - @ConditionalOnClass did not find required class 'org.neo4j.driver.Driver' (OnClassCondition)

   Neo4jReactiveDataAutoConfiguration:
      Did not match:
         - @ConditionalOnClass did not find required class 'org.neo4j.driver.Driver' (OnClassCondition)

   Neo4jReactiveRepositoriesAutoConfiguration:
      Did not match:
         - @ConditionalOnClass did not find required class 'org.neo4j.driver.Driver' (OnClassCondition)

   Neo4jRepositoriesAutoConfiguration:
      Did not match:
         - @ConditionalOnClass did not find required class 'org.neo4j.driver.Driver' (OnClassCondition)

   NewRelicMetricsExportAutoConfiguration:
      Did not match:
         - @ConditionalOnClass did not find required class 'io.micrometer.newrelic.NewRelicMeterRegistry' (OnClassCondition)

   NoOpMeterRegistryConfiguration:
      Did not match:
         - @ConditionalOnMissingBean (types: io.micrometer.core.instrument.MeterRegistry; SearchStrategy: all) found beans of type 'io.micrometer.core.instrument.MeterRegistry' simpleMeterRegistry (OnBeanCondition)

   NoopTracerAutoConfiguration:
      Did not match:
         - @ConditionalOnClass did not find required class 'io.micrometer.tracing.Tracer' (OnClassCondition)

   OAuth2AuthorizationServerAutoConfiguration:
      Did not match:
         - @ConditionalOnClass did not find required class 'org.springframework.security.oauth2.server.authorization.OAuth2Authorization' (OnClassCondition)

   OAuth2AuthorizationServerJwtAutoConfiguration:
      Did not match:
         - @ConditionalOnClass did not find required class 'com.nimbusds.jose.jwk.source.JWKSource' (OnClassCondition)

   OAuth2ClientAutoConfiguration:
      Did not match:
         - @ConditionalOnClass did not find required class 'org.springframework.security.oauth2.client.registration.ClientRegistration' (OnClassCondition)

   OAuth2ClientWebSecurityAutoConfiguration:
      Did not match:
         - @ConditionalOnClass did not find required class 'org.springframework.security.config.annotation.web.configuration.EnableWebSecurity' (OnClassCondition)

   OAuth2LoadBalancerClientAutoConfiguration:
      Did not match:
         - @ConditionalOnProperty (spring.cloud.oauth2.load-balanced.enabled) did not find property 'spring.cloud.oauth2.load-balanced.enabled' (OnPropertyCondition)

   OAuth2ResourceServerAutoConfiguration:
      Did not match:
         - @ConditionalOnClass did not find required class 'org.springframework.security.oauth2.server.resource.authentication.BearerTokenAuthenticationToken' (OnClassCondition)

   ObservationAutoConfiguration.MeterObservationHandlerConfiguration.TracingAndMetricsObservationHandlerConfiguration:
      Did not match:
         - @ConditionalOnBean did not find required type 'io.micrometer.tracing.Tracer' (OnBeanCondition)
         - @ConditionalOnBean (types: io.micrometer.tracing.Tracer; SearchStrategy: all) did not find any beans of type io.micrometer.tracing.Tracer (OnBeanCondition)

   ObservationAutoConfiguration.MetricsWithTracingConfiguration:
      Did not match:
         - @ConditionalOnClass did not find required class 'io.micrometer.tracing.Tracer' (OnClassCondition)

   ObservationAutoConfiguration.ObservedAspectConfiguration:
      Did not match:
         - @ConditionalOnClass did not find required class 'org.aspectj.weaver.Advice' (OnClassCondition)

   ObservationAutoConfiguration.OnlyTracingConfiguration:
      Did not match:
         - @ConditionalOnClass did not find required class 'io.micrometer.tracing.Tracer' (OnClassCondition)

   OpenTelemetryAutoConfiguration:
      Did not match:
         - @ConditionalOnClass did not find required class 'io.opentelemetry.sdk.OpenTelemetrySdk' (OnClassCondition)

   OpenTelemetryLoggingAutoConfiguration:
      Did not match:
         - @ConditionalOnClass did not find required class 'io.opentelemetry.api.OpenTelemetry' (OnClassCondition)

   OpenTelemetryTracingAutoConfiguration:
      Did not match:
         - @ConditionalOnClass did not find required class 'io.micrometer.tracing.otel.bridge.OtelTracer' (OnClassCondition)

   OtlpLoggingAutoConfiguration:
      Did not match:
         - @ConditionalOnClass did not find required class 'io.opentelemetry.api.OpenTelemetry' (OnClassCondition)

   OtlpMetricsExportAutoConfiguration:
      Did not match:
         - @ConditionalOnClass did not find required class 'io.micrometer.registry.otlp.OtlpMeterRegistry' (OnClassCondition)

   OtlpTracingAutoConfiguration:
      Did not match:
         - @ConditionalOnClass did not find required class 'io.micrometer.tracing.otel.bridge.OtelTracer' (OnClassCondition)

   PauseResumeEndpointsConfiguration#pauseEndpoint:
      Did not match:
         - @ConditionalOnBean (types: org.springframework.cloud.context.restart.RestartEndpoint; SearchStrategy: all) did not find any beans of type org.springframework.cloud.context.restart.RestartEndpoint (OnBeanCondition)

   PauseResumeEndpointsConfiguration#resumeEndpoint:
      Did not match:
         - @ConditionalOnBean (types: org.springframework.cloud.context.restart.RestartEndpoint; SearchStrategy: all) did not find any beans of type org.springframework.cloud.context.restart.RestartEndpoint (OnBeanCondition)

   PersistenceExceptionTranslationAutoConfiguration:
      Did not match:
         - @ConditionalOnClass did not find required class 'org.springframework.dao.annotation.PersistenceExceptionTranslationPostProcessor' (OnClassCondition)

   ProjectInfoAutoConfiguration#buildProperties:
      Did not match:
         - @ConditionalOnResource did not find resource '${spring.info.build.location:classpath:META-INF/build-info.properties}' (OnResourceCondition)

   ProjectInfoAutoConfiguration#gitProperties:
      Did not match:
         - GitResource did not find git info at classpath:git.properties (ProjectInfoAutoConfiguration.GitResourceAvailableCondition)

   PrometheusExemplarsAutoConfiguration:
      Did not match:
         - @ConditionalOnClass did not find required class 'io.micrometer.tracing.Tracer' (OnClassCondition)

   PrometheusMetricsExportAutoConfiguration:
      Did not match:
         - @ConditionalOnClass did not find required class 'io.micrometer.prometheusmetrics.PrometheusMeterRegistry' (OnClassCondition)

   PulsarAutoConfiguration:
      Did not match:
         - @ConditionalOnClass did not find required class 'org.apache.pulsar.client.api.PulsarClient' (OnClassCondition)

   PulsarReactiveAutoConfiguration:
      Did not match:
         - @ConditionalOnClass did not find required class 'org.apache.pulsar.client.api.PulsarClient' (OnClassCondition)

   QuartzAutoConfiguration:
      Did not match:
         - @ConditionalOnClass did not find required class 'org.quartz.Scheduler' (OnClassCondition)

   QuartzEndpointAutoConfiguration:
      Did not match:
         - @ConditionalOnClass did not find required class 'org.quartz.Scheduler' (OnClassCondition)

   R2dbcAutoConfiguration:
      Did not match:
         - @ConditionalOnClass did not find required class 'io.r2dbc.spi.ConnectionFactory' (OnClassCondition)

   R2dbcDataAutoConfiguration:
      Did not match:
         - @ConditionalOnClass did not find required class 'org.springframework.data.r2dbc.core.R2dbcEntityTemplate' (OnClassCondition)

   R2dbcInitializationConfiguration:
      Did not match:
         - @ConditionalOnClass did not find required classes 'io.r2dbc.spi.ConnectionFactory', 'org.springframework.r2dbc.connection.init.DatabasePopulator' (OnClassCondition)

   R2dbcObservationAutoConfiguration:
      Did not match:
         - @ConditionalOnClass did not find required class 'io.r2dbc.proxy.ProxyConnectionFactory' (OnClassCondition)

   R2dbcProxyAutoConfiguration:
      Did not match:
         - @ConditionalOnClass did not find required class 'io.r2dbc.proxy.ProxyConnectionFactory' (OnClassCondition)

   R2dbcRepositoriesAutoConfiguration:
      Did not match:
         - @ConditionalOnClass did not find required class 'io.r2dbc.spi.ConnectionFactory' (OnClassCondition)

   R2dbcTransactionManagerAutoConfiguration:
      Did not match:
         - @ConditionalOnClass did not find required class 'org.springframework.r2dbc.connection.R2dbcTransactionManager' (OnClassCondition)

   RSocketGraphQlClientAutoConfiguration:
      Did not match:
         - @ConditionalOnClass did not find required class 'graphql.GraphQL' (OnClassCondition)

   RSocketMessagingAutoConfiguration:
      Did not match:
         - @ConditionalOnClass did not find required class 'io.rsocket.RSocket' (OnClassCondition)

   RSocketRequesterAutoConfiguration:
      Did not match:
         - @ConditionalOnClass did not find required class 'io.rsocket.RSocket' (OnClassCondition)

   RSocketSecurityAutoConfiguration:
      Did not match:
         - @ConditionalOnClass did not find required class 'org.springframework.security.rsocket.core.SecuritySocketAcceptorInterceptor' (OnClassCondition)

   RSocketServerAutoConfiguration:
      Did not match:
         - @ConditionalOnClass did not find required class 'io.rsocket.core.RSocketServer' (OnClassCondition)

   RSocketStrategiesAutoConfiguration:
      Did not match:
         - @ConditionalOnClass did not find required class 'io.rsocket.RSocket' (OnClassCondition)

   RabbitAutoConfiguration:
      Did not match:
         - @ConditionalOnClass did not find required class 'com.rabbitmq.client.Channel' (OnClassCondition)

   RabbitHealthContributorAutoConfiguration:
      Did not match:
         - @ConditionalOnClass did not find required class 'org.springframework.amqp.rabbit.core.RabbitTemplate' (OnClassCondition)

   RabbitMetricsAutoConfiguration:
      Did not match:
         - @ConditionalOnClass did not find required class 'com.rabbitmq.client.ConnectionFactory' (OnClassCondition)

   ReactiveCloudFoundryActuatorAutoConfiguration:
      Did not match:
         - @ConditionalOnCloudPlatform did not find CLOUD_FOUNDRY (OnCloudPlatformCondition)
      Matched:
         - found ConfigurableReactiveWebEnvironment (OnWebApplicationCondition)
         - @ConditionalOnBooleanProperty (management.cloudfoundry.enabled=true) matched (OnPropertyCondition)

   ReactiveElasticsearchClientAutoConfiguration:
      Did not match:
         - @ConditionalOnClass did not find required class 'co.elastic.clients.transport.ElasticsearchTransport' (OnClassCondition)

   ReactiveElasticsearchRepositoriesAutoConfiguration:
      Did not match:
         - @ConditionalOnClass did not find required class 'org.springframework.data.elasticsearch.client.elc.ReactiveElasticsearchClient' (OnClassCondition)

   ReactiveManagementWebSecurityAutoConfiguration:
      Did not match:
         - @ConditionalOnClass did not find required class 'org.springframework.security.config.annotation.web.reactive.EnableWebFluxSecurity' (OnClassCondition)

   ReactiveOAuth2ClientAutoConfiguration:
      Did not match:
         - @ConditionalOnClass did not find required class 'org.springframework.security.oauth2.client.registration.ClientRegistration' (OnClassCondition)

   ReactiveOAuth2ClientWebSecurityAutoConfiguration:
      Did not match:
         - @ConditionalOnClass did not find required class 'org.springframework.security.config.annotation.web.reactive.EnableWebFluxSecurity' (OnClassCondition)

   ReactiveOAuth2ResourceServerAutoConfiguration:
      Did not match:
         - @ConditionalOnClass did not find required class 'org.springframework.security.config.annotation.web.reactive.EnableWebFluxSecurity' (OnClassCondition)

   ReactiveSecurityAutoConfiguration:
      Did not match:
         - @ConditionalOnClass did not find required class 'org.springframework.security.config.annotation.web.reactive.EnableWebFluxSecurity' (OnClassCondition)

   ReactiveUserDetailsServiceAutoConfiguration:
      Did not match:
         - @ConditionalOnClass did not find required class 'org.springframework.security.authentication.ReactiveAuthenticationManager' (OnClassCondition)

   ReactiveWebServerFactoryAutoConfiguration#forwardedHeaderTransformer:
      Did not match:
         - @ConditionalOnProperty (server.forward-headers-strategy=framework) did not find property 'server.forward-headers-strategy' (OnPropertyCondition)

   ReactiveWebServerFactoryAutoConfiguration.TomcatConfiguration:
      Did not match:
         - @ConditionalOnClass did not find required class 'org.apache.catalina.startup.Tomcat' (OnClassCondition)

   ReactiveWebServerFactoryConfiguration.EmbeddedJetty:
      Did not match:
         - @ConditionalOnClass did not find required classes 'org.eclipse.jetty.server.Server', 'org.eclipse.jetty.ee10.servlet.ServletHolder' (OnClassCondition)

   ReactiveWebServerFactoryConfiguration.EmbeddedTomcat:
      Did not match:
         - @ConditionalOnClass did not find required class 'org.apache.catalina.startup.Tomcat' (OnClassCondition)

   ReactiveWebServerFactoryConfiguration.EmbeddedUndertow:
      Did not match:
         - @ConditionalOnClass did not find required class 'io.undertow.Undertow' (OnClassCondition)

   ReactorLoadBalancerClientAutoConfiguration#loadBalancerRetryPolicy:
      Did not match:
         - @ConditionalOnProperty (spring.cloud.loadbalancer.retry.enabled=true) did not find property 'spring.cloud.loadbalancer.retry.enabled' (OnPropertyCondition)

   ReactorLoadBalancerClientAutoConfiguration#retryableLoadBalancerExchangeFilterFunction:
      Did not match:
         - @ConditionalOnProperty (spring.cloud.loadbalancer.retry.enabled=true) did not find property 'spring.cloud.loadbalancer.retry.enabled' (OnPropertyCondition)

   RedisAutoConfiguration:
      Did not match:
         - @ConditionalOnClass did not find required class 'org.springframework.data.redis.core.RedisOperations' (OnClassCondition)

   RedisCacheConfiguration:
      Did not match:
         - @ConditionalOnClass did not find required class 'org.springframework.data.redis.connection.RedisConnectionFactory' (OnClassCondition)

   RedisHealthContributorAutoConfiguration:
      Did not match:
         - @ConditionalOnClass did not find required class 'org.springframework.data.redis.connection.RedisConnectionFactory' (OnClassCondition)

   RedisReactiveAutoConfiguration:
      Did not match:
         - @ConditionalOnClass did not find required class 'org.springframework.data.redis.connection.ReactiveRedisConnectionFactory' (OnClassCondition)

   RedisReactiveHealthContributorAutoConfiguration:
      Did not match:
         - @ConditionalOnClass did not find required class 'org.springframework.data.redis.connection.ReactiveRedisConnectionFactory' (OnClassCondition)

   RedisRepositoriesAutoConfiguration:
      Did not match:
         - @ConditionalOnClass did not find required class 'org.springframework.data.redis.repository.configuration.EnableRedisRepositories' (OnClassCondition)

   RefreshAutoConfiguration#legacyContextRefresher:
      Did not match:
         - AnyNestedCondition 0 matched 3 did not; NestedCondition on ConditionalOnBootstrapEnabled.OnBootstrapEnabledCondition.OnBootstrapEnabled @ConditionalOnProperty (spring.cloud.bootstrap.enabled) did not find property 'spring.cloud.bootstrap.enabled'; NestedCondition on ConditionalOnBootstrapEnabled.OnBootstrapEnabledCondition.OnUseLegacyProcessingEnabled @ConditionalOnProperty (spring.config.use-legacy-processing) did not find property 'spring.config.use-legacy-processing'; NestedCondition on ConditionalOnBootstrapEnabled.OnBootstrapEnabledCondition.OnBootstrapMarkerClassPresent @ConditionalOnClass did not find required class 'org.springframework.cloud.bootstrap.marker.Marker' (ConditionalOnBootstrapEnabled.OnBootstrapEnabledCondition)

   RefreshEndpointAutoConfiguration.RefreshEndpointConfiguration#refreshEndpoint:
      Did not match:
         - @ConditionalOnAvailableEndpoint not exposed (OnAvailableEndpointCondition)
      Matched:
         - @ConditionalOnBean (types: org.springframework.cloud.context.refresh.ContextRefresher; SearchStrategy: all) found bean 'configDataContextRefresher'; @ConditionalOnMissingBean (types: org.springframework.cloud.endpoint.RefreshEndpoint; SearchStrategy: all) did not find any beans (OnBeanCondition)

   RepositoryMetricsAutoConfiguration:
      Did not match:
         - @ConditionalOnClass did not find required class 'org.springframework.data.repository.Repository' (OnClassCondition)

   RepositoryRestMvcAutoConfiguration:
      Did not match:
         - @ConditionalOnClass did not find required class 'org.springframework.data.rest.webmvc.config.RepositoryRestMvcConfiguration' (OnClassCondition)

   ResourceServerTokenRelayAutoConfiguration:
      Did not match:
         - @ConditionalOnClass did not find required class 'org.springframework.web.servlet.config.annotation.WebMvcConfigurer' (OnClassCondition)

   RestClientAutoConfiguration:
      Did not match:
         - AnyNestedCondition 0 matched 2 did not; NestedCondition on NotReactiveWebApplicationOrVirtualThreadsExecutorEnabledCondition.VirtualThreadsExecutorEnabled found non-matching nested conditions @ConditionalOnThreading did not find VIRTUAL; NestedCondition on NotReactiveWebApplicationOrVirtualThreadsExecutorEnabledCondition.NotReactiveWebApplication NoneNestedConditions 1 matched 0 did not; NestedCondition on NotReactiveWebApplicationCondition.ReactiveWebApplication found ConfigurableReactiveWebEnvironment (NotReactiveWebApplicationOrVirtualThreadsExecutorEnabledCondition)
      Matched:
         - @ConditionalOnClass found required class 'org.springframework.web.client.RestClient' (OnClassCondition)

   RestClientObservationConfiguration:
      Did not match:
         - @ConditionalOnBean (types: org.springframework.web.client.RestClient$Builder; SearchStrategy: all) did not find any beans of type org.springframework.web.client.RestClient$Builder (OnBeanCondition)
      Matched:
         - @ConditionalOnClass found required class 'org.springframework.web.client.RestClient' (OnClassCondition)

   RestTemplateAutoConfiguration:
      Did not match:
         - NoneNestedConditions 1 matched 0 did not; NestedCondition on NotReactiveWebApplicationCondition.ReactiveWebApplication found ConfigurableReactiveWebEnvironment (NotReactiveWebApplicationCondition)
      Matched:
         - @ConditionalOnClass found required class 'org.springframework.web.client.RestTemplate' (OnClassCondition)

   RestTemplateObservationConfiguration:
      Did not match:
         - @ConditionalOnBean (types: org.springframework.boot.web.client.RestTemplateBuilder; SearchStrategy: all) did not find any beans of type org.springframework.boot.web.client.RestTemplateBuilder (OnBeanCondition)
      Matched:
         - @ConditionalOnClass found required class 'org.springframework.web.client.RestTemplate' (OnClassCondition)

   RestartEndpointWithIntegrationConfiguration:
      Did not match:
         - @ConditionalOnClass did not find required class 'org.springframework.integration.monitor.IntegrationMBeanExporter' (OnClassCondition)

   RestartEndpointWithoutIntegrationConfiguration#restartEndpointWithoutIntegration:
      Did not match:
         - @ConditionalOnAvailableEndpoint the configured access for endpoint 'restart' is NONE (OnAvailableEndpointCondition)

   Saml2RelyingPartyAutoConfiguration:
      Did not match:
         - @ConditionalOnClass did not find required class 'org.springframework.security.saml2.provider.service.registration.RelyingPartyRegistrationRepository' (OnClassCondition)

   SbomEndpointAutoConfiguration:
      Did not match:
         - @ConditionalOnAvailableEndpoint not exposed (OnAvailableEndpointCondition)

   ScheduledTasksEndpointAutoConfiguration:
      Did not match:
         - @ConditionalOnAvailableEndpoint not exposed (OnAvailableEndpointCondition)

   SecurityAutoConfiguration:
      Did not match:
         - @ConditionalOnClass did not find required class 'org.springframework.security.authentication.DefaultAuthenticationEventPublisher' (OnClassCondition)

   SecurityFilterAutoConfiguration:
      Did not match:
         - @ConditionalOnClass did not find required class 'org.springframework.security.config.http.SessionCreationPolicy' (OnClassCondition)

   SecurityRequestMatchersManagementContextConfiguration:
      Did not match:
         - @ConditionalOnClass did not find required class 'org.springframework.security.web.util.matcher.RequestMatcher' (OnClassCondition)

   SendGridAutoConfiguration:
      Did not match:
         - @ConditionalOnClass did not find required class 'com.sendgrid.SendGrid' (OnClassCondition)

   ServiceRegistryAutoConfiguration.ServiceRegistryEndpointConfiguration#serviceRegistryEndpoint:
      Did not match:
         - @ConditionalOnAvailableEndpoint not exposed (OnAvailableEndpointCondition)

   ServletEndpointManagementContextConfiguration:
      Did not match:
         - not a servlet web application (OnWebApplicationCondition)

   ServletManagementContextAutoConfiguration:
      Did not match:
         - @ConditionalOnClass did not find required class 'jakarta.servlet.Servlet' (OnClassCondition)

   ServletWebServerFactoryAutoConfiguration:
      Did not match:
         - @ConditionalOnClass did not find required class 'jakarta.servlet.ServletRequest' (OnClassCondition)

   SessionAutoConfiguration:
      Did not match:
         - @ConditionalOnClass did not find required class 'org.springframework.session.Session' (OnClassCondition)

   SessionsEndpointAutoConfiguration:
      Did not match:
         - @ConditionalOnClass did not find required class 'org.springframework.session.Session' (OnClassCondition)

   ShutdownEndpointAutoConfiguration:
      Did not match:
         - @ConditionalOnAvailableEndpoint the configured access for endpoint 'shutdown' is NONE (OnAvailableEndpointCondition)

   SignalFxMetricsExportAutoConfiguration:
      Did not match:
         - @ConditionalOnClass did not find required class 'io.micrometer.signalfx.SignalFxMeterRegistry' (OnClassCondition)

   SimpleUrlHandlerMappingGlobalCorsAutoConfiguration:
      Did not match:
         - @ConditionalOnProperty (spring.cloud.gateway.server.webflux.globalcors.add-to-simple-url-handler-mapping) did not find property 'spring.cloud.gateway.server.webflux.globalcors.add-to-simple-url-handler-mapping' (OnPropertyCondition)
      Matched:
         - @ConditionalOnClass found required class 'org.springframework.web.reactive.handler.SimpleUrlHandlerMapping' (OnClassCondition)

   SpringApplicationAdminJmxAutoConfiguration:
      Did not match:
         - @ConditionalOnBooleanProperty (spring.application.admin.enabled=true) did not find property 'spring.application.admin.enabled' (OnPropertyCondition)

   SpringDataWebAutoConfiguration:
      Did not match:
         - @ConditionalOnClass did not find required class 'org.springframework.data.web.PageableHandlerMethodArgumentResolver' (OnClassCondition)

   SslObservabilityAutoConfiguration#sslInfoProvider:
      Did not match:
         - @ConditionalOnMissingBean (types: org.springframework.boot.info.SslInfo; SearchStrategy: all) found beans of type 'org.springframework.boot.info.SslInfo' sslInfo (OnBeanCondition)

   StackdriverMetricsExportAutoConfiguration:
      Did not match:
         - @ConditionalOnClass did not find required class 'io.micrometer.stackdriver.StackdriverMeterRegistry' (OnClassCondition)

   StartupEndpointAutoConfiguration:
      Did not match:
         - ApplicationStartup configured applicationStartup is of type class org.springframework.core.metrics.DefaultApplicationStartup, expected BufferingApplicationStartup. (StartupEndpointAutoConfiguration.ApplicationStartupCondition)

   StatsdMetricsExportAutoConfiguration:
      Did not match:
         - @ConditionalOnClass did not find required class 'io.micrometer.statsd.StatsdMeterRegistry' (OnClassCondition)

   TaskExecutorConfigurations.SimpleAsyncTaskExecutorBuilderConfiguration#simpleAsyncTaskExecutorBuilderVirtualThreads:
      Did not match:
         - @ConditionalOnMissingBean (types: org.springframework.boot.task.SimpleAsyncTaskExecutorBuilder; SearchStrategy: all) found beans of type 'org.springframework.boot.task.SimpleAsyncTaskExecutorBuilder' simpleAsyncTaskExecutorBuilder (OnBeanCondition)

   TaskExecutorConfigurations.TaskExecutorConfiguration#applicationTaskExecutorVirtualThreads:
      Did not match:
         - @ConditionalOnThreading did not find VIRTUAL (OnThreadingCondition)

   TaskSchedulingAutoConfiguration#scheduledBeanLazyInitializationExcludeFilter:
      Did not match:
         - @ConditionalOnBean (names: org.springframework.context.annotation.internalScheduledAnnotationProcessor; SearchStrategy: all) did not find any beans named org.springframework.context.annotation.internalScheduledAnnotationProcessor (OnBeanCondition)

   TaskSchedulingConfigurations.SimpleAsyncTaskSchedulerBuilderConfiguration#simpleAsyncTaskSchedulerBuilderVirtualThreads:
      Did not match:
         - @ConditionalOnMissingBean (types: org.springframework.boot.task.SimpleAsyncTaskSchedulerBuilder; SearchStrategy: all) found beans of type 'org.springframework.boot.task.SimpleAsyncTaskSchedulerBuilder' simpleAsyncTaskSchedulerBuilder (OnBeanCondition)

   TaskSchedulingConfigurations.TaskSchedulerConfiguration:
      Did not match:
         - @ConditionalOnBean (names: org.springframework.context.annotation.internalScheduledAnnotationProcessor; SearchStrategy: all) did not find any beans named org.springframework.context.annotation.internalScheduledAnnotationProcessor (OnBeanCondition)

   ThreadDumpEndpointAutoConfiguration:
      Did not match:
         - @ConditionalOnAvailableEndpoint not exposed (OnAvailableEndpointCondition)

   ThymeleafAutoConfiguration:
      Did not match:
         - @ConditionalOnClass did not find required class 'org.thymeleaf.spring6.SpringTemplateEngine' (OnClassCondition)

   TomcatMetricsAutoConfiguration:
      Did not match:
         - @ConditionalOnClass did not find required class 'org.apache.catalina.Manager' (OnClassCondition)

   TransactionAutoConfiguration:
      Did not match:
         - @ConditionalOnClass did not find required class 'org.springframework.transaction.PlatformTransactionManager' (OnClassCondition)

   TransactionManagerCustomizationAutoConfiguration:
      Did not match:
         - @ConditionalOnClass did not find required class 'org.springframework.transaction.PlatformTransactionManager' (OnClassCondition)

   UserDetailsServiceAutoConfiguration:
      Did not match:
         - @ConditionalOnClass did not find required class 'org.springframework.security.authentication.AuthenticationManager' (OnClassCondition)

   WavefrontAutoConfiguration:
      Did not match:
         - @ConditionalOnClass did not find required class 'com.wavefront.sdk.common.application.ApplicationTags' (OnClassCondition)

   WavefrontMetricsExportAutoConfiguration:
      Did not match:
         - @ConditionalOnClass did not find required class 'com.wavefront.sdk.common.WavefrontSender' (OnClassCondition)

   WavefrontTracingAutoConfiguration:
      Did not match:
         - @ConditionalOnClass did not find required class 'com.wavefront.sdk.common.WavefrontSender' (OnClassCondition)

   WebEndpointAutoConfiguration.WebEndpointServletConfiguration:
      Did not match:
         - not a servlet web application (OnWebApplicationCondition)

   WebFluxAutoConfiguration#hiddenHttpMethodFilter:
      Did not match:
         - @ConditionalOnBooleanProperty (spring.webflux.hiddenmethod.filter.enabled=true) found different value in property 'spring.webflux.hiddenmethod.filter.enabled' (OnPropertyCondition)

   WebFluxAutoConfiguration.ProblemDetailsErrorHandlingConfiguration:
      Did not match:
         - @ConditionalOnBooleanProperty (spring.webflux.problemdetails.enabled=true) did not find property 'spring.webflux.problemdetails.enabled' (OnPropertyCondition)

   WebFluxAutoConfiguration.ResourceChainCustomizerConfiguration:
      Did not match:
         - @ConditionalOnEnabledResourceChain did not find class org.webjars.WebJarVersionLocator (OnEnabledResourceChainCondition)

   WebFluxEndpointManagementContextConfiguration#managementHealthEndpointWebFluxHandlerMapping:
      Did not match:
         - Management Port actual port type (SAME) did not match required type (DIFFERENT) (OnManagementPortCondition)

   WebMvcAutoConfiguration:
      Did not match:
         - @ConditionalOnClass did not find required class 'jakarta.servlet.Servlet' (OnClassCondition)

   WebMvcEndpointManagementContextConfiguration:
      Did not match:
         - @ConditionalOnClass did not find required class 'org.springframework.web.servlet.DispatcherServlet' (OnClassCondition)

   WebMvcObservationAutoConfiguration:
      Did not match:
         - @ConditionalOnClass did not find required class 'org.springframework.web.servlet.DispatcherServlet' (OnClassCondition)

   WebServiceTemplateAutoConfiguration:
      Did not match:
         - @ConditionalOnClass did not find required class 'org.springframework.oxm.Marshaller' (OnClassCondition)

   WebServicesAutoConfiguration:
      Did not match:
         - @ConditionalOnClass did not find required class 'org.springframework.ws.transport.http.MessageDispatcherServlet' (OnClassCondition)

   WebSocketMessagingAutoConfiguration:
      Did not match:
         - @ConditionalOnClass did not find required class 'org.springframework.web.socket.config.annotation.DelegatingWebSocketMessageBrokerConfiguration' (OnClassCondition)

   WebSocketReactiveAutoConfiguration:
      Did not match:
         - @ConditionalOnClass did not find required class 'jakarta.servlet.Servlet' (OnClassCondition)

   WebSocketServletAutoConfiguration:
      Did not match:
         - @ConditionalOnClass did not find required class 'jakarta.servlet.Servlet' (OnClassCondition)

   WritableEnvironmentEndpointAutoConfiguration:
      Did not match:
         - @ConditionalOnProperty (management.endpoint.env.post.enabled) did not find property 'management.endpoint.env.post.enabled' (OnPropertyCondition)
      Matched:
         - @ConditionalOnClass found required classes 'org.springframework.boot.actuate.env.EnvironmentEndpoint', 'org.springframework.boot.actuate.autoconfigure.env.EnvironmentEndpointProperties' (OnClassCondition)

   XADataSourceAutoConfiguration:
      Did not match:
         - @ConditionalOnClass did not find required class 'jakarta.transaction.TransactionManager' (OnClassCondition)

   ZipkinAutoConfiguration:
      Did not match:
         - @ConditionalOnClass did not find required class 'zipkin2.reporter.Encoding' (OnClassCondition)


Exclusions:
-----------

    None


Unconditional classes:
----------------------

    org.springframework.boot.autoconfigure.context.ConfigurationPropertiesAutoConfiguration

    org.springframework.cloud.client.ReactiveCommonsClientAutoConfiguration

    org.springframework.boot.actuate.autoconfigure.availability.AvailabilityHealthContributorAutoConfiguration

    org.springframework.boot.autoconfigure.ssl.SslAutoConfiguration

    org.springframework.boot.actuate.autoconfigure.info.InfoContributorAutoConfiguration

    org.springframework.cloud.client.discovery.simple.SimpleDiscoveryClientAutoConfiguration

    org.springframework.boot.autoconfigure.context.PropertyPlaceholderAutoConfiguration

    org.springframework.boot.autoconfigure.context.LifecycleAutoConfiguration

    org.springframework.cloud.client.CommonsClientAutoConfiguration

    org.springframework.boot.actuate.autoconfigure.metrics.integration.IntegrationMetricsAutoConfiguration

    org.springframework.boot.actuate.autoconfigure.endpoint.EndpointAutoConfiguration

    org.springframework.cloud.commons.config.CommonsConfigAutoConfiguration

    org.springframework.cloud.netflix.eureka.config.DiscoveryClientOptionalArgsConfiguration

    org.springframework.boot.actuate.autoconfigure.web.server.ManagementContextAutoConfiguration

    org.springframework.cloud.client.loadbalancer.LoadBalancerDefaultMappingsProviderAutoConfiguration

    org.springframework.cloud.config.client.ConfigClientAutoConfiguration

    org.springframework.cloud.client.discovery.composite.CompositeDiscoveryClientAutoConfiguration

    org.springframework.boot.actuate.autoconfigure.health.HealthContributorAutoConfiguration

    org.springframework.cloud.client.serviceregistry.ServiceRegistryAutoConfiguration

    org.springframework.cloud.autoconfigure.LifecycleMvcEndpointAutoConfiguration

    org.springframework.boot.autoconfigure.availability.ApplicationAvailabilityAutoConfiguration

    org.springframework.boot.autoconfigure.info.ProjectInfoAutoConfiguration



2026-04-30T15:20:34.040+01:00  INFO 16572 --- [gateway-service] [           main] c.m.g.GatewayServiceApplication          : Started GatewayServiceApplication in 9.847 seconds (process running for 10.406)
2026-04-30T15:20:34.041+01:00 DEBUG 16572 --- [gateway-service] [           main] o.s.b.a.ApplicationAvailabilityBean      : Application availability state LivenessState changed to CORRECT
2026-04-30T15:20:34.045+01:00 DEBUG 16572 --- [gateway-service] [           main] o.s.b.a.ApplicationAvailabilityBean      : Application availability state ReadinessState changed to ACCEPTING_TRAFFIC
2026-04-30T15:20:36.672+01:00 DEBUG 16572 --- [gateway-service] [ctor-http-nio-2] o.s.w.s.adapter.HttpWebHandlerAdapter    : [cf45195a-1] HTTP GET "/actuator/health"
2026-04-30T15:20:36.692+01:00 DEBUG 16572 --- [gateway-service] [ctor-http-nio-2] .b.a.e.w.r.WebFluxEndpointHandlerMapping : [cf45195a-1] Mapped to Actuator web endpoint 'health'
2026-04-30T15:20:36.716+01:00 DEBUG 16572 --- [gateway-service] [oundedElastic-5] .s.w.r.r.m.a.ResponseEntityResultHandler : [cf45195a-1] Using 'application/vnd.spring-boot.actuator.v3+json' given [*/*] and supported [application/vnd.spring-boot.actuator.v3+json, application/vnd.spring-boot.actuator.v2+json, application/json]
2026-04-30T15:20:36.716+01:00 DEBUG 16572 --- [gateway-service] [oundedElastic-5] .s.w.r.r.m.a.ResponseEntityResultHandler : [cf45195a-1] 0..1 [org.springframework.boot.actuate.health.SystemHealth]
2026-04-30T15:20:36.728+01:00 DEBUG 16572 --- [gateway-service] [oundedElastic-5] o.s.http.codec.json.Jackson2JsonEncoder  : [cf45195a-1] Encoding [org.springframework.boot.actuate.health.SystemHealth@50fd3346]
2026-04-30T15:20:36.741+01:00 DEBUG 16572 --- [gateway-service] [oundedElastic-5] o.s.w.s.adapter.HttpWebHandlerAdapter    : [cf45195a-1] Completed 200 OK
2026-04-30T15:20:51.933+01:00 DEBUG 16572 --- [gateway-service] [ctor-http-nio-2] o.s.w.s.adapter.HttpWebHandlerAdapter    : [cf45195a-2] HTTP POST "/api/auth/login"
2026-04-30T15:20:52.606+01:00 DEBUG 16572 --- [gateway-service] [ctor-http-nio-2] o.s.w.s.adapter.HttpWebHandlerAdapter    : [cf45195a-2] Completed 200 OK
2026-04-30T15:20:52.720+01:00 DEBUG 16572 --- [gateway-service] [ctor-http-nio-2] o.s.w.s.adapter.HttpWebHandlerAdapter    : [cf45195a-3] HTTP POST "/api/auth/register"
2026-04-30T15:20:53.118+01:00 DEBUG 16572 --- [gateway-service] [ctor-http-nio-2] o.s.w.s.adapter.HttpWebHandlerAdapter    : [cf45195a-3] Completed 201 CREATED
2026-04-30T15:20:53.144+01:00 DEBUG 16572 --- [gateway-service] [ctor-http-nio-2] o.s.w.s.adapter.HttpWebHandlerAdapter    : [cf45195a-4] HTTP POST "/api/auth/register"
2026-04-30T15:20:53.474+01:00 DEBUG 16572 --- [gateway-service] [ctor-http-nio-2] o.s.w.s.adapter.HttpWebHandlerAdapter    : [cf45195a-4] Completed 201 CREATED
2026-04-30T15:20:53.504+01:00 DEBUG 16572 --- [gateway-service] [ctor-http-nio-2] o.s.w.s.adapter.HttpWebHandlerAdapter    : [cf45195a-5] HTTP POST "/api/auth/admin/create-user"
2026-04-30T15:20:54.002+01:00 DEBUG 16572 --- [gateway-service] [ctor-http-nio-2] o.s.w.s.adapter.HttpWebHandlerAdapter    : [cf45195a-5] Completed 201 CREATED
2026-04-30T15:20:54.032+01:00 DEBUG 16572 --- [gateway-service] [ctor-http-nio-2] o.s.w.s.adapter.HttpWebHandlerAdapter    : [cf45195a-6] HTTP POST "/api/auth/admin/create-user"
2026-04-30T15:20:54.446+01:00 DEBUG 16572 --- [gateway-service] [ctor-http-nio-2] o.s.w.s.adapter.HttpWebHandlerAdapter    : [cf45195a-6] Completed 201 CREATED
2026-04-30T15:20:54.471+01:00 DEBUG 16572 --- [gateway-service] [ctor-http-nio-2] o.s.w.s.adapter.HttpWebHandlerAdapter    : [cf45195a-7] HTTP POST "/api/auth/admin/create-user"
2026-04-30T15:20:54.910+01:00 DEBUG 16572 --- [gateway-service] [ctor-http-nio-2] o.s.w.s.adapter.HttpWebHandlerAdapter    : [cf45195a-7] Completed 201 CREATED
2026-04-30T15:20:54.936+01:00 DEBUG 16572 --- [gateway-service] [ctor-http-nio-2] o.s.w.s.adapter.HttpWebHandlerAdapter    : [cf45195a-8] HTTP POST "/api/auth/admin/create-user"
2026-04-30T15:20:55.475+01:00 DEBUG 16572 --- [gateway-service] [ctor-http-nio-2] o.s.w.s.adapter.HttpWebHandlerAdapter    : [cf45195a-8] Completed 201 CREATED
2026-04-30T15:20:55.503+01:00 DEBUG 16572 --- [gateway-service] [ctor-http-nio-2] o.s.w.s.adapter.HttpWebHandlerAdapter    : [cf45195a-9] HTTP POST "/api/auth/admin/create-user"
2026-04-30T15:20:55.957+01:00 DEBUG 16572 --- [gateway-service] [ctor-http-nio-2] o.s.w.s.adapter.HttpWebHandlerAdapter    : [cf45195a-9] Completed 201 CREATED
2026-04-30T15:20:55.983+01:00 DEBUG 16572 --- [gateway-service] [ctor-http-nio-2] o.s.w.s.adapter.HttpWebHandlerAdapter    : [cf45195a-10] HTTP POST "/api/salles"
2026-04-30T15:20:56.454+01:00 DEBUG 16572 --- [gateway-service] [ctor-http-nio-2] o.s.w.s.adapter.HttpWebHandlerAdapter    : [cf45195a-10] Completed 201 CREATED
2026-04-30T15:20:56.481+01:00 DEBUG 16572 --- [gateway-service] [ctor-http-nio-2] o.s.w.s.adapter.HttpWebHandlerAdapter    : [cf45195a-11] HTTP POST "/api/salles"
2026-04-30T15:20:56.763+01:00 DEBUG 16572 --- [gateway-service] [ctor-http-nio-2] o.s.w.s.adapter.HttpWebHandlerAdapter    : [cf45195a-11] Completed 201 CREATED
2026-04-30T15:20:56.785+01:00 DEBUG 16572 --- [gateway-service] [ctor-http-nio-2] o.s.w.s.adapter.HttpWebHandlerAdapter    : [cf45195a-12] HTTP POST "/api/salles"
2026-04-30T15:20:56.894+01:00 DEBUG 16572 --- [gateway-service] [ctor-http-nio-2] o.s.w.s.adapter.HttpWebHandlerAdapter    : [cf45195a-12] Completed 409 CONFLICT
2026-04-30T15:20:56.921+01:00 DEBUG 16572 --- [gateway-service] [ctor-http-nio-2] o.s.w.s.adapter.HttpWebHandlerAdapter    : [cf45195a-13] HTTP POST "/api/soutenances"
2026-04-30T15:20:57.818+01:00 DEBUG 16572 --- [gateway-service] [ctor-http-nio-2] o.s.w.s.adapter.HttpWebHandlerAdapter    : [cf45195a-13] Completed 201 CREATED
2026-04-30T15:20:57.858+01:00 DEBUG 16572 --- [gateway-service] [ctor-http-nio-2] o.s.w.s.adapter.HttpWebHandlerAdapter    : [cf45195a-14] HTTP POST "/api/soutenances"
2026-04-30T15:20:58.392+01:00 DEBUG 16572 --- [gateway-service] [ctor-http-nio-2] o.s.w.s.adapter.HttpWebHandlerAdapter    : [cf45195a-14] Completed 409 CONFLICT
2026-04-30T15:20:58.398+01:00 DEBUG 16572 --- [gateway-service] [ctor-http-nio-2] o.s.w.s.adapter.HttpWebHandlerAdapter    : [cf45195a-15] HTTP POST "/api/membres-jury"
2026-04-30T15:20:58.656+01:00 DEBUG 16572 --- [gateway-service] [ctor-http-nio-2] o.s.w.s.adapter.HttpWebHandlerAdapter    : [cf45195a-15] Completed 201 CREATED
2026-04-30T15:20:58.681+01:00 DEBUG 16572 --- [gateway-service] [ctor-http-nio-2] o.s.w.s.adapter.HttpWebHandlerAdapter    : [cf45195a-16] HTTP POST "/api/membres-jury"
2026-04-30T15:20:58.776+01:00 DEBUG 16572 --- [gateway-service] [ctor-http-nio-2] o.s.w.s.adapter.HttpWebHandlerAdapter    : [cf45195a-16] Completed 201 CREATED
2026-04-30T15:20:58.801+01:00 DEBUG 16572 --- [gateway-service] [ctor-http-nio-2] o.s.w.s.adapter.HttpWebHandlerAdapter    : [cf45195a-17] HTTP POST "/api/membres-jury"
2026-04-30T15:20:58.923+01:00 DEBUG 16572 --- [gateway-service] [ctor-http-nio-2] o.s.w.s.adapter.HttpWebHandlerAdapter    : [cf45195a-17] Completed 201 CREATED
2026-04-30T15:20:58.949+01:00 DEBUG 16572 --- [gateway-service] [ctor-http-nio-2] o.s.w.s.adapter.HttpWebHandlerAdapter    : [cf45195a-18] HTTP POST "/api/membres-jury"
2026-04-30T15:20:59.037+01:00 DEBUG 16572 --- [gateway-service] [ctor-http-nio-2] o.s.w.s.adapter.HttpWebHandlerAdapter    : [cf45195a-18] Completed 201 CREATED
2026-04-30T15:20:59.062+01:00 DEBUG 16572 --- [gateway-service] [ctor-http-nio-2] o.s.w.s.adapter.HttpWebHandlerAdapter    : [cf45195a-19] HTTP POST "/api/affectations-jury"
2026-04-30T15:20:59.872+01:00 DEBUG 16572 --- [gateway-service] [ctor-http-nio-2] o.s.w.s.adapter.HttpWebHandlerAdapter    : [cf45195a-19] Completed 201 CREATED
2026-04-30T15:20:59.898+01:00 DEBUG 16572 --- [gateway-service] [ctor-http-nio-2] o.s.w.s.adapter.HttpWebHandlerAdapter    : [cf45195a-20] HTTP POST "/api/affectations-jury"
2026-04-30T15:21:00.566+01:00 DEBUG 16572 --- [gateway-service] [ctor-http-nio-2] o.s.w.s.adapter.HttpWebHandlerAdapter    : [cf45195a-20] Completed 201 CREATED
2026-04-30T15:21:00.591+01:00 DEBUG 16572 --- [gateway-service] [ctor-http-nio-2] o.s.w.s.adapter.HttpWebHandlerAdapter    : [cf45195a-21] HTTP POST "/api/affectations-jury"
2026-04-30T15:21:01.226+01:00 DEBUG 16572 --- [gateway-service] [ctor-http-nio-2] o.s.w.s.adapter.HttpWebHandlerAdapter    : [cf45195a-21] Completed 201 CREATED
2026-04-30T15:21:01.253+01:00 DEBUG 16572 --- [gateway-service] [ctor-http-nio-2] o.s.w.s.adapter.HttpWebHandlerAdapter    : [cf45195a-22] HTTP POST "/api/affectations-jury"
2026-04-30T15:21:01.671+01:00 DEBUG 16572 --- [gateway-service] [ctor-http-nio-2] o.s.w.s.adapter.HttpWebHandlerAdapter    : [cf45195a-22] Completed 409 CONFLICT
2026-04-30T15:21:01.678+01:00 DEBUG 16572 --- [gateway-service] [ctor-http-nio-2] o.s.w.s.adapter.HttpWebHandlerAdapter    : [cf45195a-23] HTTP POST "/api/etudiants"
2026-04-30T15:21:01.805+01:00 DEBUG 16572 --- [gateway-service] [reshExecutor-%d] o.s.web.client.RestTemplate              : HTTP GET http://localhost:8761/eureka/apps/delta
2026-04-30T15:21:01.806+01:00 DEBUG 16572 --- [gateway-service] [reshExecutor-%d] o.s.web.client.RestTemplate              : Accept=[application/json, application/*+json]
2026-04-30T15:21:01.806+01:00 DEBUG 16572 --- [gateway-service] [beatExecutor-%d] o.s.web.client.RestTemplate              : HTTP PUT http://localhost:8761/eureka/apps/GATEWAY-SERVICE/localhost:gateway-service:8089?status=UP&lastDirtyTimestamp=1777558831794
2026-04-30T15:21:01.814+01:00 DEBUG 16572 --- [gateway-service] [beatExecutor-%d] o.s.web.client.RestTemplate              : Accept=[application/json, application/*+json]
2026-04-30T15:21:01.821+01:00 DEBUG 16572 --- [gateway-service] [beatExecutor-%d] o.s.web.client.RestTemplate              : Response 200 OK
2026-04-30T15:21:01.821+01:00 DEBUG 16572 --- [gateway-service] [reshExecutor-%d] o.s.web.client.RestTemplate              : Response 200 OK
2026-04-30T15:21:01.822+01:00 DEBUG 16572 --- [gateway-service] [reshExecutor-%d] o.s.web.client.RestTemplate              : Reading to [org.springframework.cloud.netflix.eureka.http.EurekaApplications]
2026-04-30T15:21:02.123+01:00 DEBUG 16572 --- [gateway-service] [ctor-http-nio-2] o.s.w.s.adapter.HttpWebHandlerAdapter    : [cf45195a-23] Completed 201 CREATED
2026-04-30T15:21:02.152+01:00 DEBUG 16572 --- [gateway-service] [ctor-http-nio-2] o.s.w.s.adapter.HttpWebHandlerAdapter    : [cf45195a-24] HTTP POST "/api/etudiants"
2026-04-30T15:21:02.423+01:00 DEBUG 16572 --- [gateway-service] [ctor-http-nio-2] o.s.w.s.adapter.HttpWebHandlerAdapter    : [cf45195a-24] Completed 201 CREATED
2026-04-30T15:21:02.450+01:00 DEBUG 16572 --- [gateway-service] [ctor-http-nio-2] o.s.w.s.adapter.HttpWebHandlerAdapter    : [cf45195a-25] HTTP POST "/api/soutenances/etudiants/assignations"
2026-04-30T15:21:03.438+01:00 DEBUG 16572 --- [gateway-service] [ctor-http-nio-2] o.s.w.s.adapter.HttpWebHandlerAdapter    : [cf45195a-25] Completed 200 OK
2026-04-30T15:21:03.472+01:00 DEBUG 16572 --- [gateway-service] [ctor-http-nio-2] o.s.w.s.adapter.HttpWebHandlerAdapter    : [cf45195a-26] HTTP POST "/api/evaluations"
2026-04-30T15:21:04.153+01:00 DEBUG 16572 --- [gateway-service] [ctor-http-nio-2] o.s.w.s.adapter.HttpWebHandlerAdapter    : [cf45195a-26] Completed 409 CONFLICT
2026-04-30T15:21:04.167+01:00 DEBUG 16572 --- [gateway-service] [ctor-http-nio-2] o.s.w.s.adapter.HttpWebHandlerAdapter    : [cf45195a-27] HTTP POST "/api/evaluations"
2026-04-30T15:21:05.993+01:00 DEBUG 16572 --- [gateway-service] [ctor-http-nio-2] o.s.w.s.adapter.HttpWebHandlerAdapter    : [cf45195a-27] Completed 201 CREATED
2026-04-30T15:21:06.023+01:00 DEBUG 16572 --- [gateway-service] [ctor-http-nio-2] o.s.w.s.adapter.HttpWebHandlerAdapter    : [cf45195a-28] HTTP POST "/api/evaluations"
2026-04-30T15:21:07.489+01:00 DEBUG 16572 --- [gateway-service] [ctor-http-nio-2] o.s.w.s.adapter.HttpWebHandlerAdapter    : [cf45195a-28] Completed 201 CREATED
2026-04-30T15:21:07.516+01:00 DEBUG 16572 --- [gateway-service] [ctor-http-nio-2] o.s.w.s.adapter.HttpWebHandlerAdapter    : [cf45195a-29] HTTP POST "/api/evaluations"
2026-04-30T15:21:09.257+01:00 DEBUG 16572 --- [gateway-service] [ctor-http-nio-2] o.s.w.s.adapter.HttpWebHandlerAdapter    : [cf45195a-29] Completed 201 CREATED
2026-04-30T15:21:09.284+01:00 DEBUG 16572 --- [gateway-service] [ctor-http-nio-2] o.s.w.s.adapter.HttpWebHandlerAdapter    : [cf45195a-30] HTTP GET "/api/resultats/soutenances/9"
2026-04-30T15:21:09.495+01:00 DEBUG 16572 --- [gateway-service] [ctor-http-nio-2] o.s.w.s.adapter.HttpWebHandlerAdapter    : [cf45195a-30] Completed 200 OK
2026-04-30T15:21:09.525+01:00 DEBUG 16572 --- [gateway-service] [ctor-http-nio-2] o.s.w.s.adapter.HttpWebHandlerAdapter    : [cf45195a-31] HTTP GET "/api/soutenances/9/details"
2026-04-30T15:21:10.429+01:00 DEBUG 16572 --- [gateway-service] [ctor-http-nio-2] o.s.w.s.adapter.HttpWebHandlerAdapter    : [cf45195a-31] Completed 200 OK
2026-04-30T15:21:30.072+01:00 DEBUG 16572 --- [gateway-service] [ctor-http-nio-3] o.s.w.s.adapter.HttpWebHandlerAdapter    : [05117b6f-32] HTTP GET "/actuator/health"
2026-04-30T15:21:30.073+01:00 DEBUG 16572 --- [gateway-service] [ctor-http-nio-3] .b.a.e.w.r.WebFluxEndpointHandlerMapping : [05117b6f-32] Mapped to Actuator web endpoint 'health'
2026-04-30T15:21:30.076+01:00 DEBUG 16572 --- [gateway-service] [oundedElastic-2] .s.w.r.r.m.a.ResponseEntityResultHandler : [05117b6f-32] Using 'application/vnd.spring-boot.actuator.v3+json' given [*/*] and supported [application/vnd.spring-boot.actuator.v3+json, application/vnd.spring-boot.actuator.v2+json, application/json]
2026-04-30T15:21:30.076+01:00 DEBUG 16572 --- [gateway-service] [oundedElastic-2] .s.w.r.r.m.a.ResponseEntityResultHandler : [05117b6f-32] 0..1 [org.springframework.boot.actuate.health.SystemHealth]
2026-04-30T15:21:30.077+01:00 DEBUG 16572 --- [gateway-service] [oundedElastic-2] o.s.http.codec.json.Jackson2JsonEncoder  : [05117b6f-32] Encoding [org.springframework.boot.actuate.health.SystemHealth@5f2a7cd0]
2026-04-30T15:21:30.079+01:00 DEBUG 16572 --- [gateway-service] [oundedElastic-2] o.s.w.s.adapter.HttpWebHandlerAdapter    : [05117b6f-32] Completed 200 OK
2026-04-30T15:21:31.833+01:00 DEBUG 16572 --- [gateway-service] [beatExecutor-%d] o.s.web.client.RestTemplate              : HTTP PUT http://localhost:8761/eureka/apps/GATEWAY-SERVICE/localhost:gateway-service:8089?status=UP&lastDirtyTimestamp=1777558831794
2026-04-30T15:21:31.836+01:00 DEBUG 16572 --- [gateway-service] [beatExecutor-%d] o.s.web.client.RestTemplate              : Accept=[application/json, application/*+json]
2026-04-30T15:21:31.847+01:00 DEBUG 16572 --- [gateway-service] [reshExecutor-%d] o.s.web.client.RestTemplate              : HTTP GET http://localhost:8761/eureka/apps/delta
2026-04-30T15:21:31.849+01:00 DEBUG 16572 --- [gateway-service] [reshExecutor-%d] o.s.web.client.RestTemplate              : Accept=[application/json, application/*+json]
2026-04-30T15:21:31.852+01:00 DEBUG 16572 --- [gateway-service] [beatExecutor-%d] o.s.web.client.RestTemplate              : Response 200 OK
2026-04-30T15:21:31.865+01:00 DEBUG 16572 --- [gateway-service] [reshExecutor-%d] o.s.web.client.RestTemplate              : Response 200 OK
2026-04-30T15:21:31.866+01:00 DEBUG 16572 --- [gateway-service] [reshExecutor-%d] o.s.web.client.RestTemplate              : Reading to [org.springframework.cloud.netflix.eureka.http.EurekaApplications]
2026-04-30T15:22:01.854+01:00 DEBUG 16572 --- [gateway-service] [beatExecutor-%d] o.s.web.client.RestTemplate              : HTTP PUT http://localhost:8761/eureka/apps/GATEWAY-SERVICE/localhost:gateway-service:8089?status=UP&lastDirtyTimestamp=1777558831794
2026-04-30T15:22:01.858+01:00 DEBUG 16572 --- [gateway-service] [beatExecutor-%d] o.s.web.client.RestTemplate              : Accept=[application/json, application/*+json]
2026-04-30T15:22:01.872+01:00 DEBUG 16572 --- [gateway-service] [beatExecutor-%d] o.s.web.client.RestTemplate              : Response 200 OK
2026-04-30T15:22:01.885+01:00 DEBUG 16572 --- [gateway-service] [reshExecutor-%d] o.s.web.client.RestTemplate              : HTTP GET http://localhost:8761/eureka/apps/delta
2026-04-30T15:22:01.886+01:00 DEBUG 16572 --- [gateway-service] [reshExecutor-%d] o.s.web.client.RestTemplate              : Accept=[application/json, application/*+json]
2026-04-30T15:22:01.903+01:00 DEBUG 16572 --- [gateway-service] [reshExecutor-%d] o.s.web.client.RestTemplate              : Response 200 OK
2026-04-30T15:22:01.904+01:00 DEBUG 16572 --- [gateway-service] [reshExecutor-%d] o.s.web.client.RestTemplate              : Reading to [org.springframework.cloud.netflix.eureka.http.EurekaApplications]
2026-04-30T15:22:30.303+01:00 DEBUG 16572 --- [gateway-service] [ctor-http-nio-4] o.s.w.s.adapter.HttpWebHandlerAdapter    : [9840cadc-33] HTTP POST "/api/auth/login"
2026-04-30T15:22:30.609+01:00 DEBUG 16572 --- [gateway-service] [ctor-http-nio-4] o.s.w.s.adapter.HttpWebHandlerAdapter    : [9840cadc-33] Completed 200 OK
2026-04-30T15:22:30.674+01:00 DEBUG 16572 --- [gateway-service] [ctor-http-nio-4] o.s.w.s.adapter.HttpWebHandlerAdapter    : [9840cadc-34] HTTP POST "/api/auth/register"
2026-04-30T15:22:31.038+01:00 DEBUG 16572 --- [gateway-service] [ctor-http-nio-4] o.s.w.s.adapter.HttpWebHandlerAdapter    : [9840cadc-34] Completed 201 CREATED
2026-04-30T15:22:31.070+01:00 DEBUG 16572 --- [gateway-service] [ctor-http-nio-4] o.s.w.s.adapter.HttpWebHandlerAdapter    : [9840cadc-35] HTTP POST "/api/auth/register"
2026-04-30T15:22:31.412+01:00 DEBUG 16572 --- [gateway-service] [ctor-http-nio-4] o.s.w.s.adapter.HttpWebHandlerAdapter    : [9840cadc-35] Completed 201 CREATED
2026-04-30T15:22:31.437+01:00 DEBUG 16572 --- [gateway-service] [ctor-http-nio-4] o.s.w.s.adapter.HttpWebHandlerAdapter    : [9840cadc-36] HTTP POST "/api/auth/register"
2026-04-30T15:22:31.798+01:00 DEBUG 16572 --- [gateway-service] [ctor-http-nio-4] o.s.w.s.adapter.HttpWebHandlerAdapter    : [9840cadc-36] Completed 201 CREATED
2026-04-30T15:22:31.831+01:00 DEBUG 16572 --- [gateway-service] [ctor-http-nio-4] o.s.w.s.adapter.HttpWebHandlerAdapter    : [9840cadc-37] HTTP POST "/api/auth/admin/create-user"
2026-04-30T15:22:31.878+01:00 DEBUG 16572 --- [gateway-service] [beatExecutor-%d] o.s.web.client.RestTemplate              : HTTP PUT http://localhost:8761/eureka/apps/GATEWAY-SERVICE/localhost:gateway-service:8089?status=UP&lastDirtyTimestamp=1777558831794
2026-04-30T15:22:31.879+01:00 DEBUG 16572 --- [gateway-service] [beatExecutor-%d] o.s.web.client.RestTemplate              : Accept=[application/json, application/*+json]
2026-04-30T15:22:31.896+01:00 DEBUG 16572 --- [gateway-service] [beatExecutor-%d] o.s.web.client.RestTemplate              : Response 200 OK
2026-04-30T15:22:31.925+01:00 DEBUG 16572 --- [gateway-service] [reshExecutor-%d] o.s.web.client.RestTemplate              : HTTP GET http://localhost:8761/eureka/apps/delta
2026-04-30T15:22:31.925+01:00 DEBUG 16572 --- [gateway-service] [reshExecutor-%d] o.s.web.client.RestTemplate              : Accept=[application/json, application/*+json]
2026-04-30T15:22:31.942+01:00 DEBUG 16572 --- [gateway-service] [reshExecutor-%d] o.s.web.client.RestTemplate              : Response 200 OK
2026-04-30T15:22:31.943+01:00 DEBUG 16572 --- [gateway-service] [reshExecutor-%d] o.s.web.client.RestTemplate              : Reading to [org.springframework.cloud.netflix.eureka.http.EurekaApplications]
2026-04-30T15:22:32.255+01:00 DEBUG 16572 --- [gateway-service] [ctor-http-nio-4] o.s.w.s.adapter.HttpWebHandlerAdapter    : [9840cadc-37] Completed 201 CREATED
2026-04-30T15:22:32.286+01:00 DEBUG 16572 --- [gateway-service] [ctor-http-nio-4] o.s.w.s.adapter.HttpWebHandlerAdapter    : [9840cadc-38] HTTP POST "/api/auth/admin/create-user"
2026-04-30T15:22:32.752+01:00 DEBUG 16572 --- [gateway-service] [ctor-http-nio-4] o.s.w.s.adapter.HttpWebHandlerAdapter    : [9840cadc-38] Completed 201 CREATED
2026-04-30T15:22:32.769+01:00 DEBUG 16572 --- [gateway-service] [ctor-http-nio-4] o.s.w.s.adapter.HttpWebHandlerAdapter    : [9840cadc-39] HTTP POST "/api/auth/admin/create-user"
2026-04-30T15:22:33.194+01:00 DEBUG 16572 --- [gateway-service] [ctor-http-nio-4] o.s.w.s.adapter.HttpWebHandlerAdapter    : [9840cadc-39] Completed 201 CREATED
2026-04-30T15:22:33.221+01:00 DEBUG 16572 --- [gateway-service] [ctor-http-nio-4] o.s.w.s.adapter.HttpWebHandlerAdapter    : [9840cadc-40] HTTP POST "/api/auth/admin/create-user"
2026-04-30T15:22:33.650+01:00 DEBUG 16572 --- [gateway-service] [ctor-http-nio-4] o.s.w.s.adapter.HttpWebHandlerAdapter    : [9840cadc-40] Completed 201 CREATED
2026-04-30T15:22:33.681+01:00 DEBUG 16572 --- [gateway-service] [ctor-http-nio-4] o.s.w.s.adapter.HttpWebHandlerAdapter    : [9840cadc-41] HTTP POST "/api/auth/admin/create-user"
2026-04-30T15:22:34.130+01:00 DEBUG 16572 --- [gateway-service] [ctor-http-nio-4] o.s.w.s.adapter.HttpWebHandlerAdapter    : [9840cadc-41] Completed 201 CREATED
2026-04-30T15:22:34.157+01:00 DEBUG 16572 --- [gateway-service] [ctor-http-nio-4] o.s.w.s.adapter.HttpWebHandlerAdapter    : [9840cadc-42] HTTP POST "/api/auth/admin/create-user"
2026-04-30T15:22:34.626+01:00 DEBUG 16572 --- [gateway-service] [ctor-http-nio-4] o.s.w.s.adapter.HttpWebHandlerAdapter    : [9840cadc-42] Completed 201 CREATED
2026-04-30T15:22:34.650+01:00 DEBUG 16572 --- [gateway-service] [ctor-http-nio-4] o.s.w.s.adapter.HttpWebHandlerAdapter    : [9840cadc-43] HTTP POST "/api/salles"
2026-04-30T15:22:34.934+01:00 DEBUG 16572 --- [gateway-service] [ctor-http-nio-4] o.s.w.s.adapter.HttpWebHandlerAdapter    : [9840cadc-43] Completed 201 CREATED
2026-04-30T15:22:34.969+01:00 DEBUG 16572 --- [gateway-service] [ctor-http-nio-4] o.s.w.s.adapter.HttpWebHandlerAdapter    : [9840cadc-44] HTTP POST "/api/salles"
2026-04-30T15:22:35.240+01:00 DEBUG 16572 --- [gateway-service] [ctor-http-nio-4] o.s.w.s.adapter.HttpWebHandlerAdapter    : [9840cadc-44] Completed 201 CREATED
2026-04-30T15:22:35.264+01:00 DEBUG 16572 --- [gateway-service] [ctor-http-nio-4] o.s.w.s.adapter.HttpWebHandlerAdapter    : [9840cadc-45] HTTP POST "/api/soutenances"
2026-04-30T15:22:36.001+01:00 DEBUG 16572 --- [gateway-service] [ctor-http-nio-4] o.s.w.s.adapter.HttpWebHandlerAdapter    : [9840cadc-45] Completed 201 CREATED
2026-04-30T15:22:36.043+01:00 DEBUG 16572 --- [gateway-service] [ctor-http-nio-4] o.s.w.s.adapter.HttpWebHandlerAdapter    : [9840cadc-46] HTTP GET "/api/soutenances/10"
2026-04-30T15:22:36.131+01:00 DEBUG 16572 --- [gateway-service] [ctor-http-nio-4] o.s.w.s.adapter.HttpWebHandlerAdapter    : [9840cadc-46] Completed 200 OK
2026-04-30T15:22:36.159+01:00 DEBUG 16572 --- [gateway-service] [ctor-http-nio-4] o.s.w.s.adapter.HttpWebHandlerAdapter    : [9840cadc-47] HTTP PUT "/api/soutenances/10"
2026-04-30T15:22:36.916+01:00 DEBUG 16572 --- [gateway-service] [ctor-http-nio-4] o.s.w.s.adapter.HttpWebHandlerAdapter    : [9840cadc-47] Completed 200 OK
2026-04-30T15:22:36.946+01:00 DEBUG 16572 --- [gateway-service] [ctor-http-nio-4] o.s.w.s.adapter.HttpWebHandlerAdapter    : [9840cadc-48] HTTP POST "/api/soutenances"
2026-04-30T15:22:37.043+01:00 DEBUG 16572 --- [gateway-service] [ctor-http-nio-4] o.s.w.s.adapter.HttpWebHandlerAdapter    : [9840cadc-48] Completed 400 BAD_REQUEST
2026-04-30T15:22:37.059+01:00 DEBUG 16572 --- [gateway-service] [ctor-http-nio-4] o.s.w.s.adapter.HttpWebHandlerAdapter    : [9840cadc-49] HTTP POST "/api/soutenances"
2026-04-30T15:22:37.254+01:00 DEBUG 16572 --- [gateway-service] [ctor-http-nio-4] o.s.w.s.adapter.HttpWebHandlerAdapter    : [9840cadc-49] Completed 400 BAD_REQUEST
2026-04-30T15:22:37.257+01:00 DEBUG 16572 --- [gateway-service] [ctor-http-nio-4] o.s.w.s.adapter.HttpWebHandlerAdapter    : [9840cadc-50] HTTP POST "/api/soutenances"
2026-04-30T15:22:37.781+01:00 DEBUG 16572 --- [gateway-service] [ctor-http-nio-4] o.s.w.s.adapter.HttpWebHandlerAdapter    : [9840cadc-50] Completed 409 CONFLICT
2026-04-30T15:22:37.784+01:00 DEBUG 16572 --- [gateway-service] [ctor-http-nio-4] o.s.w.s.adapter.HttpWebHandlerAdapter    : [9840cadc-51] HTTP POST "/api/soutenances"
2026-04-30T15:22:38.301+01:00 DEBUG 16572 --- [gateway-service] [ctor-http-nio-4] o.s.w.s.adapter.HttpWebHandlerAdapter    : [9840cadc-51] Completed 409 CONFLICT
2026-04-30T15:22:38.304+01:00 DEBUG 16572 --- [gateway-service] [ctor-http-nio-4] o.s.w.s.adapter.HttpWebHandlerAdapter    : [9840cadc-52] HTTP POST "/api/soutenances"
2026-04-30T15:22:38.881+01:00 DEBUG 16572 --- [gateway-service] [ctor-http-nio-4] o.s.w.s.adapter.HttpWebHandlerAdapter    : [9840cadc-52] Completed 409 CONFLICT
2026-04-30T15:22:38.885+01:00 DEBUG 16572 --- [gateway-service] [ctor-http-nio-4] o.s.w.s.adapter.HttpWebHandlerAdapter    : [9840cadc-53] HTTP POST "/api/membres-jury"
2026-04-30T15:22:38.978+01:00 DEBUG 16572 --- [gateway-service] [ctor-http-nio-4] o.s.w.s.adapter.HttpWebHandlerAdapter    : [9840cadc-53] Completed 201 CREATED
2026-04-30T15:22:39.008+01:00 DEBUG 16572 --- [gateway-service] [ctor-http-nio-4] o.s.w.s.adapter.HttpWebHandlerAdapter    : [9840cadc-54] HTTP POST "/api/affectations-jury"
2026-04-30T15:22:39.665+01:00 DEBUG 16572 --- [gateway-service] [ctor-http-nio-4] o.s.w.s.adapter.HttpWebHandlerAdapter    : [9840cadc-54] Completed 201 CREATED
2026-04-30T15:22:39.695+01:00 DEBUG 16572 --- [gateway-service] [ctor-http-nio-4] o.s.w.s.adapter.HttpWebHandlerAdapter    : [9840cadc-55] HTTP POST "/api/membres-jury"
2026-04-30T15:22:39.786+01:00 DEBUG 16572 --- [gateway-service] [ctor-http-nio-4] o.s.w.s.adapter.HttpWebHandlerAdapter    : [9840cadc-55] Completed 201 CREATED
2026-04-30T15:22:39.809+01:00 DEBUG 16572 --- [gateway-service] [ctor-http-nio-4] o.s.w.s.adapter.HttpWebHandlerAdapter    : [9840cadc-56] HTTP POST "/api/affectations-jury"
2026-04-30T15:22:40.411+01:00 DEBUG 16572 --- [gateway-service] [ctor-http-nio-4] o.s.w.s.adapter.HttpWebHandlerAdapter    : [9840cadc-56] Completed 201 CREATED
2026-04-30T15:22:40.437+01:00 DEBUG 16572 --- [gateway-service] [ctor-http-nio-4] o.s.w.s.adapter.HttpWebHandlerAdapter    : [9840cadc-57] HTTP POST "/api/membres-jury"
2026-04-30T15:22:40.527+01:00 DEBUG 16572 --- [gateway-service] [ctor-http-nio-4] o.s.w.s.adapter.HttpWebHandlerAdapter    : [9840cadc-57] Completed 201 CREATED
2026-04-30T15:22:40.566+01:00 DEBUG 16572 --- [gateway-service] [ctor-http-nio-4] o.s.w.s.adapter.HttpWebHandlerAdapter    : [9840cadc-58] HTTP POST "/api/affectations-jury"
2026-04-30T15:22:41.224+01:00 DEBUG 16572 --- [gateway-service] [ctor-http-nio-4] o.s.w.s.adapter.HttpWebHandlerAdapter    : [9840cadc-58] Completed 201 CREATED
2026-04-30T15:22:41.255+01:00 DEBUG 16572 --- [gateway-service] [ctor-http-nio-4] o.s.w.s.adapter.HttpWebHandlerAdapter    : [9840cadc-59] HTTP GET "/api/affectations-jury/soutenance/10/jury-complet"
2026-04-30T15:22:41.619+01:00 DEBUG 16572 --- [gateway-service] [ctor-http-nio-4] o.s.w.s.adapter.HttpWebHandlerAdapter    : [9840cadc-59] Completed 200 OK
2026-04-30T15:22:41.643+01:00 DEBUG 16572 --- [gateway-service] [ctor-http-nio-4] o.s.w.s.adapter.HttpWebHandlerAdapter    : [9840cadc-60] HTTP POST "/api/etudiants"
2026-04-30T15:22:41.910+01:00 DEBUG 16572 --- [gateway-service] [ctor-http-nio-4] o.s.w.s.adapter.HttpWebHandlerAdapter    : [9840cadc-60] Completed 201 CREATED
2026-04-30T15:22:41.935+01:00 DEBUG 16572 --- [gateway-service] [ctor-http-nio-4] o.s.w.s.adapter.HttpWebHandlerAdapter    : [9840cadc-61] HTTP POST "/api/soutenances/etudiants/assignations"
2026-04-30T15:22:42.466+01:00 DEBUG 16572 --- [gateway-service] [ctor-http-nio-4] o.s.w.s.adapter.HttpWebHandlerAdapter    : [9840cadc-61] Completed 200 OK
2026-04-30T15:22:42.494+01:00 DEBUG 16572 --- [gateway-service] [ctor-http-nio-4] o.s.w.s.adapter.HttpWebHandlerAdapter    : [9840cadc-62] HTTP POST "/api/evaluations"
2026-04-30T15:22:44.184+01:00 DEBUG 16572 --- [gateway-service] [ctor-http-nio-4] o.s.w.s.adapter.HttpWebHandlerAdapter    : [9840cadc-62] Completed 201 CREATED
2026-04-30T15:22:44.211+01:00 DEBUG 16572 --- [gateway-service] [ctor-http-nio-4] o.s.w.s.adapter.HttpWebHandlerAdapter    : [9840cadc-63] HTTP POST "/api/evaluations"
2026-04-30T15:22:45.580+01:00 DEBUG 16572 --- [gateway-service] [ctor-http-nio-4] o.s.w.s.adapter.HttpWebHandlerAdapter    : [9840cadc-63] Completed 201 CREATED
2026-04-30T15:22:45.607+01:00 DEBUG 16572 --- [gateway-service] [ctor-http-nio-4] o.s.w.s.adapter.HttpWebHandlerAdapter    : [9840cadc-64] HTTP POST "/api/evaluations"
2026-04-30T15:22:47.338+01:00 DEBUG 16572 --- [gateway-service] [ctor-http-nio-4] o.s.w.s.adapter.HttpWebHandlerAdapter    : [9840cadc-64] Completed 201 CREATED
2026-04-30T15:22:47.363+01:00 DEBUG 16572 --- [gateway-service] [ctor-http-nio-4] o.s.w.s.adapter.HttpWebHandlerAdapter    : [9840cadc-65] HTTP GET "/api/resultats/soutenances/10"
2026-04-30T15:22:47.537+01:00 DEBUG 16572 --- [gateway-service] [ctor-http-nio-4] o.s.w.s.adapter.HttpWebHandlerAdapter    : [9840cadc-65] Completed 200 OK
2026-04-30T15:22:47.573+01:00 DEBUG 16572 --- [gateway-service] [ctor-http-nio-4] o.s.w.s.adapter.HttpWebHandlerAdapter    : [9840cadc-66] HTTP GET "/api/resultats/etudiants/9"
2026-04-30T15:22:47.818+01:00 DEBUG 16572 --- [gateway-service] [ctor-http-nio-4] o.s.w.s.adapter.HttpWebHandlerAdapter    : [9840cadc-66] Completed 200 OK
2026-04-30T15:22:47.847+01:00 DEBUG 16572 --- [gateway-service] [ctor-http-nio-4] o.s.w.s.adapter.HttpWebHandlerAdapter    : [9840cadc-67] HTTP GET "/api/soutenances/10/details"
2026-04-30T15:22:48.573+01:00 DEBUG 16572 --- [gateway-service] [ctor-http-nio-4] o.s.w.s.adapter.HttpWebHandlerAdapter    : [9840cadc-67] Completed 200 OK
2026-04-30T15:23:01.907+01:00 DEBUG 16572 --- [gateway-service] [beatExecutor-%d] o.s.web.client.RestTemplate              : HTTP PUT http://localhost:8761/eureka/apps/GATEWAY-SERVICE/localhost:gateway-service:8089?status=UP&lastDirtyTimestamp=1777558831794
2026-04-30T15:23:01.911+01:00 DEBUG 16572 --- [gateway-service] [beatExecutor-%d] o.s.web.client.RestTemplate              : Accept=[application/json, application/*+json]
2026-04-30T15:23:01.928+01:00 DEBUG 16572 --- [gateway-service] [beatExecutor-%d] o.s.web.client.RestTemplate              : Response 200 OK
2026-04-30T15:23:01.968+01:00 DEBUG 16572 --- [gateway-service] [reshExecutor-%d] o.s.web.client.RestTemplate              : HTTP GET http://localhost:8761/eureka/apps/delta
2026-04-30T15:23:01.969+01:00 DEBUG 16572 --- [gateway-service] [reshExecutor-%d] o.s.web.client.RestTemplate              : Accept=[application/json, application/*+json]
2026-04-30T15:23:01.985+01:00 DEBUG 16572 --- [gateway-service] [reshExecutor-%d] o.s.web.client.RestTemplate              : Response 200 OK
2026-04-30T15:23:01.986+01:00 DEBUG 16572 --- [gateway-service] [reshExecutor-%d] o.s.web.client.RestTemplate              : Reading to [org.springframework.cloud.netflix.eureka.http.EurekaApplications]
2026-04-30T15:23:31.944+01:00 DEBUG 16572 --- [gateway-service] [beatExecutor-%d] o.s.web.client.RestTemplate              : HTTP PUT http://localhost:8761/eureka/apps/GATEWAY-SERVICE/localhost:gateway-service:8089?status=UP&lastDirtyTimestamp=1777558831794
2026-04-30T15:23:31.946+01:00 DEBUG 16572 --- [gateway-service] [beatExecutor-%d] o.s.web.client.RestTemplate              : Accept=[application/json, application/*+json]
2026-04-30T15:23:31.963+01:00 DEBUG 16572 --- [gateway-service] [beatExecutor-%d] o.s.web.client.RestTemplate              : Response 200 OK
2026-04-30T15:23:32.008+01:00 DEBUG 16572 --- [gateway-service] [reshExecutor-%d] o.s.web.client.RestTemplate              : HTTP GET http://localhost:8761/eureka/apps/delta
2026-04-30T15:23:32.009+01:00 DEBUG 16572 --- [gateway-service] [reshExecutor-%d] o.s.web.client.RestTemplate              : Accept=[application/json, application/*+json]
2026-04-30T15:23:32.026+01:00 DEBUG 16572 --- [gateway-service] [reshExecutor-%d] o.s.web.client.RestTemplate              : Response 200 OK
2026-04-30T15:23:32.027+01:00 DEBUG 16572 --- [gateway-service] [reshExecutor-%d] o.s.web.client.RestTemplate              : Reading to [org.springframework.cloud.netflix.eureka.http.EurekaApplications]
2026-04-30T15:24:01.976+01:00 DEBUG 16572 --- [gateway-service] [beatExecutor-%d] o.s.web.client.RestTemplate              : HTTP PUT http://localhost:8761/eureka/apps/GATEWAY-SERVICE/localhost:gateway-service:8089?status=UP&lastDirtyTimestamp=1777558831794
2026-04-30T15:24:01.988+01:00 DEBUG 16572 --- [gateway-service] [beatExecutor-%d] o.s.web.client.RestTemplate              : Accept=[application/json, application/*+json]
2026-04-30T15:24:02.020+01:00 DEBUG 16572 --- [gateway-service] [beatExecutor-%d] o.s.web.client.RestTemplate              : Response 200 OK
2026-04-30T15:24:02.054+01:00 DEBUG 16572 --- [gateway-service] [reshExecutor-%d] o.s.web.client.RestTemplate              : HTTP GET http://localhost:8761/eureka/apps/delta
2026-04-30T15:24:02.055+01:00 DEBUG 16572 --- [gateway-service] [reshExecutor-%d] o.s.web.client.RestTemplate              : Accept=[application/json, application/*+json]
2026-04-30T15:24:02.072+01:00 DEBUG 16572 --- [gateway-service] [reshExecutor-%d] o.s.web.client.RestTemplate              : Response 200 OK
2026-04-30T15:24:02.073+01:00 DEBUG 16572 --- [gateway-service] [reshExecutor-%d] o.s.web.client.RestTemplate              : Reading to [org.springframework.cloud.netflix.eureka.http.EurekaApplications]
2026-04-30T15:24:32.034+01:00 DEBUG 16572 --- [gateway-service] [beatExecutor-%d] o.s.web.client.RestTemplate              : HTTP PUT http://localhost:8761/eureka/apps/GATEWAY-SERVICE/localhost:gateway-service:8089?status=UP&lastDirtyTimestamp=1777558831794
2026-04-30T15:24:32.038+01:00 DEBUG 16572 --- [gateway-service] [beatExecutor-%d] o.s.web.client.RestTemplate              : Accept=[application/json, application/*+json]
2026-04-30T15:24:32.051+01:00 DEBUG 16572 --- [gateway-service] [beatExecutor-%d] o.s.web.client.RestTemplate              : Response 200 OK
2026-04-30T15:24:32.096+01:00 DEBUG 16572 --- [gateway-service] [reshExecutor-%d] o.s.web.client.RestTemplate              : HTTP GET http://localhost:8761/eureka/apps/delta
2026-04-30T15:24:32.097+01:00 DEBUG 16572 --- [gateway-service] [reshExecutor-%d] o.s.web.client.RestTemplate              : Accept=[application/json, application/*+json]
2026-04-30T15:24:32.114+01:00 DEBUG 16572 --- [gateway-service] [reshExecutor-%d] o.s.web.client.RestTemplate              : Response 200 OK
2026-04-30T15:24:32.114+01:00 DEBUG 16572 --- [gateway-service] [reshExecutor-%d] o.s.web.client.RestTemplate              : Reading to [org.springframework.cloud.netflix.eureka.http.EurekaApplications]
2026-04-30T15:25:02.060+01:00 DEBUG 16572 --- [gateway-service] [beatExecutor-%d] o.s.web.client.RestTemplate              : HTTP PUT http://localhost:8761/eureka/apps/GATEWAY-SERVICE/localhost:gateway-service:8089?status=UP&lastDirtyTimestamp=1777558831794
2026-04-30T15:25:02.062+01:00 DEBUG 16572 --- [gateway-service] [beatExecutor-%d] o.s.web.client.RestTemplate              : Accept=[application/json, application/*+json]
2026-04-30T15:25:02.079+01:00 DEBUG 16572 --- [gateway-service] [beatExecutor-%d] o.s.web.client.RestTemplate              : Response 200 OK
2026-04-30T15:25:02.127+01:00 DEBUG 16572 --- [gateway-service] [reshExecutor-%d] o.s.web.client.RestTemplate              : HTTP GET http://localhost:8761/eureka/apps/delta
2026-04-30T15:25:02.128+01:00 DEBUG 16572 --- [gateway-service] [reshExecutor-%d] o.s.web.client.RestTemplate              : Accept=[application/json, application/*+json]
2026-04-30T15:25:02.145+01:00 DEBUG 16572 --- [gateway-service] [reshExecutor-%d] o.s.web.client.RestTemplate              : Response 200 OK
2026-04-30T15:25:02.145+01:00 DEBUG 16572 --- [gateway-service] [reshExecutor-%d] o.s.web.client.RestTemplate              : Reading to [org.springframework.cloud.netflix.eureka.http.EurekaApplications]
2026-04-30T15:25:31.591+01:00  INFO 16572 --- [gateway-service] [rap-executor-%d] c.n.d.s.r.aws.ConfigClusterResolver      : Resolving eureka endpoints via configuration
2026-04-30T15:25:32.093+01:00 DEBUG 16572 --- [gateway-service] [beatExecutor-%d] o.s.web.client.RestTemplate              : HTTP PUT http://localhost:8761/eureka/apps/GATEWAY-SERVICE/localhost:gateway-service:8089?status=UP&lastDirtyTimestamp=1777558831794
2026-04-30T15:25:32.096+01:00 DEBUG 16572 --- [gateway-service] [beatExecutor-%d] o.s.web.client.RestTemplate              : Accept=[application/json, application/*+json]
2026-04-30T15:25:32.113+01:00 DEBUG 16572 --- [gateway-service] [beatExecutor-%d] o.s.web.client.RestTemplate              : Response 200 OK
2026-04-30T15:25:32.174+01:00 DEBUG 16572 --- [gateway-service] [reshExecutor-%d] o.s.web.client.RestTemplate              : HTTP GET http://localhost:8761/eureka/apps/delta
2026-04-30T15:25:32.175+01:00 DEBUG 16572 --- [gateway-service] [reshExecutor-%d] o.s.web.client.RestTemplate              : Accept=[application/json, application/*+json]
2026-04-30T15:25:32.193+01:00 DEBUG 16572 --- [gateway-service] [reshExecutor-%d] o.s.web.client.RestTemplate              : Response 200 OK
2026-04-30T15:25:32.194+01:00 DEBUG 16572 --- [gateway-service] [reshExecutor-%d] o.s.web.client.RestTemplate              : Reading to [org.springframework.cloud.netflix.eureka.http.EurekaApplications]
2026-04-30T15:26:02.126+01:00 DEBUG 16572 --- [gateway-service] [beatExecutor-%d] o.s.web.client.RestTemplate              : HTTP PUT http://localhost:8761/eureka/apps/GATEWAY-SERVICE/localhost:gateway-service:8089?status=UP&lastDirtyTimestamp=1777558831794
2026-04-30T15:26:02.130+01:00 DEBUG 16572 --- [gateway-service] [beatExecutor-%d] o.s.web.client.RestTemplate              : Accept=[application/json, application/*+json]
2026-04-30T15:26:02.144+01:00 DEBUG 16572 --- [gateway-service] [beatExecutor-%d] o.s.web.client.RestTemplate              : Response 200 OK
2026-04-30T15:26:02.219+01:00 DEBUG 16572 --- [gateway-service] [reshExecutor-%d] o.s.web.client.RestTemplate              : HTTP GET http://localhost:8761/eureka/apps/delta
2026-04-30T15:26:02.220+01:00 DEBUG 16572 --- [gateway-service] [reshExecutor-%d] o.s.web.client.RestTemplate              : Accept=[application/json, application/*+json]
2026-04-30T15:26:02.236+01:00 DEBUG 16572 --- [gateway-service] [reshExecutor-%d] o.s.web.client.RestTemplate              : Response 200 OK
2026-04-30T15:26:02.236+01:00 DEBUG 16572 --- [gateway-service] [reshExecutor-%d] o.s.web.client.RestTemplate              : Reading to [org.springframework.cloud.netflix.eureka.http.EurekaApplications]
2026-04-30T15:26:32.149+01:00 DEBUG 16572 --- [gateway-service] [beatExecutor-%d] o.s.web.client.RestTemplate              : HTTP PUT http://localhost:8761/eureka/apps/GATEWAY-SERVICE/localhost:gateway-service:8089?status=UP&lastDirtyTimestamp=1777558831794
2026-04-30T15:26:32.152+01:00 DEBUG 16572 --- [gateway-service] [beatExecutor-%d] o.s.web.client.RestTemplate              : Accept=[application/json, application/*+json]
2026-04-30T15:26:32.167+01:00 DEBUG 16572 --- [gateway-service] [beatExecutor-%d] o.s.web.client.RestTemplate              : Response 200 OK
2026-04-30T15:26:32.256+01:00 DEBUG 16572 --- [gateway-service] [reshExecutor-%d] o.s.web.client.RestTemplate              : HTTP GET http://localhost:8761/eureka/apps/delta
2026-04-30T15:26:32.256+01:00 DEBUG 16572 --- [gateway-service] [reshExecutor-%d] o.s.web.client.RestTemplate              : Accept=[application/json, application/*+json]
2026-04-30T15:26:32.274+01:00 DEBUG 16572 --- [gateway-service] [reshExecutor-%d] o.s.web.client.RestTemplate              : Response 200 OK
2026-04-30T15:26:32.275+01:00 DEBUG 16572 --- [gateway-service] [reshExecutor-%d] o.s.web.client.RestTemplate              : Reading to [org.springframework.cloud.netflix.eureka.http.EurekaApplications]
2026-04-30T15:27:02.183+01:00 DEBUG 16572 --- [gateway-service] [beatExecutor-%d] o.s.web.client.RestTemplate              : HTTP PUT http://localhost:8761/eureka/apps/GATEWAY-SERVICE/localhost:gateway-service:8089?status=UP&lastDirtyTimestamp=1777558831794
2026-04-30T15:27:02.187+01:00 DEBUG 16572 --- [gateway-service] [beatExecutor-%d] o.s.web.client.RestTemplate              : Accept=[application/json, application/*+json]
2026-04-30T15:27:02.202+01:00 DEBUG 16572 --- [gateway-service] [beatExecutor-%d] o.s.web.client.RestTemplate              : Response 200 OK
2026-04-30T15:27:02.293+01:00 DEBUG 16572 --- [gateway-service] [reshExecutor-%d] o.s.web.client.RestTemplate              : HTTP GET http://localhost:8761/eureka/apps/delta
2026-04-30T15:27:02.295+01:00 DEBUG 16572 --- [gateway-service] [reshExecutor-%d] o.s.web.client.RestTemplate              : Accept=[application/json, application/*+json]
2026-04-30T15:27:02.311+01:00 DEBUG 16572 --- [gateway-service] [reshExecutor-%d] o.s.web.client.RestTemplate              : Response 200 OK
2026-04-30T15:27:02.312+01:00 DEBUG 16572 --- [gateway-service] [reshExecutor-%d] o.s.web.client.RestTemplate              : Reading to [org.springframework.cloud.netflix.eureka.http.EurekaApplications]
2026-04-30T15:27:32.218+01:00 DEBUG 16572 --- [gateway-service] [beatExecutor-%d] o.s.web.client.RestTemplate              : HTTP PUT http://localhost:8761/eureka/apps/GATEWAY-SERVICE/localhost:gateway-service:8089?status=UP&lastDirtyTimestamp=1777558831794
2026-04-30T15:27:32.222+01:00 DEBUG 16572 --- [gateway-service] [beatExecutor-%d] o.s.web.client.RestTemplate              : Accept=[application/json, application/*+json]
2026-04-30T15:27:32.237+01:00 DEBUG 16572 --- [gateway-service] [beatExecutor-%d] o.s.web.client.RestTemplate              : Response 200 OK
2026-04-30T15:27:32.326+01:00 DEBUG 16572 --- [gateway-service] [reshExecutor-%d] o.s.web.client.RestTemplate              : HTTP GET http://localhost:8761/eureka/apps/delta
2026-04-30T15:27:32.328+01:00 DEBUG 16572 --- [gateway-service] [reshExecutor-%d] o.s.web.client.RestTemplate              : Accept=[application/json, application/*+json]
2026-04-30T15:27:32.346+01:00 DEBUG 16572 --- [gateway-service] [reshExecutor-%d] o.s.web.client.RestTemplate              : Response 200 OK
2026-04-30T15:27:32.347+01:00 DEBUG 16572 --- [gateway-service] [reshExecutor-%d] o.s.web.client.RestTemplate              : Reading to [org.springframework.cloud.netflix.eureka.http.EurekaApplications]
